DepartmentKey,Address,City,County,DepartmentName,DepartmentSpecialty,DepartmentType,PostalCode,CensusTract
1,1500 SW 10th ST,TOPEKA,*Unspecified,INITIAL DEPT,*Unspecified,,66604,20177003603.0
2,1979 Milky Way,VERONA,*Unspecified,EHS UM DEPT,*Unspecified,,53593,55025012700.0
3,1979 Milky Way,VERONA,*Unspecified,EHS CM DEPT,*Unspecified,,53593,55025012700.0
4,1979 Milky Way,VERONA,*Unspecified,EHS CLAIMS DEPT,*Unspecified,,53593,55025012700.0
5,1979 Milky Way,VERONA,*Unspecified,EHS PROVIDER DEPT,*Unspecified,,53593,55025012700.0
6,1979 Milky Way,VERONA,*Unspecified,EHS ENROLLMENT DEPT,*Unspecified,,53593,55025012700.0
7,1979 Milky Way,VERONA,*Unspecified,EHS PREMIUM BILL DEPT,*Unspecified,,53593,55025012700.0
8,1979 Milky Way,VERONA,*Unspecified,EHS CALL CENTER,Central Scheduling,,53593,55025012700.0
9,1979 Milky Way,VERONA,*Unspecified,EHS CUSTOMER SRV DEPT,*Unspecified,,53593,55025012700.0
10,1979 Milky Way,VERONA,*Unspecified,EHS CAPITATION DEPT,*Unspecified,,53593,55025012700.0
11,1979 Milky Way,VERONA,*Unspecified,EHS INTERPRETER SCHED,*Unspecified,,53593,55025012700.0
12,1979 Milky Way,VERONA,*Unspecified,EHS RESEARCH SUPPORT,*Unspecified,,53593,55025012700.0
13,1979 Milky Way,VERONA,*Unspecified,EHS EX INT REF LAB,*Unspecified,,53593,55025012700.0
14,1979 Milky Way,VERONA,*Unspecified,EHS EX NON-INT REF LAB,*Unspecified,,53593,55025012700.0
15,1979 Milky Way,VERONA,*Unspecified,EHS ROI DEPT,*Unspecified,,53593,55025012700.0
16,1979 Milky Way,VERONA,*Unspecified,EHS HOME HEALTH DEPT,Home Health Services,,53593,55025012700.0
17,1979 Milky Way,VERONA,*Unspecified,EHS HH HOSPICE,Hospice Services,,53593,55025012700.0
18,1979 Milky Way,VERONA,*Unspecified,EHS REFERENCE LAB,*Unspecified,,53593,55025012700.0
19,1979 Milky Way,VERONA,*Unspecified,EHS PUBLIC HEALTH LAB,*Unspecified,,53593,55025012700.0
20,1500 SW 10th Ave,Topeka,SHAWNEE,EMERGENCY DEPARTMENT,Emergency Medicine,ED,66604,20177003603.0
21,1500 SW 10th Ave,Topeka,SHAWNEE,CVOPC,*Unspecified,,66604,20177003603.0
22,1500 SW 10th Ave,Topeka,SHAWNEE,CRITICAL CARE-2SOUTH,*Unspecified,ICU,66604,20177003603.0
23,1500 SW 10th Ave,Topeka,SHAWNEE,CRITICAL CARE-PAVILION,Critical Care Medicine,ICU,66604,20177003603.0
24,1500 SW 10th Ave,Topeka,SHAWNEE,NIC,Neonatology,ICU,66604,20177003603.0
25,1500 SW 10th Ave,Topeka,SHAWNEE,JOINT CENTER,*Unspecified,,66604,20177003603.0
26,1500 SW 10th Ave,Topeka,SHAWNEE,SPINE CENTER,*Unspecified,,66604,20177003603.0
27,1500 SW 10th Ave,Topeka,SHAWNEE,BIRTHPLACE,Obstetrics,L&D,66604,20177003603.0
28,1500 SW 10th Ave,Topeka,SHAWNEE,POST-SURGICAL-4WEST,*Unspecified,,66604,20177003603.0
29,1500 SW 10th Ave,Topeka,SHAWNEE,NURSERY,*Unspecified,L&D,66604,20177003603.0
30,1500 SW 10th Ave,Topeka,SHAWNEE,PEDIATRICS,Pediatrics,HOD,66604,20177003603.0
31,1500 SW 10th Ave,Topeka,SHAWNEE,PICU,*Unspecified,ICU,66604,20177003603.0
32,1500 SW 10th Ave,Topeka,SHAWNEE,YOUNG ADULT CENTER,*Unspecified,,66604,20177003603.0
33,1500 SW 10th Ave,Topeka,SHAWNEE,5 NORTH,*Unspecified,,66604,20177003603.0
34,1500 SW 10th Ave,Topeka,SHAWNEE,6 NORTH,*Unspecified,,66604,20177003603.0
35,1500 SW 10th Ave 340B00935100SV,Topeka,SHAWNEE,GERIPSYCH-6EAST,*Unspecified,,66604,20177003603.0
36,1500 SW 10th Ave 340B00935100SV,Topeka,SHAWNEE,GERO-PSYCH-6WEST,*Unspecified,,66604,20177003603.0
37,1500 SW 10th Ave,Topeka,SHAWNEE,POST-SURGICAL-7 SOUTH,*Unspecified,,66604,20177003603.0
38,1500 SW 10th Ave,Topeka,SHAWNEE,7 NORTH,*Unspecified,,66604,20177003603.0
39,1500 SW 10th Ave 340B00935100SV,Topeka,SHAWNEE,OP OBSERV UNIT,*Unspecified,,66604,20177003603.0
40,1500 SW 10th Ave,Topeka,SHAWNEE,3 PAVILION,*Unspecified,,66604,20177003603.0
41,1500 SW 10th Ave,Topeka,SHAWNEE,4 PAVILION,Hematology and Oncology,,66604,20177003603.0
42,3707 SW 6th Ave,Topeka,SHAWNEE,SVW-ADULT,*Unspecified,,66606,20177000500.0
43,3707 SW 6th Ave,Topeka,SHAWNEE,SVW-CHILD/ADOLESCENT,*Unspecified,,66606,20177000500.0
44,1500 SW 10th Ave,Topeka,SHAWNEE,ENDOSCOPY,Gastroenterology,HOD,66604,20177003603.0
45,823 SW Mulvane Ste 101,Topeka,SHAWNEE,PAIN CLINIC,Pain Medicine,HOD,66606,20177000500.0
46,1500 SW 10TH AVE,TOPEKA,SHAWNEE,CENTRAL PHARMACY,Pharmacy,,66604,20177003603.0
47,1414 SW 8th Ave,TOPEKA,SHAWNEE,CO CANCER PHARMACY,Pharmacy,,66606,20177000500.0
48,1500 SW 10th Ave,Topeka,SHAWNEE,PRE-POST,*Unspecified,OR,66604,20177003603.0
49,1500 SW 10th Ave,Topeka,SHAWNEE,PACU,*Unspecified,OR,66604,20177003603.0
50,1500 SW 10th Ave,Topeka,SHAWNEE,BREASTFEEDING CENTER,*Unspecified,HOD,66606,20177000500.0
51,929 SW Mulvane,Topeka,SHAWNEE,CARDIAC REHAB HC,Cardiac Rehabilitation,HOD,66606,20177000500.0
52,929 SW Mulvane,Topeka,SHAWNEE,SV HEART CENTER CARDIAC ULTRASOUND,Radiology,HOD,66606,20177000500.0
53,,Topeka,SHAWNEE,CARDIOVASCULAR SERV,*Unspecified,HOD,,
54,1500 SW 10th Ave,Topeka,SHAWNEE,CT SCAN,Radiology,HOD,66604,20177003603.0
55,,Topeka,SHAWNEE,ECT,*Unspecified,HOD,,
56,,Topeka,SHAWNEE,JUV RHEUM ARTH CLINIC,Rheumatology,,,
57,1500 SW 10th Ave,TOPEKA,SHAWNEE,LABORATORY,Lab,Normal,66606,20177000500.0
58,1500 SW 10th Ave,Topeka,SHAWNEE,MRI,Radiology,HOD,66604,20177003603.0
59,,Topeka,SHAWNEE,MULTIPLE TESTS,*Unspecified,HOD,,
60,,Topeka,SHAWNEE,NICU DEV PROG CLINIC,*Unspecified,HOD,,
61,,Topeka,SHAWNEE,NICU FOLLOW UP CLINIC,Neonatology,,,
62,929 SW Mulvane St,Topeka,SHAWNEE,SV HEART CENTER NUCLEAR CARDIOLOGY,Radiology,HOD,66606,20177000500.0
63,1500 SW 10th Ave,TOPEKA,SHAWNEE,NUCLEAR MEDICINE,Radiology,HOD,66604,20177003603.0
64,,Topeka,SHAWNEE,OSTOMY,*Unspecified,HOD,,
65,,Topeka,SHAWNEE,PARKINSONS CLINIC,*Unspecified,HOD,,
66,3707 SW 6th Ave,TOPEKA,SHAWNEE,PARTIAL DAY PSYCH,Psychiatry,HOD,66606,20177000500.0
67,1500 SW 10th Ave 340B00935100SV,Topeka,SHAWNEE,PHYSICAL MEDICINE,Physical Medicine and Rehabilitation,HOD,,
68,1500 SW 10th Ave,TOPEKA,SHAWNEE,PRE-ADMISSION TESTING,Pre-Admission Testing,OR,66604,20177003603.0
69,1500 SW 10th Ave,TOPEKA,SHAWNEE,PULMONARY LAB,Pulmonology,HOD,66604,20177003603.0
70,1500 SW 10th Ave,Topeka,SHAWNEE,RADIOLOGY,Radiology,HOD,66606,20177000500.0
71,1500 SW 10th Ave 340B00935100SV,Topeka,SHAWNEE,SR PARTIAL HOSP PROG,*Unspecified,HOD,,
72,920 SW Washburn Ave 340B00935100SV,Topeka,SHAWNEE,SLEEP LAB,*Unspecified,HOD,,
73,1615 SW 8th Avenue,Topeka,SHAWNEE,SLEEP CENTER,Sleep Medicine,HOD,66606,20177000500.0
74,1500 SW 10th Ave,Topeka,SHAWNEE,ULTRASOUND,Radiology,HOD,66604,20177003603.0
75,1500 SW 10th Street,Topeka,SHAWNEE,WOUND CARE CENTER,Wound Care,,66604,20177003603.0
76,1500 SW 10th Ave,Topeka,SHAWNEE,SURGERY,*Unspecified,OR,66606,20177000500.0
77,,Topeka,SHAWNEE,OPL CRIT CARE-2 SOUTH,*Unspecified,HOD,,
78,,Topeka,SHAWNEE,OPL JOINT CENTER-3EAST,*Unspecified,HOD,,
79,,Topeka,SHAWNEE,OPL 5 EAST (PEDS),*Unspecified,HOD,,
80,,Topeka,SHAWNEE,OPL 5 NORTH,*Unspecified,HOD,,
81,,Topeka,SHAWNEE,OPL 6 NORTH,*Unspecified,HOD,,
82,,Topeka,SHAWNEE,OPL GERO-PSYCH-6WEST,*Unspecified,HOD,,
83,,Topeka,SHAWNEE,OPL POST-SURG-7 WEST,*Unspecified,HOD,,
84,,Topeka,SHAWNEE,OPL 7 NORTH,*Unspecified,HOD,,
85,,Topeka,SHAWNEE,OPL BIRTHPLACE,*Unspecified,L&D,,
86,,Topeka,SHAWNEE,OPL CVOPC,*Unspecified,HOD,,
87,,Topeka,SHAWNEE,OPL PICU,*Unspecified,HOD,,
88,2660 SW 3rd Street Suite 002,Topeka,SHAWNEE,SDS,*Unspecified,OR,66606,20177000500.0
89,1500 SW 10th Ave,Topeka,SHAWNEE,CATH LAB,Radiology,HOD,66606,20177000500.0
90,1500 SW 10th AVE,Topeka,SHAWNEE,EP LAB,Radiology,HOD,66606,20177000500.0
91,1500 SW 10th Ave,Topeka,SHAWNEE,INTERVENTIONAL RADIOLOGY,Radiology,HOD,66604,20177003603.0
92,1500 SW 10th Ave,Topeka,SHAWNEE,CARDIOVASCULAR ULTRASOUND,Radiology,HOD,66604,20177003603.0
93,,,*Unspecified,CHAPLAIN,*Unspecified,,,
94,,,*Unspecified,CLINICAL PERFORMANCE IMPROVEMENT,*Unspecified,,,
95,,,*Unspecified,CLINICAL RESEARCH,*Unspecified,,,
96,1500 SW 10th AVE 340B00935100SV,,*Unspecified,DIABETES MANAGEMENT,*Unspecified,,,
97,1500 SW 10th Ave,Topeka,*Unspecified,STORMONT-VAIL HOSPITAL,*Unspecified,,66604,20177003603.0
98,1500 SW 10th Ave,TOPEKA,SHAWNEE,INFECTION CONTROL,*Unspecified,,66604,20177003603.0
99,,,*Unspecified,INFORMATION SYSTEMS,*Unspecified,,,
100,1500 SW 10 Ave,,*Unspecified,IV THERAPY,*Unspecified,HOD,,
101,,,*Unspecified,NUTRITIONAL SERVICES,Nutrition,,,
102,,,*Unspecified,PALLIATIVE MEDICINE,*Unspecified,,,
103,,,*Unspecified,PFS SCHEDULING,*Unspecified,,,
104,1500 SW 10th Ave,,*Unspecified,RESPIRATORY SERVICES,Respiratory Therapy,,,
105,,,*Unspecified,SOCIAL SERVICES,Case Management,,,
106,,,*Unspecified,CASE MANAGEMENT,Case Management,,,
107,1500 SW 10th Ave,Topeka,SHAWNEE,ACUTE CARE PT,Physical Therapy,HOD,66604,20177003603.0
108,1500 SW 10th Ave,Topeka,SHAWNEE,ACUTE CARE OT,Occupational Therapy,HOD,66604,20177003603.0
109,1500 SW 10th Ave,Topeka,SHAWNEE,ACUTE CARE SLP,Speech Therapy,HOD,66604,20177003603.0
110,1500 SW 10th Ave,Topeka,SHAWNEE,STRESS TEST,*Unspecified,HOD,66604,20177003603.0
111,1500 SW 10th Ave,Topeka,SHAWNEE,WOMEN'S CENTER,*Unspecified,HOD,66604,20177003603.0
112,1500 SW 10th Ave 340B00935100SV,Topeka,SHAWNEE,INFUSION CENTER SERIES,*Unspecified,HOD,66604,20177003603.0
113,1500 SW 10th Ave,Topeka,SHAWNEE,NEUROLOGY,Neurology,HOD,66604,20177003603.0
114,1500 SW 10th Ave,Topeka,SHAWNEE,CENTRAL SUPPLY,*Unspecified,,66604,20177003603.0
115,1500 SW 10th Ave,Topeka,SHAWNEE,PSYCH ASSESSMENT,*Unspecified,HOD,66604,20177003603.0
116,"909 Mulvane St Lower Level, Infusion Center",Topeka,SHAWNEE,ENTEROSTOMAL THERAPY,*Unspecified,HOD,66604,20177003603.0
117,,CARBONDALE,OSAGE,CARBONDALE OT,*Unspecified,HOD,66414,20139010100.0
118,- 340B00935100SV,,*Unspecified,ST OUTPATIENT CTR,*Unspecified,,,
119,1500 SW 10th Ave,Topeka,*Unspecified,HEALTH INFO MGM,*Unspecified,,66604,20177003603.0
120,1500 SW 10th Ave,Topeka,SHAWNEE,PROCEDURE RADIOLOGY,*Unspecified,,66604,20177003603.0
121,1500 SW 10th Ave,Topeka,SHAWNEE,PERIOP SERVICES,*Unspecified,OR,66604,20177003603.0
122,1500 SW 10th Ave,Topeka,SHAWNEE,ANESTHESIA,Anesthesiology,,66604,20177003603.0
123,1500 SW 10th Ave,Topeka,SHAWNEE,PREREGISTRATION - HSD,Central Scheduling,,66604,20177003603.0
124,1500 SW 10th Ave,Topeka,SHAWNEE,MAIN REGISTRATION,*Unspecified,,66604,20177003603.0
125,920 SW Lane St Ste 200,Topeka,SHAWNEE,EXCELLENT PRE-POST,Otolaryngology,OR,66606,20177000500.0
126,920 SW Lane St Ste 200,TOPEKA,SHAWNEE,EXCELLENT OR,Otolaryngology,OR,66606,20177000500.0
127,1500 SW 10th Ave,Topeka,SHAWNEE,EP HEART CENTER,*Unspecified,,66606,20177000500.0
128,1500 SW 10th Ave,Topeka,SHAWNEE,MF ULTRASOUND,Radiology,HOD,66606,20177000500.0
129,1500 SW 10th Ave,Topeka,SHAWNEE,BIRTHPLACE PROCEDURES,Obstetrics,HOD,66606,20177000500.0
130,1500 SW 10th Ave,Topeka,SHAWNEE,PFS BILLING OFFICE,*Unspecified,,66606,20177000500.0
131,1500 SW 10th Ave,Topeka,SHAWNEE,INTERMEDIATE CARE,*Unspecified,,66604,20177003603.0
132,1500 SW 10th Ave,Topeka,SHAWNEE,FLEMING OUTPATIENT THERAPY,Physical Therapy,HOD,66604,20177003603.0
133,1500 SW 10th Ave,Topeka,SHAWNEE,CKF DEPARTMENT,Emergency Medicine,,66604,20177003603.0
134,1501 SW 10th Ave,Topeka,SHAWNEE,ANESTHESIA PAIN CLINIC,Pain Medicine,HOD,66604,20177003603.0
135,1500 SW 10th Ave 340B00935100SV,Topeka,SHAWNEE,TRAUMA CRITICAL CARE,*Unspecified,ICU,66604,20177003603.0
136,1500 SW 10th Ave,TOPEKA,SHAWNEE,SV LAB - BLOOD BANK,*Unspecified,,,
137,,,*Unspecified,SV LAB - BLOOD PROCESSING,*Unspecified,,,
138,,,*Unspecified,SV LAB - HEMATOLOGY,*Unspecified,,,
139,,,*Unspecified,SV LAB - IMMUNOCHEMISTRY,*Unspecified,,,
140,,,*Unspecified,SV LAB - MICROBIOLOGY,*Unspecified,,,
141,1500 SW 10th Ave,TOPEKA,SHAWNEE,SV LABCORP DEPARTMENT,*Unspecified,,,
142,1500 SW 10th Ave,TOPEKA,SHAWNEE,SV LAB REFERENCE LAB,*Unspecified,,,
143,1500 SW 10th Ave,TOPEKA,SHAWNEE,SV MAYO DEPT,*Unspecified,,,
144,1500 SW 10th Ave,TOPEKA,SHAWNEE,SV MAYO SUPERIOR SHELL,*Unspecified,,,
145,1500 SW 10th Ave,TOPEKA,SHAWNEE,SV MAYO JACKSONVILLE SHELL,*Unspecified,,,
146,1500 SW 10th Ave,TOPEKA,SHAWNEE,SV MAYO NEW ENGLAND SHELL,*Unspecified,,,
147,2260 SW 3rd Street Suite 002,Topeka,SHAWNEE,SV SDS X-RAY,Radiology,HOD,66606,20177000500.0
148,1414 SW 8th Ave,Topeka,SHAWNEE,CO CANCER CENTER,Oncology,HOD,66606,20177000500.0
149,1414 SW 8th,TOPEKA,*Unspecified,CANCER CENTER XRAY,Radiology,,66606,20177000500.0
150,1414 SW 8th,TOPEKA,*Unspecified,CANCER CENTER LAB,Lab,,66606,20177000500.0
151,1414 SW 8th Ave,Topeka,SHAWNEE,RADIATION THERAPY,Radiation Therapy,HOD,66606,20177000500.0
152,1414 SW 8th Ave,Topeka,SHAWNEE,CANCER CENTER PET/CT,Radiology,HOD,66606,20177000500.0
153,1500 SW 10th Ave 340B00935100SV,Topeka,SHAWNEE,CHEMOTHERAPY/INFUSION,*Unspecified,HOD,66604,20177003603.0
154,731 SW Mulvane St,Topeka,SHAWNEE,SV IMAGING CENTER,Radiology,HOD,66604,20177003603.0
155,901 SW Garfield Ave,Topeka,SHAWNEE,CANCER CENTER,*Unspecified,HOD,66606,20177000500.0
156,,Topeka,SHAWNEE,MRI CENTER,*Unspecified,HOD,,
157,1414 SW 8th Ave,Topeka,*Unspecified,CC HEMATOLOGY ONCOLOGY,Hematology and Oncology,,66606,20177000500.0
158,920 SW Lane St,Topeka,*Unspecified,EXCELLENT SURGERY,*Unspecified,,66606,20177000500.0
159,920 SW Lane St 340B00935100SV,Topeka,SHAWNEE,EXCELLENT SURG OP,*Unspecified,,66606,20177000500.0
160,1414 SW 8th Ave 340B00935100SV,Topeka,*Unspecified,CC CHEMOTHERAPY INFUSION,Hematology and Oncology,,66606,20177000500.0
161,,,*Unspecified,CC ONCOLOGY PHARMACY,*Unspecified,,,
162,1414 SW 8th Ave,Topeka,SHAWNEE,CO CANCER RADIATION,Radiation Oncology,,66606-1535,
163,1414 SW 8th Ave,TOPEKA,SHAWNEE,ONC PALLIATIVE MED,Palliative Medicine,,66606,20177000500.0
164,823 SW Mulvane St  Ste 275,Topeka,SHAWNEE,UROLOGY CLINIC,*Unspecified,HOD,66606,20177000500.0
165,1414 SW 8th Ave,Topeka,SHAWNEE,INFUSION CENTER,Infusion Therapy,HOD,66606,20177000500.0
166,901 SW Garfield Ave,Topeka,SHAWNEE,TREATMENT ROOM,*Unspecified,HOD,66606,20177000500.0
167,211 East Main St,CARBONDALE,OSAGE,ZZCARB OUTPATIENT THERAPY,Physical Therapy,HOD,66414,20139010100.0
168,211 East Main St,CARBONDALE,OSAGE,CARBONDALE ORTHOPEDICS,Orthopedic Surgery,,66414,20139010100.0
169,211 East Main St,CARBONDALE,OSAGE,CARBONDALE ULTRASOUND,Radiology,,66414,20139010100.0
170,211 East Main St,CARBONDALE,OSAGE,CARBONDALE X-RAY,Radiology,,66414,20139010100.0
171,211 East Main St,CARBONDALE,OSAGE,CARBONDALE LAB,Lab,,66414,20139010100.0
172,211 East Main St,CARBONDALE,OSAGE,CARBONDALE CLINIC,Family Medicine,,66414,20139010100.0
173,211 East Main St,CARBONDALE,OSAGE,CARBONDALE LAB EMP IH,Lab,,66414,20139010100.0
174,211 East Main St,CARBONDALE,OSAGE,CARBONDALE OUTPATIENT THERAPY,Physical Therapy,,66414,20139010100.0
175,,Topeka,SHAWNEE,CO CLINIC,*Unspecified,,,
176,901 SW Garfield Ave,Topeka,SHAWNEE,MAIN CAMPUS GENERAL LAB,Lab,,66606,20177000500.0
177,901 SW Garfield Ave,Topeka,SHAWNEE,MAIN CAMPUS X-RAY,Radiology,,66606,20177000500.0
178,901 SW Garfield Ave,Topeka,SHAWNEE,MAIN CAMPUS ULTRASOUND,Radiology,,66606,20177000500.0
179,901 SW Garfield Ave,Topeka,SHAWNEE,MAIN CAMPUS NEUROLAB,Lab,,66606,20177000500.0
180,901 SW Garfield Ave,Topeka,SHAWNEE,MAIN CAMPUS PULMONARY,Pulmonology,,66606,20177000500.0
181,1500 SW 10th Ave,Topeka,SHAWNEE,MAIN CAMPUS NUCLEAR MEDICINE,Nuclear Medicine,,66604,20177003603.0
182,901 SW Garfield Ave,Topeka,SHAWNEE,MAIN CAMPUS RADIOLOGY,Radiology,,66606,20177000500.0
183,1500 SW 10th Ave,Topeka,SHAWNEE,MAIN CAMPUS HEALTH CONNECT,*Unspecified,,66606,20177000500.0
184,800 SW Lincoln St,Topeka,SHAWNEE,MAIN CAMPUS LINCOLN CENTER LAB,Lab,,66606,20177000500.0
185,2800 SW Urish Rd,Topeka,SHAWNEE,MAIN CAMPUS LINCOLN CNTR WEST LAB,Lab,,66614,20177003603.0
186,901 SW Garfield,Topeka,SHAWNEE,MAIN CAMPUS OP LAB,Lab,,66606,20177000500.0
187,1500 SW 10th Ave 1st Floor North Tower,Topeka,SHAWNEE,MAIN CAMPUS LAB EMP IH,Lab,,66604,20177003603.0
188,,,*Unspecified,SV BLOODBANK DEPT,*Unspecified,,,
189,,,*Unspecified,SV MAYO DEPT,*Unspecified,,,
190,701 Missouri Ave,Alma,WABAUNSEE,ALMA CLINIC,Family Medicine,,66419,20087020200.0
191,701 Missouri Ave,Alma,WABAUNSEE,ALMA X-RAY,*Unspecified,,66419,20087020200.0
192,701 Missouri Ave,Alma,WABAUNSEE,ALMA LAB,Lab,,66419,20087020200.0
193,2909 SE Walnut Dr,Topeka,SHAWNEE,CROCO CLINIC,Internal Medicine,,66605,20177003001.0
194,2909 SE Walnut Dr,Topeka,SHAWNEE,CROCO XRAY,Radiology,,66605,20177003001.0
195,2909 SE Walnut Dr,Topeka,SHAWNEE,CROCO EXPRESS CARE,Urgent Care,Normal,66605,20177003001.0
196,2909 SE Walnut Dr,Topeka,SHAWNEE,CROCO LAB,Lab,,66605-2189,
197,2909 SE Walnut Dr,Topeka,SHAWNEE,CROCO EXPRESS LAB,Lab,,66605-2189,
198,2909 SE Walnut Dr,Topeka,SHAWNEE,CROCO LAB EMP IH,Lab,,66605-2189,
199,720 SW Lane St,Topeka,SHAWNEE,DHC GASTROENTEROLOGY,Gastroenterology,,66606,20177000500.0
200,720 SW Lane St,Topeka,SHAWNEE,DHC AMBULATORY SURGICAL CENTER,Gastroenterology,HOD,66606,20177000500.0
201,720 SW Lane St,Topeka,SHAWNEE,DHC LAB,Lab,,66606,20177000500.0
202,720 SW Lane St,Topeka,SHAWNEE,DHC ULTRASOUND,Radiology,,66606,20177000500.0
203,6650 SW Mission Valley Dr,Topeka,SHAWNEE,MISSION DERMATOLOGY,Dermatology,,66614,20177003603.0
204,6650 SW Mission Valley Dr,Topeka,SHAWNEE,MISSION DERMATOLOGY LAB,Lab,,66614,20177003603.0
205,1979 Milky Way,VERONA,*Unspecified,EMH EMERGENCY,Emergency Medicine,ED,53593,55025012700.0
206,830 SW Mulvane St,Topeka,SHAWNEE,CARDIOTHORACIC SURGERY,Cardiothoracic Surgery,,66606,20177000500.0
207,830 SW Mulvane St,Topeka,SHAWNEE,CTS X-RAY,Radiology,,66606,20177000500.0
208,830 SW Mulvane St,Topeka,SHAWNEE,CTS LAB,Lab,,66606,20177000500.0
209,1979 Milky Way,VERONA,*Unspecified,EMH LABOR & DELIVERY,Obstetrics and Gynecology,L&D,53593,55025012700.0
210,1979 Milky Way,VERONA,*Unspecified,EMH MED SURG,*Unspecified,,53593,55025012700.0
211,1979 Milky Way,VERONA,*Unspecified,EMH OBSERVATION,*Unspecified,,53593,55025012700.0
212,1979 Milky Way,VERONA,*Unspecified,EMH HOSPITAL LAB,Lab,HOD,53593,55025012700.0
213,1979 Milky Way,VERONA,*Unspecified,EMH GASTROENTEROLOGY,Gastroenterology,HOD,53593,55025012700.0
214,1979 Milky Way,VERONA,*Unspecified,EMH ANATOMIC PATHOLOGY,Lab,HOD,53593,55025012700.0
215,1979 Milky Way,VERONA,*Unspecified,EMH ADMITTING,*Unspecified,,53593,55025012700.0
216,1979 Milky Way,VERONA,*Unspecified,EMH IP PHARMACY,Pharmacy,,53593,55025012700.0
217,1979 Milky Way,VERONA,*Unspecified,EMH PRE-PROCEDURE,*Unspecified,OR,53593,55025012700.0
218,1979 Milky Way,VERONA,*Unspecified,EMH MAIN OR,*Unspecified,OR,53593,55025012700.0
219,1979 Milky Way,VERONA,*Unspecified,EMH RECOVERY,*Unspecified,OR,53593,55025012700.0
220,1979 Milky Way,VERONA,*Unspecified,EMH HEALTH INFO MGMT,*Unspecified,,53593,55025012700.0
221,1979 Milky Way,VERONA,*Unspecified,EMH PHASE II,*Unspecified,OR,53593,55025012700.0
222,1979 Milky Way,VERONA,*Unspecified,EMH PHYSICAL THERAPY,Physical Therapy,HOD,53593,55025012700.0
223,1979 Milky Way,VERONA,*Unspecified,EMH PEDIATRICS,Pediatrics,,53593,55025012700.0
224,1979 Milky Way,VERONA,*Unspecified,EMH ICU,Intensive Care,ICU,53593,55025012700.0
225,1979 Milky Way,VERONA,*Unspecified,EMH ANTEPARTUM,Obstetrics,L&D,53593,55025012700.0
226,1979 Milky Way,VERONA,*Unspecified,EMH POSTPARTUM,*Unspecified,L&D,53593,55025012700.0
227,1979 Milky Way,VERONA,*Unspecified,EMH NURSERY,*Unspecified,,53593,55025012700.0
228,1979 Milky Way,VERONA,*Unspecified,EMH PSYCHIATRY,Psychiatry,,53593,55025012700.0
229,1979 Milky Way,VERONA,*Unspecified,EMH NEONATAL ICU,Neonatology,,53593,55025012700.0
230,1979 Milky Way,VERONA,*Unspecified,EHS URGENT CARE,Urgent Care,ED,53593,55025012700.0
231,1979 Milky Way,VERONA,*Unspecified,EMH L&D PROCEDURE,Obstetrics,HOD,53593,55025012700.0
232,1979 Milky Way,VERONA,*Unspecified,EMH CARDIAC ICU,Cardiac Intensive Care,ICU,53593,55025012700.0
233,1979 Milky Way,VERONA,*Unspecified,EMH GENERAL SURGERY,General Surgery,,53593,55025012700.0
234,1979 Milky Way,VERONA,*Unspecified,EMH NEURO ICU,Neurological Intensive Care,ICU,53593,55025012700.0
235,1979 Milky Way,VERONA,*Unspecified,EMH PEDIATRIC ICU,Pediatric Intensive Care,ICU,53593,55025012700.0
236,1979 Milky Way,VERONA,*Unspecified,EMH SURGICAL ICU,Surgical Intensive Care,ICU,53593,55025012700.0
237,1979 Milky Way,VERONA,*Unspecified,EMH TRANSPLANT,Transplant,HOD,53593,55025012700.0
238,1979 Milky Way,VERONA,*Unspecified,EMH PULMONARY FUNC LAB,Pulmonology,HOD,53593,55025012700.0
239,1979 Milky Way,VERONA,*Unspecified,EMH RESP THERAPY,Respiratory Therapy,,53593,55025012700.0
240,1979 Milky Way,VERONA,*Unspecified,EMH SLEEP LAB,Sleep Medicine,HOD,53593,55025012700.0
241,1979 Milky Way,VERONA,*Unspecified,EMH OCC THERAPY,Occupational Therapy,HOD,53593,55025012700.0
242,1979 Milky Way,VERONA,*Unspecified,EMH SPEECH PATHOLOGY,Speech Therapy,HOD,53593,55025012700.0
243,1979 Milky Way,VERONA,*Unspecified,EMH DIALYSIS,Nephrology,HOD,53593,55025012700.0
244,1979 Milky Way,VERONA,*Unspecified,EMH PHYS MED & REHAB,Physical Medicine and Rehabilitation,HOD,53593,55025012700.0
245,1979 Milky Way,VERONA,*Unspecified,EMH ONCOLOGY,Oncology,HOD,53593,55025012700.0
246,1979 Milky Way,VERONA,*Unspecified,EMH PERIOP SERVICES,*Unspecified,OR,53593,55025012700.0
247,1979 Milky Way,VERONA,*Unspecified,EMH PSY DAY TREATMENT,Psychiatry,HOD,53593,55025012700.0
248,1979 Milky Way,VERONA,*Unspecified,EMH PED GASTROENTEROLOGY,Pediatric Gastroenterology,,53593,55025012700.0
249,1979 Milky Way,VERONA,*Unspecified,EMH PED GENERAL SURGERY,Pediatric Surgery,,53593,55025012700.0
250,1979 Milky Way,VERONA,*Unspecified,EMH PED TRANSPLANT,Transplant,,53593,55025012700.0
251,1979 Milky Way,VERONA,*Unspecified,EMH PED URGENT CARE,Pediatric Emergency Medicine,,53593,55025012700.0
252,1979 Milky Way,VERONA,*Unspecified,EMH ANESTHESIA,Anesthesiology,HOD,53593,55025012700.0
253,1979 Milky Way,VERONA,*Unspecified,EMH BURN,Burn Surgery,,53593,55025012700.0
254,1979 Milky Way,VERONA,*Unspecified,EMH HOSPICE CARE,*Unspecified,,53593,55025012700.0
255,1979 Milky Way,VERONA,*Unspecified,EMH ONCOLOGY PHARMACY,*Unspecified,,53593,55025012700.0
256,1979 Milky Way,VERONA,*Unspecified,EMH PRE-ADMISSION TESTING,Pre-Admission Testing,,53593,55025012700.0
257,1979 Milky Way,VERONA,*Unspecified,EMH BREAST IMAGING,Radiology,HOD,53593,55025012700.0
258,1979 Milky Way,VERONA,*Unspecified,EMH DEXA IMAGING,Radiology,HOD,53593,55025012700.0
259,1979 Milky Way,VERONA,*Unspecified,EMH X-RAY IMAGING,Radiology,HOD,53593,55025012700.0
260,1979 Milky Way,VERONA,*Unspecified,EMH US IMAGING,Radiology,HOD,53593,55025012700.0
261,1979 Milky Way,VERONA,*Unspecified,EMH CT IMAGING,Radiology,HOD,53593,55025012700.0
262,1979 Milky Way,VERONA,*Unspecified,EMH IR IMAGING,Radiology,OR,53593,55025012700.0
263,1979 Milky Way,VERONA,*Unspecified,EMH NUCLEAR MEDICINE,Radiology,HOD,53593,55025012700.0
264,1979 Milky Way,VERONA,*Unspecified,EMH SOCIAL WORK,Social Services,HOD,53593,55025012700.0
265,1979 Milky Way,VERONA,*Unspecified,EMH GI SERVICES,*Unspecified,OR,53593,55025012700.0
266,1979 Milky Way,VERONA,*Unspecified,EMH CASE MANAGEMENT,Social Services,,53593,55025012700.0
267,1979 Milky Way,VERONA,*Unspecified,EMH BARIATRIC SURGERY,Bariatrics,,53593,55025012700.0
268,1979 Milky Way,VERONA,*Unspecified,EMH MRI IMAGING,Radiology,HOD,53593,55025012700.0
269,1979 Milky Way,VERONA,*Unspecified,EMH VASCULAR LAB,Lab,HOD,53593,55025012700.0
270,,VERONA,DANE,EMH INFUSION THERAPY,Infusion Therapy,HOD,53593,55025012700.0
271,,,*Unspecified,EMH MEDICINE SERVICES,*Unspecified,,,
272,,,*Unspecified,EMH SURGICAL SERVICES,*Unspecified,,,
273,,,*Unspecified,EMH CRITICAL CARE,*Unspecified,,,
274,,,*Unspecified,EMH OBSTETRICS SVCS,*Unspecified,,,
275,,,*Unspecified,EMH PEDIATRICS SVCS,*Unspecified,,,
276,1979 Milky Way,VERONA,*Unspecified,EMH NUTRITION,Nutrition,,53593,55025012700.0
277,1301 W 12th,Emporia,LYON,EMPORIA FAMILY PRACTICE,Family Medicine,,66801,20111000300.0
278,1301 W 12th,Emporia,LYON,EMPORIA INTERNAL MED,Internal Medicine,,66801,20111000300.0
279,1301 W 12th,Emporia,LYON,EMPORIA PEDIATRICS 4TH FLOOR,Pediatrics,,66801,20111000300.0
280,1301 W 12th,Emporia,LYON,EMPORIA LAB,Lab,,66801,20111000300.0
281,1301 W 12th,Emporia,LYON,EMPORIA ULTRASOUND,Radiology,,66801,20111000300.0
282,1301 W 12th,Emporia,LYON,EMPORIA XRAY,Radiology,,66801,20111000300.0
283,1301 W 12th,Emporia,LYON,EMPORIA OCCUPATIONAL THERAPY,Physical Therapy,,66801,20111000300.0
284,1301 W 12th,Emporia,LYON,EMPORIA SURGERY,General Surgery,,66801,20111000300.0
285,1301 W 12th,Emporia,LYON,EMPORIA OBSTETRICS AND GYNECOLOGY,Obstetrics and Gynecology,,66801,20111000300.0
286,1301 W 12th,Emporia,LYON,EMPORIA CARDIOLOGY,Cardiology,,66801,20111000300.0
287,1301 W 12th,Emporia,LYON,EMPORIA ALLERGY,Allergy,,66801,20111000300.0
288,1301 W 12th,Emporia,LYON,EMPORIA NEUROLOGY,Neurology,,66801,20111000300.0
289,1301 W 12th,Emporia,LYON,EMPORIA NEPHROLOGY,Nephrology,,66801,20111000300.0
290,1301 W 12th Ave,Emporia,LYON,EMPORIA UROLOGY,Urology,,66801-2592,
291,1301 W 12th,Emporia,LYON,EMPORIA LAB EMP IH,Lab,,66801,20111000300.0
292,1301 W 12th,Emporia,LYON,EMPORIA NEURO SURGERY,Neurosurgery,,66801,20111000300.0
293,1301 W 12th,Emporia,LYON,EMPORIA VEIN CLINIC,Cardiology,,66801,20111000300.0
294,1301 W 12th,EMPORIA,LYON,EMPORIA PEDS CARDIO,Cardiology,,66801,20111000300.0
295,"1301 W 12th Ave,Suite 401",EMPORIA,LYON,EMPORIA PEDS ONC/HEM,Hematology and Oncology,,66801,20111000300.0
296,1301 W 12th,Emporia,LYON,EMPORIA ENDOCRINOLOGY,Endocrinology,,66801,20111000300.0
297,1301 W 12th,Emporia,LYON,EMPORIA ORTHOPEDICS,Orthopedic Surgery,,66801,20111000300.0
298,1301 W 12th,Emporia,LYON,EMPORIA CTS,Cardiothoracic Surgery,,66801,20111000300.0
299,3520 SW 6th Ave,Topeka,SHAWNEE,6TH FRAZIER ENDOCRINOLOGY,Endocrinology,,66606,20177000500.0
300,3520 SW 6th Ave,Topeka,SHAWNEE,6TH FRAZIER PEDS ENDOCRINOLOGY,Pediatric Endocrinology,,66606,20177000500.0
301,3520 SW 6th Ave,Topeka,SHAWNEE,6TH FRAZIER X-RAY,Radiology,,66606,20177000500.0
302,3520 SW 6th Ave,Topeka,SHAWNEE,6TH FRAZIER LAB,Lab,,66606,20177000500.0
303,3520 SW 6th Ave,Topeka,SHAWNEE,6TH FRAZIER DIABETES LEARNING CENTER,Endocrinology,,66606,20177000500.0
304,3520 SW 6th Ave,Topeka,SHAWNEE,6TH FRAZIER LAB EMP IH,Lab,,66606,20177000500.0
305,1979 Milky Way,VERONA,*Unspecified,EMH CARDIAC CATH LAB,Cardiology,OR,53593,55025012700.0
306,929 SW Mulvane St,Topeka,SHAWNEE,HEART CENTER X-RAY,Radiology,,66606,20177000500.0
307,929 SW Mulvane St,Topeka,SHAWNEE,HEART CENTER LAB,Lab,,66606,20177000500.0
308,929 SW Mulvane St,Topeka,SHAWNEE,HEART CENTER CARDIOLOGY,Cardiology,,66606,20177000500.0
309,929 SW Mulvane St,Topeka,SHAWNEE,HEART CENTER ULTRASOUND,Radiology,,66606,20177000500.0
310,929 SW Mulvane St,Topeka,SHAWNEE,HEART CENTER NUCLEAR MED,Radiology,,66606,20177000500.0
311,929 SW Mulvane St,Topeka,SHAWNEE,HEART CENTER ANTI COAG CLINIC,Cardiology,,66606,20177000500.0
312,929 SW Mulvane St,Topeka,SHAWNEE,HEART FAILURE CLINIC,Cardiology,,66606,20177000500.0
313,929 SW Mulvane St,Topeka,SHAWNEE,HEART CENTER VEIN CLINIC,Cardiology,,66606,20177000500.0
314,929 SW Mulvane St,Topeka,SHAWNEE,HEART CENTER PACEMAKER CLINIC,Cardiology,,66606,20177000500.0
315,1979 Milky Way,VERONA,*Unspecified,EMH CARDIAC NIC,Cardiology,HOD,53593,55025012700.0
316,929 SW Mulvane St,Topeka,SHAWNEE,HEART CENTER PEDIATRIC CARDIOLOGY,Pediatric Cardiology,,66606,20177000500.0
317,929 SW Mulvane St,Topeka,SHAWNEE,HEART CENTER LIPID CLINIC,Cardiology,,66606,20177000500.0
318,929 SW Mulvane St,TOPEKA,SHAWNEE,HEART CENTER CARDIAC IMAGING,Radiology,,66606-1677,
319,929 SW Mulvane St,Topeka,SHAWNEE,CARDIOTHORACIC SURGERY-HC,Cardiothoracic Surgery,,66606,20177000500.0
320,929 SW Mulvane,Topeka,SHAWNEE,HEART CENTER VALVE,Cardiology,,66606,20177000500.0
321,1979 Milky Way,VERONA,*Unspecified,EMH CARDIAC SERVICES,Cardiology,HOD,53593,55025012700.0
322,1979 Milky Way,VERONA,*Unspecified,EMH CARDIAC REHAB,Cardiology,HOD,53593,55025012700.0
323,,,*Unspecified,EMH NEUROLOGY,Neurology,,,
324,823 SW Mulvane St,Topeka,SHAWNEE,823 INTERNAL MEDICINE,Internal Medicine,,66606,20177000500.0
325,823 SW Mulvane St,Topeka,SHAWNEE,823 BARIATRICS,Bariatrics,,66606,20177000500.0
326,823 SW Mulvane St,Topeka,SHAWNEE,823 X-RAY,Radiology,,66606,20177000500.0
327,823 SW Mulvane St,Topeka,SHAWNEE,823 LAB,Lab,,66606,20177000500.0
328,823 SW Mulvane St 3rd Floor,Topeka,SHAWNEE,823 PULMONARY,Pulmonology,,66606,20177000500.0
329,823 SW Mulvane St,Topeka,SHAWNEE,823 UROLOGY,Urology,,66606,20177000500.0
330,823 SW Mulvane St,Topeka,SHAWNEE,823 FAMILY PRACTICE,Family Medicine,,66606,20177000500.0
331,823 SW Mulvane St,Topeka,SHAWNEE,823 NEPHROLOGY,Nephrology,,66606,20177000500.0
332,823 SW Mulvane St,Topeka,SHAWNEE,823 ORTHOPEDICS,Orthopedic Surgery,,66606,20177000500.0
333,823 SW Mulvane St,Topeka,SHAWNEE,823 PULMONARY,Pulmonology,,66606,20177000500.0
334,823 SW Mulvane St 3rd Floor,Topeka,SHAWNEE,823 PULMONARY LAB,Pulmonology,,66606,20177000500.0
335,823 SW Mulvane St,Topeka,SHAWNEE,823 WOMEN'S CENTER,Radiology,,66606,20177000500.0
336,823 SW Mulvane St,Topeka,SHAWNEE,823 SURGERY GENERAL,General Surgery,,66606,20177000500.0
337,823 SW Mulvane St,Topeka,SHAWNEE,823 SURGERY NEURO,Neurosurgery,,66606,20177000500.0
338,"823 SW Mulvane St, Suite 220",Topeka,SHAWNEE,823 SURGERY OPHTHALMOLOGY,Ophthalmology,,66606,20177000500.0
339,823 SW Mulvane St,Topeka,SHAWNEE,823 SURGERY ULTRASOUND,Radiology,,66606,20177000500.0
340,823 SW Mulvane St,Topeka,SHAWNEE,CLINICAL RESEARCH CNTR,Research,,66606,20177000500.0
341,823 SW Mulvane St,Topeka,SHAWNEE,823 WOUNDCARE,Wound Care,,66606,20177000500.0
342,823 SW Mulvane St,TOPEKA,SHAWNEE,823 TREATMENT ROOM,*Unspecified,,66606,20177000500.0
343,823 SW Mulvane St,Topeka,SHAWNEE,823 LAB EMP IH,Lab,,66606,20177000500.0
344,823 SW Mulvane St,Topeka,SHAWNEE,823 BREAST DIAGNOSTIC,Radiology,HOD,66606,20177000500.0
345,823 SW Mulvane St Suite 200,TOPEKA,SHAWNEE,823 PLASTIC SURGERY,Plastic Surgery,,66606,20177000500.0
346,823 SW Mulvane St,TOPEKA,SHAWNEE,823 ORTHO X-RAY,Radiology,,66606,20177000500.0
347,823 SW Mulvane St,TOPEKA,SHAWNEE,OP PALLIATIVE MEDICINE,Palliative Medicine,,66606,20177000500.0
348,823 SW Mulvane,Topeka,SHAWNEE,WELLNESS CLINIC,Internal Medicine,,66606,20177000500.0
349,901 SW Garfield Ave,Topeka,SHAWNEE,901 INTERNAL MED,Internal Medicine,,66606,20177000500.0
350,901 SW Garfield Ave,Topeka,SHAWNEE,901 ALLERGY,Allergy,,66606,20177000500.0
351,901 SW Garfield Ave,Topeka,SHAWNEE,901 XRAY,Radiology,,66606,20177000500.0
352,901 SW Garfield Ave,Topeka,SHAWNEE,901 LAB,Lab,,66606,20177000500.0
353,901 SW Garfield Ave,Topeka,SHAWNEE,901 ULTRASOUND,Radiology,,66606,20177000500.0
354,901 SW Garfield Ave,Topeka,SHAWNEE,901 RHEUMATOLOGY,Rheumatology,,66606,20177000500.0
355,901 SW Garfield Ave,Topeka,SHAWNEE,901 INFECTIOUS DISEASE,Infectious Diseases,,66606,20177000500.0
356,901 SW Garfield Ave,Topeka,SHAWNEE,901 NEUROLOGY,Neurology,,66606,20177000500.0
357,901 SW Garfield Ave,Topeka,SHAWNEE,901 NEUROLOGY LAB,Lab,,66606,20177000500.0
358,901 SW Garfield Ave,Topeka,SHAWNEE,901 FAMILY PRACTICE,Family Medicine,,66606,20177000500.0
359,901 SW Garfield Ave,Topeka,SHAWNEE,901 BARIATRICS,Bariatrics,,66606,20177000500.0
360,901 SW Garfield Ave,Topeka,SHAWNEE,901 NEPHROLOGY,Nephrology,,66606,20177000500.0
361,901 SW Garfield Ave,TOPEKA,SHAWNEE,901 TREATMENT ROOM,*Unspecified,,66606,20177000500.0
362,901 SW Garfield Ave,Topeka,SHAWNEE,901 LAB EMP IH,Lab,,66606,20177000500.0
363,901 SW Garfield Ave,Topeka,SHAWNEE,901 LAB SPECIMEN ONLY,Lab,,66606,20177000500.0
364,901 SW Garfield,TOPEKA,SHAWNEE,COTTON O'NEIL CARE,Internal Medicine,,66606,20177000500.0
365,2200 Harvard Road Suite B,Lawrence,DOUGLAS,LAWRENCE X-RAY,Radiology,,66049,20045000702.0
366,2200 Harvard Road Suite B,Lawrence,DOUGLAS,LAWRENCE LAB,Lab,,66049,20045000702.0
367,2200 Harvard Road Suite B,Lawrence,DOUGLAS,LAWRENCE ENDOCRINOLOGY,Endocrinology,,66049,20045000702.0
368,2200 Harvard Road Suite B,Lawrence,DOUGLAS,LAWRENCE RHEUMATOLOGY,Rheumatology,,66049,20045000702.0
369,2200 Harvard Road Suite B,Lawrence,DOUGLAS,LAWRENCE PEDS ENDOCRINOLOGY,Pediatric Endocrinology,,66049,20045000702.0
370,2200 Harvard Road Suite B,Lawrence,DOUGLAS,LAWRENCE NEPHROLOGY,Nephrology,,66049,20045000702.0
371,118 W 4th St,Lebo,LYON,LEBO CLINIC,Family Medicine,,66856,20139010300.0
372,118 W 4th,Lebo,LYON,LEBO X-RAY,Radiology,,66856,20139010300.0
373,118 W 4th St,LEBO,COFFEY,LEBO LAB,Lab,,66856-0507,
374,407 E Wyandotte St,Meriden,JACKSON,MERIDEN CLINIC,Family Medicine,,66512,20177003302.0
375,407 E Wyandotte St,Meriden,JACKSON,MERIDEN X-RAY,Radiology,,66512,20177003302.0
376,407 E Wyandotte St,Meriden,JACKSON,MERIDEN LAB,Lab,,66512,20177003302.0
377,1500 SW 10th Ave,Topeka,SHAWNEE,MATERNAL FETAL MEDICINE CLINIC,Maternal and Fetal Medicine,,66604,20177003603.0
378,1130 N Kansas Ave,Topeka,SHAWNEE,NORTH CLINIC,Family Medicine,,66608,20177000700.0
379,1130 N Kansas Ave,Topeka,SHAWNEE,NORTH FAMILY PRACTICE,Family Medicine,,66608,20177000700.0
380,1130 N Kansas Ave,Topeka,SHAWNEE,NORTH CLINIC XRAY,Radiology,,66608,20177000700.0
381,1130 N Kansas Ave,Topeka,SHAWNEE,NORTH LAB,Lab,,66608,20177000700.0
382,1130 N Kansas Ave,Topeka,SHAWNEE,NORTH EXPRESS CARE,Urgent Care,,66608,20177000700.0
383,1130 N Kansas Ave,Topeka,SHAWNEE,NORTH EXPRESS LAB,Lab,,66608,20177000700.0
384,909 SW Mulvane St,Topeka,SHAWNEE,KOSM ORTHO,Orthopedic Surgery,,66606,20177000500.0
385,909 SW Mulvane St,Topeka,SHAWNEE,KOSM PHYSICAL THERAPY,Physical Therapy,,66606,20177000500.0
386,909 SW Mulvane St,Topeka,SHAWNEE,KOSM XRAY,Radiology,,66606,20177000500.0
387,909 SW Mulvane St,Topeka,SHAWNEE,KOSM LAB,Lab,,66606,20177000500.0
388,131 W Market St Ste B,Osage City,OSAGE,OSAGE CLINIC,Family Medicine,,66523,20139010400.0
389,131 W Market St Ste B,Osage City,OSAGE,OSAGE ALLERGY,Allergy,,66523,20139010400.0
390,131 W Market St Ste B,Osage City,OSAGE,OSAGE ORTHOPEDICS,Orthopedic Surgery,,66523,20139010400.0
391,131 W Market St Ste B,Osage City,OSAGE,OSAGE XRAY,Radiology,,66523,20139010400.0
392,131 W Market St Ste B,Osage City,OSAGE,OSAGE LAB,Lab,,66523,20139010400.0
393,131 W Market St Ste B,Osage City,OSAGE,OSAGE EXPRESS CARE,Urgent Care,,66523,20139010400.0
394,131 W Market St Ste B,Osage City,OSAGE,OSAGE EXPRESS LAB,Lab,,66523,20139010400.0
395,131 W Market St Ste B,OSAGE CITY,OSAGE,OSAGE DIABETES LEARNING CENTER,Endocrinology,,66523,20139010400.0
396,209 W Jefferson St,Oskaloosa,JEFFERSON,OSKALOOSA CLINIC,Family Medicine,,66066,20087020300.0
397,209 W Jefferson St,Oskaloosa,JEFFERSON,OSKALOOSA ALLERGY,Allergy,,66066,20087020300.0
398,209 W Jefferson St,Oskaloosa,JEFFERSON,OSKALOOSA XRAY,Radiology,,66066,20087020300.0
399,209 W Jefferson St,Oskaloosa,JEFFERSON,OSKALOOSA LAB,Lab,,66066,20087020300.0
400,1500 SW 10th Ave,Topeka,SHAWNEE,LTC X-RAY,Radiology,,66604,20177003603.0
401,1500 SW 10th Ave,Topeka,SHAWNEE,LTC LAB,Lab,,66604,20177003603.0
402,1500 SW 10th Ave,Topeka,SHAWNEE,LONG TERM CARE,Internal Medicine,,66604,20177003603.0
403,1979 Milky Way,VERONA,*Unspecified,EMH HEM ONC,Hematology and Oncology,HOD,53593,55025012700.0
404,1979 Milky Way,VERONA,*Unspecified,EMH CHEMO INFUSION,Oncology,HOD,53593,55025012700.0
405,423 Main St,Rossville,SHAWNEE,ROSSVILLE CLINIC,Family Medicine,,66533,20085982800.0
406,423 Main St,Rossville,SHAWNEE,ROSSVILLE INTERNAL MEDICINE,Internal Medicine,,66533,20085982800.0
407,423 Main St,Rossville,SHAWNEE,ROSSVILLE X-RAY,Radiology,,66533,20085982800.0
408,423 Main St,Rossville,SHAWNEE,ROSSVILLE LAB,Lab,,66533,20085982800.0
409,3707 SW 6th Ave,Topeka,SHAWNEE,SV WEST PSYCH,Psychiatry,,66606,20177000500.0
410,,,*Unspecified,SV WEST ADDICTION MEDICINE,Addiction Medicine,,,
411,3707 SW 6th Ave,Topeka,SHAWNEE,SV WEST LAB,Lab,,66606,20177000500.0
412,6725 SW 29 St,Topeka,SHAWNEE,URISH CLINIC,Family Medicine,,66614,20177003603.0
413,6725 SW 29 St,Topeka,SHAWNEE,URISH XRAY,Radiology,,66614,20177003603.0
414,6725 SW 29 St,Topeka,SHAWNEE,URISH LAB,Lab,,66614,20177003603.0
415,6725 SW 29 St,Topeka,SHAWNEE,URISH EXPRESS CARE,Urgent Care,Normal,66614,20177003603.0
416,6725 SW 29th ST,TOPEKA,SHAWNEE,URISH EXPRESS LAB,Lab,,66614,20177003603.0
417,6725 SW 29 St,Topeka,SHAWNEE,URISH LAB EMP IH,Lab,,66614,20177003603.0
418,1704 Commercial Circle,Wamego,POTTAWATOMIE,WAMEGO CLINIC,Family Medicine,,66547,20149000200.0
419,1704 Commercial Circle,Wamego,POTTAWATOMIE,WAMEGO ALLERGY,Allergy,,66547,20149000200.0
420,1704 Commercial Circle,Wamego,POTTAWATOMIE,WAMEGO ULTRASOUND,Radiology,,66547,20149000200.0
421,1704 Commercial Circle,Wamego,POTTAWATOMIE,WAMEGO XRAY,Radiology,,66547,20149000200.0
422,1704 Commercial Circle,Wamego,POTTAWATOMIE,WAMEGO LAB,Lab,,66547,20149000200.0
423,1704 Commercial Circle,Wamego,POTTAWATOMIE,WAMEGO CARDIOLOGY,Cardiology,,66547-9690,
424,1704 Commercial Circle,Wamego,POTTAWATOMIE,WAMEGO LAB EMP IH,Lab,,66547,20149000200.0
425,2600 NW Rochester R,Topeka,SHAWNEE,WALMART NORTH CLINIC,Family Medicine,,66617,20177003301.0
426,2600 NW Rochester R,Topeka,SHAWNEE,WALMART NORTH LAB,Lab,,66617,20177003301.0
427,1504 SW 8th Street,Topeka,SHAWNEE,OCCUPATIONAL MEDICINE,Occupational Medicine,,66604,20177003603.0
428,,,*Unspecified,LIFELINE,*Unspecified,,,
429,1500 SW 10th Ave,Topeka,SHAWNEE,HOSPITALIST,Internal Medicine,,66604,20177003603.0
430,,,*Unspecified,PEDS HOSPITALIST,Pediatrics,,,
431,1500 SW 10th Ave,TOPEKA,SHAWNEE,SV PICU PROVIDERS,Pediatric Critical Care Medicine,,66604,20177003603.0
432,1500 SW 10th Ave,TOPEKA,SHAWNEE,SV DIABETES SERV LINE,Diabetes Services,,66604,20177003603.0
433,1133 College Ave Bldg E,Manhattan,RILEY,MANHATTAN INTERNAL MEDICINE,Internal Medicine,,66502,20161000900.0
434,1133 College Ave Bldg E,Manhattan,RILEY,MANHATTAN ALLERGY,Allergy,,66502,20161000900.0
435,1133 College Ave Bldg E Suite 210,Manhattan,RILEY,MANHATTAN CARDIOLOGY,Cardiology,,66502,20161000900.0
436,1133 College Ave Bldg E,Manhattan,RILEY,MANHATTAN XRAY,Radiology,,66502,20161000900.0
437,1133 College Ave Bldg E,Manhattan,RILEY,MANHATTAN LAB,Lab,,66502,20161000900.0
438,1133 College Ave Bldg E,Manhattan,RILEY,MANHATTAN ULTRASOUND,Radiology,,66502,20161000900.0
439,1133 College Ave Bldg E,Manhattan,RILEY,MANHATTAN NUCLEAR MEDICINE,Radiology,,66502,20161000900.0
440,1133 College Ave Bldg E,Manhattan,RILEY,MANHATTAN LONG TERM CARE,Internal Medicine,,66502,20161000900.0
441,1133 College Ave Bldg E,Manhattan,RILEY,MANHATTAN FAMILY PRACTICE,Family Medicine,,66502,20161000900.0
442,1133 College Ave Bldg E,Manhattan,RILEY,MANHATTAN NEPHROLOGY,Nephrology,,66502-2813,
443,1133 College Ave Bldg E,Manhattan,RILEY,MANHATTAN NEUROLOGY,Neurology,,66502,20161000900.0
444,1133 College Ave Bldg E,Manhattan,RILEY,MANHATTAN LAB EMP IH,Lab,,66502,20161000900.0
445,1133 College Ave Bldg E Suite 210,Manhattan,SHAWNEE,MANHATTAN NEURO SURG,Neurosurgery,,66502,20161000900.0
446,1133 College Ave Bldg E,Manhattan,RILEY,MANHATTAN VEIN CLINIC,Cardiology,,66502,20161000900.0
447,1133 College Ave Bldg E,Manhattan,RILEY,MANHATTAN PEDS CARDIO,Pediatric Cardiology,,66502,20161000900.0
448,1133 College Ave Bldg E Suite 210,MANHATTAN,RILEY,MANHATTAN PEDS ENDOCRINOLOGY,Pediatric Endocrinology,,66502,20161000900.0
449,1133 College Ave Bldg E,MANHATTAN,RILEY,MANHATTAN PEDS HEMATOLOGY AND ONCOLOGY,Hematology and Oncology,,66502,20161000900.0
450,1133 College Ave Bldg E,MANHATTAN,RILEY,MANHATTAN ED PROVIDERS,Emergency Medicine,,66502,20161000900.0
451,1133 College Ave Bldg E Suite 210,Manhattan,RILEY,MANHATTAN CTS,Cardiothoracic Surgery,,66502,20161000900.0
452,4100 SW 15th,Topeka,SHAWNEE,PEDIATRICCARE,Pediatrics,,66604,20177003603.0
453,4100 SW 15th,Topeka,SHAWNEE,PEDIATRIC X-RAY,Radiology,,66604,20177003603.0
454,4100 SW 15th,Topeka,SHAWNEE,PEDIATRIC LAB,Lab,,66604,20177003603.0
455,2860 SW Mission Wood Dr,Topeka,SHAWNEE,PEDIATRIC MISSION WOODS,Pediatrics,,66614,20177003603.0
456,2860 SW Mission Wood Dr,Topeka,SHAWNEE,PEDIATRIC MISSION XRAY,Radiology,,66614,20177003603.0
457,2860 SW Mission Wood Dr,Topeka,SHAWNEE,PEDIATRIC MISSION LAB,Lab,,66614,20177003603.0
458,415 SW 8th Street,Topeka,SHAWNEE,PB CENTRAL BILLING OFFICE,*Unspecified,,66606,20177000500.0
459,901 SW Garfield Ave,Topeka,SHAWNEE,CARE MANAGEMENT,Care Management,,66606,20177000500.0
460,901 SW Garfield Ave,TOPEKA,SHAWNEE,DRIVE UP FLU CLINIC,Internal Medicine,,66606,20177000500.0
461,1500 SW 10th Ave,TOPEKA,SHAWNEE,MYCHART E-VISIT,*Unspecified,,66606,20177000500.0
462,,,*Unspecified,CO CENTRAL SCHEDULING,*Unspecified,,,
463,715 Washington St,LYNDON,OSAGE,LYNDON CLINIC,Family Medicine,,66451-9856,
464,715 Washington St,Lyndon,OSAGE,LYNDON LAB,Lab,,66451-9856,
465,1979 Milky Way,VERONA,DANE,EHS ASC,*Unspecified,OR,53593,55025012700.0
466,"830 SW Lane St, Suite B",Topeka,SHAWNEE,HEALTHWISE,Internal Medicine,,66606,20177000500.0
467,,,*Unspecified,HEALTHWISE,*Unspecified,,,
468,1516 SW 6th Ave Suite 2,Topeka,SHAWNEE,LUI GENERAL SURGERY,General Surgery,,66606,20177000500.0
469,1504 SW 8th Ave,Topeka,SHAWNEE,KRH OUTPATIENT THERAPY,Physical Therapy,,66606,20177000500.0
470,2252 SW 10th Ave,Topeka,*Unspecified,SV RETAIL PHARMACY,Pharmacy,,66604,20177003603.0
471,2660 SW 3rd Street,TOPEKA,SHAWNEE,KANZA ORTHO,Orthopedic Surgery,,66606,20177000500.0
472,2660 SW 3rd Street,TOPEKA,SHAWNEE,KANZA THERAPY,Physical Therapy,,66606,20177000500.0
473,2660 SW 3rd Street,TOPEKA,SHAWNEE,KANZA ORTHO LAB,Lab,,66606,20177000500.0
474,2660 SW 3rd Street,TOPEKA,SHAWNEE,KANZA ORTHO XRAY,Radiology,,66606,20177000500.0
475,2660 SW 3rd Street,TOPEKA,SHAWNEE,KANZA NEUROLOGY,Neurology,,66606,20177000500.0
476,2660 SW 3rd Street,TOPEKA,SHAWNEE,KANZA NEUROSURGERY,Neurosurgery,,66606,20177000500.0
477,2660 SW 3rd Street,TOPEKA,SHAWNEE,KANZA NEURO XRAY,Radiology,,66606,20177000500.0
478,4505 NW Fielding Rd,TOPEKA,SHAWNEE,NORTH FIELDING CLINIC,Family Medicine,,66618,20177000700.0
479,4505 NW Fielding Rd,TOPEKA,SHAWNEE,NORTH FIELDING LAB,Lab,,66618,20177000700.0
480,4505 NW Fielding Rd,TOPEKA,SHAWNEE,NORTH FIELDING X-RAY,Radiology,,66618,20177000700.0
481,4505 NW Fielding Rd,TOPEKA,SHAWNEE,NORTH FIELDING BEHAVIOR MED,Psychiatry,,66618,20177000700.0
482,4505 NW Fielding Rd,TOPEKA,SHAWNEE,NORTH FIELDING EXPRESS CARE,Urgent Care,Normal,66618,20177000700.0
483,4505 NW Fielding Rd,TOPEKA,SHAWNEE,NORTH FIELDING EXPRESS CARE LAB,Lab,,66618,20177000700.0
484,4505 NW Fielding Rd,TOPEKA,SHAWNEE,NORTH FIELDING EXPRESS CARE X-RAY,*Unspecified,,66618,20177000700.0
485,4505 NW Fielding Rd,TOPEKA,SHAWNEE,NORTH FIELDING LAB EMP IH,Lab,,66618,20177000700.0
486,909 SW Mulvane St,TOPEKA,SHAWNEE,INTENSIVE PRIMARY CARE,Internal Medicine,,66606-1677,
487,909 SW Mulvane St,TOPEKA,SHAWNEE,ZZMIDTOWN EXPRESS CARE,Urgent Care,,66606-1677,
488,909 SW Mulvane St,TOPEKA,SHAWNEE,ZZMIDTOWN EXPRESS LAB,Urgent Care,,66606-1677,
489,909 SW Mulvane St,TOPEKA,SHAWNEE,ZZ909 MULVANE XRAY,Radiology,,66606-1677,
490,1979 Milky Way,VERONA,*Unspecified,EPH EMERGENCY,Emergency Medicine,,53593,55025012700.0
491,1979 Milky Way,VERONA,*Unspecified,EPH NEONATAL ICU,Emergency Medicine,,53593,55025012700.0
492,1979 Milky Way,VERONA,*Unspecified,EPH NUC MED IMAGING,*Unspecified,,53593,55025012700.0
493,1979 Milky Way,VERONA,*Unspecified,EPH ONCOLOGY,Pediatric Oncology,,53593,55025012700.0
494,1979 Milky Way,VERONA,*Unspecified,EPH PACU,*Unspecified,,53593,55025012700.0
495,1979 Milky Way,VERONA,*Unspecified,EPH MEDICAL,*Unspecified,,53593,55025012700.0
496,1979 Milky Way,VERONA,*Unspecified,EPH PHYS MED & REHAB,Pediatric Physical Medicine and Rehabilitation,,53593,55025012700.0
497,1979 Milky Way,VERONA,*Unspecified,EPH PEDIATRIC ICU,Pediatric Intensive Care,,53593,55025012700.0
498,1979 Milky Way,VERONA,*Unspecified,EPH PRE-OP,*Unspecified,,53593,55025012700.0
499,1979 Milky Way,VERONA,*Unspecified,EPH PSYCHIATRY,*Unspecified,,53593,55025012700.0
500,1979 Milky Way,VERONA,*Unspecified,EPH GENERAL SURGERY,Pediatric Surgery,,53593,55025012700.0
501,1979 Milky Way,VERONA,*Unspecified,EPH XR,Pediatric Radiology,,53593,55025012700.0
502,1979 Milky Way,VERONA,*Unspecified,EPH CT,Pediatric Radiology,,53593,55025012700.0
503,1979 Milky Way,VERONA,*Unspecified,EPH MR,Pediatric Radiology,,53593,55025012700.0
504,1979 Milky Way,VERONA,*Unspecified,EPH US,Pediatric Radiology,,53593,55025012700.0
505,1979 Milky Way,VERONA,*Unspecified,EPC ALLERGY,Pediatric Allergy,,53593,55025012700.0
506,1979 Milky Way,VERONA,*Unspecified,EPC AUDIOLOGY,Pediatric Audiology,,53593,55025012700.0
507,1979 Milky Way,VERONA,*Unspecified,EPC CARDIOLOGY,Pediatric Cardiology,,53593,55025012700.0
508,1979 Milky Way,VERONA,*Unspecified,EPC CARD-THORACIC SURG,Pediatric Cardiothoracic Surgery,,53593,55025012700.0
509,1979 Milky Way,VERONA,*Unspecified,EPC DERMATOLOGY,Pediatric Dermatology,,53593,55025012700.0
510,1979 Milky Way,VERONA,*Unspecified,EPC DEVELOPMENTAL PEDS,Developmental and Behavioral Pediatrics,,53593,55025012700.0
511,1979 Milky Way,VERONA,*Unspecified,EPC ENDOCRINOLOGY,Pediatric Endocrinology,,53593,55025012700.0
512,1979 Milky Way,VERONA,*Unspecified,EPC OTOLARYNGOLOGY,Pediatric Otolaryngology,,53593,55025012700.0
513,1979 Milky Way,VERONA,*Unspecified,EPC GASTROENTEROLOGY,Pediatric Gastroenterology,,53593,55025012700.0
514,1979 Milky Way,VERONA,*Unspecified,EPC GENETICS,Pediatric Genetics,,53593,55025012700.0
515,1979 Milky Way,VERONA,*Unspecified,EPC INFECTIOUS DISEASE,Pediatric Infectious Disease,,53593,55025012700.0
516,1979 Milky Way,VERONA,*Unspecified,EPC NEONATOLOGY,Neonatology,,53593,55025012700.0
517,1979 Milky Way,VERONA,*Unspecified,EPC NEPHROLOGY,Pediatric Nephrology,,53593,55025012700.0
518,1979 Milky Way,VERONA,*Unspecified,EPC NEUROLOGY,Pediatric Neurology,,53593,55025012700.0
519,1979 Milky Way,VERONA,*Unspecified,EPC NEUROSURGERY,Pediatric Neurosurgery,,53593,55025012700.0
520,1979 Milky Way,VERONA,*Unspecified,EPC OCC THERAPY,Pediatric Occupational Therapy,,53593,55025012700.0
521,1979 Milky Way,VERONA,*Unspecified,EPC ONCOLOGY,Pediatric Oncology,,53593,55025012700.0
522,1979 Milky Way,VERONA,*Unspecified,EPC OPHTHALMOLOGY,Pediatric Ophthalmology,,53593,55025012700.0
523,1979 Milky Way,VERONA,*Unspecified,EPC ORTHOPEDICS,Pediatric Orthopedic Surgery,,53593,55025012700.0
524,1979 Milky Way,VERONA,*Unspecified,EPC PEDIATRIC SURGERY,Pediatric Surgery,,53593,55025012700.0
525,1979 Milky Way,VERONA,*Unspecified,EPC GENERAL PEDIATRICS,Pediatrics,,53593,55025012700.0
526,1979 Milky Way,VERONA,*Unspecified,EPC PHYS MED & REHAB,Pediatric Physical Medicine and Rehabilitation,,53593,55025012700.0
527,1979 Milky Way,VERONA,*Unspecified,EPC PHYSICAL THERAPY,Pediatric Physical Therapy,,53593,55025012700.0
528,1979 Milky Way,VERONA,*Unspecified,EPC PLASTIC SURGERY,Pediatric Plastic Surgery,,53593,55025012700.0
529,1979 Milky Way,VERONA,*Unspecified,EPC PSYCHIATRY,Pediatric Psychiatry,,53593,55025012700.0
530,1979 Milky Way,VERONA,*Unspecified,EPC PULMONARY,Pediatric Pulmonology,,53593,55025012700.0
531,1979 Milky Way,VERONA,*Unspecified,EPC XR,Pediatric Radiology,,53593,55025012700.0
532,1979 Milky Way,VERONA,*Unspecified,EPC RADIATION ONCOLOGY,Pediatric Radiation Oncology,,53593,55025012700.0
533,1979 Milky Way,VERONA,*Unspecified,EPC RHEUMATOLOGY,Pediatric Rheumatology,,53593,55025012700.0
534,1979 Milky Way,VERONA,*Unspecified,EPC SOCIAL WORK,Pediatric Social Services,,53593,55025012700.0
535,1979 Milky Way,VERONA,*Unspecified,EPC SPEECH PATHOLOGY,Pediatric Speech Therapy,,53593,55025012700.0
536,1979 Milky Way,VERONA,*Unspecified,EPC UROLOGY,Pediatric Urology,,53593,55025012700.0
537,1979 Milky Way,VERONA,*Unspecified,EMC CARDIOLOGY,Cardiology,,53593,55025012700.0
538,1979 Milky Way,VERONA,*Unspecified,EMC FAMILY MEDICINE,Family Medicine,,53593,55025012700.0
539,1979 Milky Way,VERONA,*Unspecified,EMC GASTROENTEROLOGY,Gastroenterology,,53593,55025012700.0
540,1979 Milky Way,VERONA,*Unspecified,EMC OPHTHALMOLOGY,Ophthalmology,,53593,55025012700.0
541,1979 Milky Way,VERONA,*Unspecified,EMC ORTHOPEDICS,Orthopedic Surgery,,53593,55025012700.0
542,1979 Milky Way,VERONA,*Unspecified,EMC PRENATAL CLINIC,Obstetrics and Gynecology,,53593,55025012700.0
543,1979 Milky Way,VERONA,*Unspecified,EMC CLINIC LAB,Lab,,53593,55025012700.0
544,1979 Milky Way,VERONA,*Unspecified,EMC ADMIN,*Unspecified,,53593,55025012700.0
545,1979 Milky Way,VERONA,*Unspecified,EMC HEALTH INFO MGMT,*Unspecified,,53593,55025012700.0
546,1979 Milky Way,Verona,*Unspecified,EMC PSYCHIATRY,Psychiatry,,53593,55025012700.0
547,1979 Milky Way,VERONA,*Unspecified,EMC PEDIATRICS,Pediatrics,,53593,55025012700.0
548,1979 Milky Way,VERONA,*Unspecified,EMC PED OPHTHALMOLOGY,Pediatric Ophthalmology,,53593,55025012700.0
549,1979 Milky Way,VERONA,*Unspecified,EMC TRANSPLANT,Transplant,,53593,55025012700.0
550,1979 Milky Way,VERONA,*Unspecified,EMC URGENT CARE,Urgent Care,,53593,55025012700.0
551,1979 Milky Way,VERONA,*Unspecified,EMC ALLERGY,Allergy,,53593,55025012700.0
552,1979 Milky Way,VERONA,*Unspecified,EMC BURN,Burn Surgery,,53593,55025012700.0
553,1979 Milky Way,VERONA,*Unspecified,EMC CARDIOTHORACIC SURGERY,Cardiothoracic Surgery,,53593,55025012700.0
554,1979 Milky Way,VERONA,*Unspecified,EMC CHILD PSYCHIATRY,Child and Adolescent Psychiatry,,53593,55025012700.0
555,1979 Milky Way,VERONA,*Unspecified,EMC DERMATOLOGY,Dermatology,,53593,55025012700.0
556,1979 Milky Way,VERONA,*Unspecified,EMC DEVELOPMENTAL,Developmental and Behavioral Pediatrics,,53593,55025012700.0
557,1979 Milky Way,VERONA,*Unspecified,EMC ENDOCRINOLOGY,Endocrinology,,53593,55025012700.0
558,1979 Milky Way,VERONA,*Unspecified,EMC ENT-OTOLARYNGOLOGY,Otolaryngology,,53593,55025012700.0
559,1979 Milky Way,VERONA,*Unspecified,EMC GENERAL SURGERY,General Surgery,,53593,55025012700.0
560,1979 Milky Way,VERONA,*Unspecified,EMC GENETICS,Genetics,,53593,55025012700.0
561,1979 Milky Way,VERONA,*Unspecified,EMC GERONTOLOGY,Gerontology,,53593,55025012700.0
562,1979 Milky Way,VERONA,*Unspecified,EMC GYNECOLOGY,Gynecology,,53593,55025012700.0
563,1979 Milky Way,VERONA,*Unspecified,EMC INFECTIOUS DISEASE,Infectious Diseases,,53593,55025012700.0
564,1979 Milky Way,VERONA,*Unspecified,EMC PED CARDIOLOGY,Pediatric Cardiology,,53593,55025012700.0
565,1979 Milky Way,VERONA,*Unspecified,EMC NEONATOLOGY,Neonatology,,53593,55025012700.0
566,1979 Milky Way,VERONA,*Unspecified,EMC NEPHROLOGY,Nephrology,,53593,55025012700.0
567,1979 Milky Way,VERONA,*Unspecified,EMC NEUROLOGY,Neurology,,53593,55025012700.0
568,1979 Milky Way,VERONA,*Unspecified,EMC NEUROSURGERY,Neurosurgery,,53593,55025012700.0
569,1979 Milky Way,VERONA,*Unspecified,EMC OCCUP THERAPY,Occupational Therapy,,53593,55025012700.0
570,1979 Milky Way,VERONA,*Unspecified,EMC ONCOLOGY,Oncology,,53593,55025012700.0
571,1979 Milky Way,VERONA,*Unspecified,EMC PAIN MANAGEMENT,Pain Medicine,,53593,55025012700.0
572,1979 Milky Way,VERONA,*Unspecified,EMC PATHOLOGY,Pathology,,53593,55025012700.0
573,1979 Milky Way,VERONA,*Unspecified,EMC PHYS MED & REHAB,Physical Medicine and Rehabilitation,,53593,55025012700.0
574,1979 Milky Way,VERONA,*Unspecified,EMC PHYSICAL THERAPY,Physical Therapy,,53593,55025012700.0
575,1979 Milky Way,VERONA,*Unspecified,EMC PLASTIC SURGERY,Plastic Surgery,,53593,55025012700.0
576,1979 Milky Way,VERONA,*Unspecified,EMC PULMONARY,Pulmonology,,53593,55025012700.0
577,1979 Milky Way,VERONA,*Unspecified,EMC RHEUMATOLOGY,Rheumatology,,53593,55025012700.0
578,1979 Milky Way,VERONA,*Unspecified,EMC SPEECH PATHOLOGY,Speech Therapy,,53593,55025012700.0
579,1979 Milky Way,VERONA,*Unspecified,EMC SPORTS MEDICINE,Sports Medicine,,53593,55025012700.0
580,1979 Milky Way,VERONA,*Unspecified,EMC UROLOGY,Urology,,53593,55025012700.0
581,1979 Milky Way,VERONA,*Unspecified,EMC VASCULAR SURGERY,Vascular Surgery,,53593,55025012700.0
582,1979 Milky Way,VERONA,*Unspecified,EMC INTERNAL MEDICINE,Internal Medicine,,53593,55025012700.0
583,1979 Milky Way,VERONA,*Unspecified,EMC AUDIOLOGY,Audiology,Normal,53593,55025012700.0
584,1979 Milky Way,VERONA,*Unspecified,EMC PED GASTROENTEROLOGY,Pediatric Gastroenterology,,53593,55025012700.0
585,1979 Milky Way,VERONA,*Unspecified,EMC PED GENERAL SURGERY,Pediatric Surgery,,53593,55025012700.0
586,1979 Milky Way,VERONA,*Unspecified,EMC PED TRANSPLANT,Transplant,,53593,55025012700.0
587,1979 Milky Way,VERONA,*Unspecified,EMC PED URGENT CARE,Pediatric Emergency Medicine,,53593,55025012700.0
588,1979 Milky Way,VERONA,*Unspecified,EMC PED PULMONARY,Pediatric Pulmonology,,53593,55025012700.0
589,1979 Milky Way,VERONA,*Unspecified,EMC PED ALLERGY,Pediatric Allergy,,53593,55025012700.0
590,1979 Milky Way,VERONA,*Unspecified,EMC PED CARDIOTHORACIC SURGERY,Pediatric Cardiothoracic Surgery,,53593,55025012700.0
591,1979 Milky Way,VERONA,*Unspecified,EMC PED ENDOCRINOLOGY,Pediatric Endocrinology,,53593,55025012700.0
592,1979 Milky Way,VERONA,*Unspecified,EMC PED ENT-OTOLARYNGOLOGY,Pediatric Otolaryngology,,53593,55025012700.0
593,1979 Milky Way,VERONA,*Unspecified,EMC PED GENETICS,Pediatric Genetics,,53593,55025012700.0
594,1979 Milky Way,VERONA,*Unspecified,EMC PED INFECTIOUS DISEASES,Pediatric Infectious Disease,,53593,55025012700.0
595,1979 Milky Way,VERONA,*Unspecified,EMC PED NEPHROLOGY,Pediatric Nephrology,,53593,55025012700.0
596,1979 Milky Way,VERONA,*Unspecified,EMC PED NEUROLOGY,Pediatric Neurology,,53593,55025012700.0
597,1979 Milky Way,VERONA,*Unspecified,EMC PED NEUROSURGERY,Pediatric Neurosurgery,,53593,55025012700.0
598,1979 Milky Way,VERONA,*Unspecified,EMC PED ONCOLOGY,Pediatric Oncology,,53593,55025012700.0
599,1979 Milky Way,VERONA,*Unspecified,EMC PED ORTHOPEDICS,Pediatric Orthopedic Surgery,,53593,55025012700.0
600,1979 Milky Way,VERONA,*Unspecified,EMC PED PHYS MED & REHAB,Pediatric Physical Medicine and Rehabilitation,,53593,55025012700.0
601,1979 Milky Way,VERONA,*Unspecified,EMC PED PLASTIC SURGERY,Plastic Surgery,,53593,55025012700.0
602,1979 Milky Way,VERONA,*Unspecified,EMC PED RHEUMATOLOGY,Pediatric Rheumatology,,53593,55025012700.0
603,1979 Milky Way,VERONA,*Unspecified,EMC PED SPORTS MEDICINE,Sports Medicine,,53593,55025012700.0
604,1979 Milky Way,VERONA,*Unspecified,EMC PED UROLOGY,Pediatric Urology,,53593,55025012700.0
605,1979 Milky Way,VERONA,*Unspecified,EMC WOUND,Wound Care,,53593,55025012700.0
606,1979 Milky Way,VERONA,*Unspecified,EMC X-RAY IMAGING,Radiology,Normal,53593,55025012700.0
607,1979 Milky Way,VERONA,*Unspecified,EMC CT IMAGING,Radiology,Normal,53593,55025012700.0
608,1979 Milky Way,VERONA,*Unspecified,EMC BREAST IMAGING,Radiology,Normal,53593,55025012700.0
609,1979 Milky Way,VERONA,*Unspecified,EMC DEXA IMAGING,Radiology,Normal,53593,55025012700.0
610,1979 Milky Way,VERONA,*Unspecified,EMC US IMAGING,Radiology,Normal,53593,55025012700.0
611,1979 Milky Way,VERONA,*Unspecified,EMC NUCLEAR MEDICINE,Radiology,Normal,53593,55025012700.0
612,1979 Milky Way,VERONA,*Unspecified,EMC MRI IMAGING,Radiology,Normal,53593,55025012700.0
613,1979 Milky Way,VERONA,*Unspecified,EMC PRESCRIPTION NORTH,*Unspecified,,53593,55025012700.0
614,1979 Milky Way,VERONA,*Unspecified,EMC TRANSPLANT MOD,Transplant,,53593,55025012700.0
615,1979 Milky Way,VERONA,*Unspecified,EMC BARIATRIC SURGERY,Bariatrics,,53593,55025012700.0
616,1979 Milky Way,VERONA,*Unspecified,EMC RADIATION ONCOLOGY,Radiation Oncology,,53593,55025012700.0
617,1979 Milky Way,VERONA,DANE,EMC PRESCRIPTION CENTR,*Unspecified,,53593,55025012700.0
618,1979 Milky Way,VERONA,*Unspecified,EMH OB ULTRASOUND,Obstetrics,Normal,53593,55025012700.0
619,1979 Milky Way,VERONA,DANE,EMC PRESCRIPTION SOUTH,*Unspecified,,53593,55025012700.0
620,1979 Milky Way,VERONA,DANE,EMC EW FAMILY PRAC,Family Medicine,,53593,55025012700.0
621,1979 Milky Way,VERONA,*Unspecified,EMC DENTAL,Dentistry,,53593,55025012700.0
622,1979 Milky Way,VERONA,DANE,EMC OPH SUBSPECIALTIES,Ophthalmology,,53593,55025012700.0
623,1979 Milky Way,VERONA,*Unspecified,EMC FERTILITY CLINIC,Obstetrics and Gynecology,,53593,55025012700.0
624,1979 Milky Way,VERONA,*Unspecified,EMC CHIROPRACTIC,Chiropractic Medicine,,53593,55025012700.0
625,1979 Milky Way,VERONA,*Unspecified,EMC PODIATRY,Foot & Ankle,,53593,55025012700.0
626,1979 Milky Way,VERONA,DANE,EMC CENTRAL LAB,Lab,,53593,55025012700.0
627,1979 Milky Way,VERONA,DANE,EMC CHEMO INFUSION,Oncology,,53593,55025012700.0
628,,,*Unspecified,HEART CENTER-108118,*Unspecified,,,
629,1979 Milky Way,VERONA,*Unspecified,OR SCHED - DO NOT USE,*Unspecified,,53593,55025012700.0
630,1979 Milky Way,VERONA,*Unspecified,EHS BUSINESS OFFICE,*Unspecified,,53593,55025012700.0
631,,,*Unspecified,HISTORICAL CONVERSION,Conversion,,,
632,,,*Unspecified,SV MAYO SUPERIOR SHELL,*Unspecified,,,
633,,,*Unspecified,SV MAYO JACKSONVILLE SHELL,*Unspecified,,,
634,,,*Unspecified,SV MAYO NEW ENGLAND SHELL,*Unspecified,,,
635,,,*Unspecified,DEPARTMENT,*Unspecified,,,
636,,,*Unspecified,SV LABCORP DEPARTMENT,*Unspecified,,,
637,,,*Unspecified,SV LAB REFERENCE LAB,*Unspecified,,,
638,800 SW Lincoln St,Topeka,*Unspecified,LC CENTRAL OBGYN,Obstetrics and Gynecology,,66606,20177000500.0
639,800 SW Lincoln St,TOPEKA,*Unspecified,LC CENTRAL RADIOLOGY,Obstetrics and Gynecology,,66606,20177000500.0
640,2830 SW Urish Road,Topeka,SHAWNEE,LC URISH OBGYN,Obstetrics and Gynecology,,66614,20177003603.0
641,2830 SW Urish Road,Topeka,SHAWNEE,LC URISH RADIOLOGY,Obstetrics and Gynecology,,66614,20177003603.0
642,800 SW Lincoln Street,Topeka,SHAWNEE,LC BUSINESS OFFICE,*Unspecified,,66606,20177000500.0
643,,,*Unspecified,LC SURGERY SCHEDULE,*Unspecified,,,
644,,,*Unspecified,FLEMING REHAB,*Unspecified,,,
645,,,*Unspecified,FLEMING PLACE REHAB,Physical Therapy,,,
646,1979 Milky Way,VERONA,*Unspecified,AP FAMILY PRAC,Family Medicine,,53593,55025012700.0
647,1979 Milky Way,VERONA,DANE,SNT FAMILY MEDICINE,Family Medicine,,53593,55025012700.0
648,1979 Milky Way,VERONA,DANE,SNT ALLERGY,Allergy,,53593,55025012700.0
649,1979 Milky Way,VERONA,DANE,SNT BARIATRIC SURGERY,Bariatrics,,53593,55025012700.0
650,1979 Milky Way,VERONA,DANE,SNT BURN,Burn Surgery,,53593,55025012700.0
651,1979 Milky Way,VERONA,DANE,SNT CARDIOLOGY,Cardiology,,53593,55025012700.0
652,1979 Milky Way,VERONA,DANE,SNT CARDIOTHORACIC SRG,Cardiothoracic Surgery,,53593,55025012700.0
653,1979 Milky Way,VERONA,DANE,SNT DERMATOLOGY,Dermatology,,53593,55025012700.0
654,1979 Milky Way,VERONA,DANE,SNT ENDOCRINOLOGY,Allergy,,53593,55025012700.0
655,1979 Milky Way,VERONA,DANE,SNT ENT-OTOLARYNGOLOGY,Otolaryngology,,53593,55025012700.0
656,1979 Milky Way,VERONA,DANE,SNT GERONTOLOGY,Gerontology,,53593,55025012700.0
657,1979 Milky Way,VERONA,DANE,SNT GASTROENTEROLOGY,Gastroenterology,,53593,55025012700.0
658,1979 Milky Way,VERONA,DANE,SNT INTERNAL MEDICINE,Allergy,,53593,55025012700.0
659,1979 Milky Way,VERONA,DANE,SNT INFECTIOUS DISEASE,Infectious Diseases,,53593,55025012700.0
660,1979 Milky Way,VERONA,DANE,SNT NEONATOLOGY,Neonatology,,53593,55025012700.0
661,1979 Milky Way,VERONA,DANE,SNT NEUROLOGY,Neurology,,53593,55025012700.0
662,1979 Milky Way,VERONA,DANE,SNT NEUROSURGERY,Neurosurgery,,53593,55025012700.0
663,1979 Milky Way,VERONA,DANE,SNT OBS AND GYNECOLOGY,Gynecology,,53593,55025012700.0
664,1979 Milky Way,VERONA,DANE,SNT ONCOLOGY,Oncology,,53593,55025012700.0
665,1979 Milky Way,VERONA,DANE,SNT OPHTHALMOLOGY,Ophthalmology,,53593,55025012700.0
666,1979 Milky Way,VERONA,DANE,SNT ORTHOPEDICS,Orthopedic Surgery,,53593,55025012700.0
667,1979 Milky Way,VERONA,DANE,SNT OCCUP THERAPY,Occupational Therapy,,53593,55025012700.0
668,1979 Milky Way,VERONA,DANE,SNT PEDIATRICS,Pediatrics,,53593,55025012700.0
669,1979 Milky Way,VERONA,DANE,SNT PLASTIC SURGERY,Plastic Surgery,,53593,55025012700.0
670,1979 Milky Way,VERONA,DANE,SNT PHYS MED & REHAB,Physical Medicine and Rehabilitation,,53593,55025012700.0
671,1979 Milky Way,VERONA,DANE,SNT PSYCHIATRY,Psychiatry,,53593,55025012700.0
672,1979 Milky Way,VERONA,DANE,SNT PHYSICAL THERAPY,Physical Therapy,,53593,55025012700.0
673,1979 Milky Way,VERONA,DANE,SNT PATHOLOGY,Pathology,,53593,55025012700.0
674,1979 Milky Way,VERONA,DANE,SNT PULMONARY,Pulmonology,,53593,55025012700.0
675,1979 Milky Way,VERONA,DANE,SNT RADIATION ONCOLOGY,Radiation Oncology,,53593,55025012700.0
676,1979 Milky Way,VERONA,DANE,SNT NEPHROLOGY,Nephrology,,53593,55025012700.0
677,1979 Milky Way,VERONA,DANE,SNT RHEUMATOLOGY,Rheumatology,,53593,55025012700.0
678,1979 Milky Way,VERONA,DANE,SNT SPORTS MEDICINE,Sports Medicine,,53593,55025012700.0
679,1979 Milky Way,VERONA,DANE,SNT SPEECH PATHOLOGY,Speech Therapy,,53593,55025012700.0
680,1979 Milky Way,VERONA,DANE,SNT GENERAL SURGERY,General Surgery,,53593,55025012700.0
681,1979 Milky Way,VERONA,DANE,SNT TRANSPLANT,Transplant,,53593,55025012700.0
682,1979 Milky Way,VERONA,DANE,SNT URGENT CARE,Urgent Care,,53593,55025012700.0
683,1979 Milky Way,VERONA,DANE,SNT UROLOGY,Urology,,53593,55025012700.0
684,1979 Milky Way,VERONA,DANE,SNT VASCULAR SURGERY,Vascular Surgery,,53593,55025012700.0
685,1979 Milky Way,VERONA,*Unspecified,EHS COMMUNITY PRACTICE,Family Medicine,,53593,55025012700.0
686,1979 Milky Way,VERONA,*Unspecified,MODEL OVERFLOW,*Unspecified,,53593,55025012700.0
687,,,*Unspecified,6TH,*Unspecified,,,
688,,,*Unspecified,BURGER-LASIX,*Unspecified,,,
689,1979 Milky Way,VERONA,DANE,CH ROI DEPT,*Unspecified,,53593,55025012700.0
690,1979 Milky Way,VERONA,*Unspecified,CH EMERGENCY,Emergency Medicine,ED,53593,55025012700.0
691,1979 Milky Way,VERONA,*Unspecified,CH LABOR & DELIVERY,Obstetrics and Gynecology,L&D,53593,55025012700.0
692,1979 Milky Way,VERONA,*Unspecified,CH MED SURG,*Unspecified,Normal,53593,55025012700.0
693,1979 Milky Way,VERONA,*Unspecified,CH PSYCHIATRY,Psychiatry,Normal,53593,55025012700.0
694,1979 Milky Way,VERONA,*Unspecified,CH REHAB,Physical Medicine and Rehabilitation,Normal,53593,55025012700.0
695,1979 Milky Way,VERONA,*Unspecified,CH IP PHARMACY,Pharmacy,,53593,55025012700.0
696,1979 Milky Way,VERONA,*Unspecified,CH HOSPITAL LAB,Lab,HOD,53593,55025012700.0
697,1979 Milky Way,VERONA,*Unspecified,CH HEALTH INFO MGMT,*Unspecified,,53593,55025012700.0
698,1979 Milky Way,VERONA,*Unspecified,CH RESP THERAPY,Respiratory Therapy,HOD,53593,55025012700.0
699,1979 Milky Way,VERONA,*Unspecified,CH NUTRITION,Nutrition,HOD,53593,55025012700.0
700,1979 Milky Way,VERONA,*Unspecified,CH CARDIAC REHAB,Cardiology,HOD,53593,55025012700.0
701,1979 Milky Way,VERONA,*Unspecified,CH SLEEP LAB,Sleep Medicine,HOD,53593,55025012700.0
702,1979 Milky Way,VERONA,*Unspecified,CH PHYSICAL THERAPY,Physical Therapy,HOD,53593,55025012700.0
703,1979 Milky Way,VERONA,*Unspecified,CH OCC THERAPY,Occupational Therapy,HOD,53593,55025012700.0
704,1979 Milky Way,VERONA,*Unspecified,CH PATIENT ACCESS,*Unspecified,,53593,55025012700.0
705,1979 Milky Way,VERONA,*Unspecified,CH BILLING,*Unspecified,,53593,55025012700.0
706,1979 Milky Way,VERONA,*Unspecified,CH INFUSION THERAPY,Infusion Therapy,HOD,53593,55025012700.0
707,1979 Milky Way,VERONA,*Unspecified,CH SPEECH PATHOLOGY,Speech Therapy,HOD,53593,55025012700.0
708,1979 Milky Way,VERONA,*Unspecified,CH CT IMAGING,Radiology,HOD,53593,55025012700.0
709,1979 Milky Way,VERONA,*Unspecified,CH MRI IMAGING,Radiology,HOD,53593,55025012700.0
710,1979 Milky Way,VERONA,*Unspecified,CH US IMAGING,Radiology,HOD,53593,55025012700.0
711,1979 Milky Way,VERONA,*Unspecified,CH BREAST IMAGING,Radiology,HOD,53953,55077960400.0
712,1979 Milky Way,VERONA,*Unspecified,CH NUCLEAR MEDICINE,Radiology,HOD,53593,55025012700.0
713,1979 Milky Way,VERONA,*Unspecified,CH XRAY DEPARTMENT,Radiology,HOD,53593,55025012700.0
714,1979 Milky Way,VERONA,DANE,CH IR IMAGING,Radiology,HOD,53593,55025012700.0
715,1979 Milky Way,VERONA,DANE,CH PERIOP SERVICES,General Surgery,OR,53593,55025012700.0
716,1979 Milky Way,VERONA,DANE,CH CASE MANAGEMENT,Social Services,,53593,55025012700.0
717,1979 Milky Way,VERONA,DANE,SBO BUSINESS OFFICE,*Unspecified,,53593,55025012700.0
718,1979 Milky Way,VERONA,DANE,SBOH MED SURG,*Unspecified,,53593,55025012700.0
719,1979 Milky Way,VERONA,DANE,SBOH PHYSICAL THERAPY,Physical Therapy,,53593,55025012700.0
720,1979 Milky Way,VERONA,DANE,SBOC FAMILY PRACTICE,Family Medicine,,53593,55025012700.0
721,1500 SW 10th Avenue,Topeka,SHAWNEE,,,,66604-1301,
722,814 CAROLINE AVE,JUNCTION CITY,*Unspecified,,,,66441-5210,
723,2001 CLAFLIN RD,MANHATTAN,*Unspecified,,,,66502-3415,
724,2660 SW 3RD STREET,TOPEKA,*Unspecified,,,,66606-2438,
725,13351 S ARAPAHO DR,OLATHE,JOHNSON,,,,66062-1520,
726,1979 MILKY WAY,VERONA,*Unspecified,,,,53593,55025012700.0
727,,,*Unspecified,,,,,
728,,,*Unspecified,,,,,
729,1979 MILKY WAY,VERONA,*Unspecified,,,,53593,55025012700.0
730,1979 MILKY WAY,Verona,*Unspecified,,,,53593,55025012700.0
731,1979 MILKY WAY,VERONA,*Unspecified,,,,53593,55025012700.0
732,1979 MILKY WAY,VERONA,*Unspecified,,,,53593,55025012700.0
733,1979 MILKY WAY,VERONA,*Unspecified,,,,53593,55025012700.0
734,1500 SW 10th AVE,Topeka,*Unspecified,,,,66604-1301,
735,1414 SW 8th Ave,Topeka,*Unspecified,,,,66606-1535,
736,823 SW Mulvane St,TOPEKA,SHAWNEE,,,,66606-2700,
737,901 SW Garfield Ave,TOPEKA,SHAWNEE,,,,66606,20177000500.0
738,211 EAST MAIN ST,CARBONDALE,*Unspecified,,,,66414-9607,
739,,,*Unspecified,,,,66606-1670,
740,901 SW GARFIELD AVE,TOPEKA,*Unspecified,,,,66606-1695,
741,701 MISSOURI AVE,ALMA,*Unspecified,,,,66401-9710,
742,2909 SE WALNUT DR,TOPEKA,*Unspecified,,,,66605-2189,
743,720 SW LANE ST,TOPEKA,*Unspecified,,,,66606-1539,
744,1979 MILKY WAY,VERONA,*Unspecified,,,,53593,55025012700.0
745,6650 SW MISSION VALLEY DR,TOPEKA,*Unspecified,,,,66614-5654,
746,830 SW MUVANE ST,TOPEKA,*Unspecified,,,,66606-1681,
747,1301 W12TH AVE,EMPORIA,*Unspecified,,,,66801-2592,
748,3520 SW 6TH AVE,TOPEKA,*Unspecified,,,,66606-2806,
749,,,*Unspecified,,,,,
750,929 SW MULVANE ST,TOPEKA,*Unspecified,,,,66606-1677,
751,823 SW MULVANE ST,TOPEKA,*Unspecified,,,,66606-2700,
752,901 SW GARFIELD AVE,TOPEKA,*Unspecified,,,,66606-1695,
753,2200 Harvard Road Suite B,LAWRENCE,*Unspecified,,,,66049-2611,
754,118 W 4TH ST,LEBO,*Unspecified,,,,66856-0507,
755,407 E WYANDOTTE ST,MERIDEN,*Unspecified,,,,66512-9460,
756,1500 SW 10TH AVE,TOPEKA,*Unspecified,,,,66604-1301,
757,,,*Unspecified,,,,,
758,,,*Unspecified,,,,,
759,1130 N KANSAS AVE,TOPEKA,*Unspecified,,,,66608-1244,
760,,,*Unspecified,,,,,
761,909 SW MULVANE ST,TOPEKA,*Unspecified,,,,66606-1677,
762,131 W MARKET ST STE B,OSAGE CITY,*Unspecified,,,,66523-1138,
763,209 W JEFFERSON ST,OSKALOOSA,*Unspecified,,,,66066-4168,
764,1979 MILKY WAY,VERONA,*Unspecified,,,,53593,55025012700.0
765,1500 SW 10TH AVE,TOPEKA,*Unspecified,,,,66604-1301,
766,,,*Unspecified,,,,,
767,423 MAIN ST,ROSSVILLE,*Unspecified,,,,66533-9611,
768,3707 SW 6TH AVE,TOPEKA,*Unspecified,,,,66606-2084,
769,6725 SW 29TH ST,TOPEKA,*Unspecified,,,,66614-5625,
770,1704 COMMERCIAL CIRCLE,WAMEGO,*Unspecified,,,,66547-9690,
771,2600 NW ROCHESTER RD,TOPEKA,*Unspecified,,,,66617-1270,
772,1500 SW 10TH AVE,TOPEKA,*Unspecified,,,,66606-1301,
773,,,*Unspecified,,,,,
774,1500 SW 10TH AVE,TOPEKA,*Unspecified,,,,66606-1301,
775,1500 SW 10TH AVE,TOPEKA,*Unspecified,,,,66604-1301,
776,,,*Unspecified,,,,,
777,1133 COLLEGE AVE BULG E,MANHATTAN,*Unspecified,,,,66502-2813,
778,4100 SW 15TH ST,TOPEKA,*Unspecified,,,,66604-4334,
779,2860 SW MISSION WOODS DR,TOPEKA,*Unspecified,,,,66614-5646,
780,415 SW 8th Street,TOPEKA,SHAWNEE,,,,66606,20177000500.0
781,,,*Unspecified,,,,,
782,715 WASHINGTON ST BOX 171 STE B,LYNDON,*Unspecified,,,,66451-0171,
783,1979 MILKY WAY,VERONA,*Unspecified,,,,53593,55025012700.0
784,2252 SW 10th Ave Ste B,Topeka,SHAWNEE,,,,66604-3969,
785,1500 SW 10th AVE,Topeka,*Unspecified,,,,66604,20177003603.0
786,1516 SW 6TH,TOPEKA,*Unspecified,,,,66604-1696,
787,1504 SW 8th AVE,TOPEKA,*Unspecified,,,,66606-1632,
788,2252 SW 10TH AVE,TOPEKA,*Unspecified,,,,66604-3999,
789,2660 SW 3RD STREET,TOPEKA,*Unspecified,,,,66606-2438,
790,4505 NW Fielding Road,TOPEKA,SHAWNEE,,,,66618-2651,
791,909 SW Mulvane,TOPEKA,SHAWNEE,,,,66606-1677,
792,,,*Unspecified,,,,,
793,1979 Milky Way,Verona,*Unspecified,,,,53593,55025012700.0
794,1979 Milky Way,Verona,*Unspecified,,,,53593,55025012700.0
795,1979 Milky Way,Verona,*Unspecified,,,,53593,55025012700.0
796,1979 Milky Way,Verona,*Unspecified,,,,53593,55025012700.0
797,1979 MILKY WAY,VERONA,*Unspecified,,,,53593,55025012700.0
798,920 SW Lane Street,Topeka,*Unspecified,,,,66606-2549,
799,"2660 SW 3rd Street, Suite 002",Topeka,SHAWNEE,,,,66606-1764,
800,"2660 SW 3rd Street, Suite 002",Topeka,SHAWNEE,,,,66606,20177000500.0
801,1500 SW 10th AVE,Topeka,SHAWNEE,,,,66604-1301,
802,1500 SW 10th AVE,Topeka,SHAWNEE,,,,66604-1301,
803,1500 SW 10th AVE,Topeka,SHAWNEE,,,,66604-1301,
804,,,*Unspecified,,,,,
805,1979 MILKY WAY,VERONA,*Unspecified,,,,53593,55025012700.0
806,800 SW Lincoln St,TOPEKA,*Unspecified,,,,66606-1515,
807,800 SW Lincoln Street,Topeka,SHAWNEE,,,,66606-1515,
808,2830 SW Urish Road,Topeka,SHAWNEE,,,,66614-5614,
809,800 SW Lincoln Street,Topeka,SHAWNEE,,,,66606,20177000500.0
810,,,*Unspecified,,,,,
811,1979 MILKY WAY,VERONA,*Unspecified,,,,53593,55025012700.0
812,,,*Unspecified,,,,,
813,,,*Unspecified,,,,,
814,,,*Unspecified,,,,,
815,,,*Unspecified,,,,,
816,,,*Unspecified,,,,,
817,,,*Unspecified,,,,,
818,,,*Unspecified,,,,,
819,1979 Milky Way,VERONA,*Unspecified,,,,53593,55025012700.0
820,,,*Unspecified,,,,,
821,,,*Unspecified,,,,,
822,1979 MILKY WAY,VERONA,*Unspecified,,,,53593,55025012700.0
823,1979 MILKY WAY,VERONA,*Unspecified,,,,53593,55025012700.0
824,,,*Unspecified,,,,,
825,1979 MILKY WAY,Verona,*Unspecified,,,,53593,55025012700.0
826,1979 MILKY WAY,VERONA,*Unspecified,,,,53593,55025012700.0
827,,,*Unspecified,,,,,
828,,,*Unspecified,,,,,
829,1500 SW 10th Ave,Topeka,*Unspecified,,,,66604,20177003603.0
830,1500 SW 10th Ave,Topeka,SHAWNEE,POST SURG OBSERVATION,*Unspecified,,66604,20177003603.0
831,1301 W 12th,Emporia,LYON,EMPORIA PEDS ENDOCRIN,Pediatric Endocrinology,,66801,20111000300.0
832,2660 SW 3rd Street,Topeka,SHAWNEE,STORMONT VAIL MRI AT KANZA PARK,Radiology,HOD,66606,20177000500.0
833,1133 College Ave Bldg E Suite 210,MANHATTAN,RILEY,MANHATTAN DHC,Gastroenterology,,66502,20161000900.0
834,"601 SW Corporate View Rd, Suite 200",TOPEKA,SHAWNEE,CORPORATE VIEW CLINIC,Family Medicine,,66615-1245,
835,"601 SW Corporate View Rd, Suite 200",TOPEKA,SHAWNEE,CORPORATE VIEW EXPRESS,Urgent Care,,66615-1245,
836,"601 SW Corporate View Rd, Suite 200",TOPEKA,SHAWNEE,CORPORATE VIEW LAB,Lab,,66615-1245,
837,"601 SW Corporate View Rd, Suite 200",TOPEKA,SHAWNEE,CORPORATE VIEW XRAY,Radiology,,66615-1245,
838,601 SW Corporate View Rd Suite 200,TOPEKA,SHAWNEE,,,,66615-1245,
839,,,*Unspecified,*Unspecified,*Unspecified,*Unspecified,,
840,,,*Unspecified,*Unspecified,*Unspecified,*Unspecified,,
841,,,*Unspecified,*Unspecified,*Unspecified,*Unspecified,,
842,,,*Unspecified,*Unspecified,*Unspecified,*Unspecified,,
843,,,*Unspecified,*Unspecified,*Unspecified,*Unspecified,,
844,,,*Unspecified,*Unspecified,*Unspecified,*Unspecified,,
845,,,*Unspecified,*Unspecified,*Unspecified,*Unspecified,,
846,,,*Unspecified,*Unspecified,*Unspecified,*Unspecified,,
847,,,*Unspecified,*Unspecified,*Unspecified,*Unspecified,,
848,,,*Unspecified,*Unspecified,*Unspecified,*Unspecified,,
849,,,*Unspecified,*Unspecified,*Unspecified,*Unspecified,,
850,,,*Unspecified,*Unspecified,*Unspecified,*Unspecified,,
851,,,*Unspecified,*Unspecified,*Unspecified,*Unspecified,,
852,,,*Unspecified,*Unspecified,*Unspecified,*Unspecified,,
853,,,*Unspecified,*Unspecified,*Unspecified,*Unspecified,,
854,,,*Unspecified,*Unspecified,*Unspecified,*Unspecified,,
855,,,*Unspecified,*Unspecified,*Unspecified,*Unspecified,,
856,,,*Unspecified,*Unspecified,*Unspecified,*Unspecified,,
857,,,*Unspecified,*Unspecified,*Unspecified,*Unspecified,,
858,,,*Unspecified,*Unspecified,*Unspecified,*Unspecified,,
859,,,*Unspecified,*Unspecified,*Unspecified,*Unspecified,,
860,,,*Unspecified,*Unspecified,*Unspecified,*Unspecified,,
861,,,*Unspecified,*Unspecified,*Unspecified,*Unspecified,,
862,,,*Unspecified,*Unspecified,*Unspecified,*Unspecified,,
863,,,*Unspecified,*Unspecified,*Unspecified,*Unspecified,,
864,,,*Unspecified,*Unspecified,*Unspecified,*Unspecified,,
865,,,*Unspecified,*Unspecified,*Unspecified,*Unspecified,,
866,,,*Unspecified,*Unspecified,*Unspecified,*Unspecified,,
867,,,*Unspecified,*Unspecified,*Unspecified,*Unspecified,,
868,,,*Unspecified,*Unspecified,*Unspecified,*Unspecified,,
869,,,*Unspecified,*Unspecified,*Unspecified,*Unspecified,,
870,,,*Unspecified,*Unspecified,*Unspecified,*Unspecified,,
871,,,*Unspecified,*Unspecified,*Unspecified,*Unspecified,,
872,,,*Unspecified,*Unspecified,*Unspecified,*Unspecified,,
873,1500 SW 10th Ave,Topeka,SHAWNEE,EMERGENCY DEPARTMENT,Emergency Medicine,ED,66604,20177003603.0
874,,,*Unspecified,*Unspecified,*Unspecified,*Unspecified,,
875,,,*Unspecified,*Unspecified,*Unspecified,*Unspecified,,
876,,,*Unspecified,*Unspecified,*Unspecified,*Unspecified,,
877,,,*Unspecified,*Unspecified,*Unspecified,*Unspecified,,
878,,,*Unspecified,*Unspecified,*Unspecified,*Unspecified,,
879,1500 SW 10th Ave,Topeka,SHAWNEE,EMERGENCY DEPARTMENT,Emergency Medicine,ED,66604,20177003603.0
880,,,*Unspecified,*Unspecified,*Unspecified,*Unspecified,,
881,1500 SW 10th Ave,Topeka,SHAWNEE,EMERGENCY DEPARTMENT,Emergency Medicine,ED,66604,20177003603.0
882,1500 SW 10th Ave,Topeka,SHAWNEE,EMERGENCY DEPARTMENT,Emergency Medicine,ED,66604,20177003603.0
883,1500 SW 10th Ave,Topeka,SHAWNEE,EMERGENCY DEPARTMENT,Emergency Medicine,ED,66604,20177003603.0
884,1500 SW 10th Ave,Topeka,SHAWNEE,EMERGENCY DEPARTMENT,Emergency Medicine,ED,66604,20177003603.0
885,,,*Unspecified,*Unspecified,*Unspecified,*Unspecified,,
886,1500 SW 10th Ave,Topeka,SHAWNEE,EMERGENCY DEPARTMENT,Emergency Medicine,ED,66604,20177003603.0
887,1500 SW 10th Ave,Topeka,SHAWNEE,EMERGENCY DEPARTMENT,Emergency Medicine,ED,66604,20177003603.0
888,1500 SW 10th Ave,Topeka,SHAWNEE,EMERGENCY DEPARTMENT,Emergency Medicine,ED,66604,20177003603.0
889,1500 SW 10th Ave,Topeka,SHAWNEE,EMERGENCY DEPARTMENT,Emergency Medicine,ED,66604,20177003603.0
890,1500 SW 10th Ave,Topeka,SHAWNEE,EMERGENCY DEPARTMENT,Emergency Medicine,ED,66604,20177003603.0
891,1500 SW 10th Ave,Topeka,SHAWNEE,EMERGENCY DEPARTMENT,Emergency Medicine,ED,66604,20177003603.0
892,1500 SW 10th Ave,Topeka,SHAWNEE,EMERGENCY DEPARTMENT,Emergency Medicine,ED,66604,20177003603.0
893,,,*Unspecified,*Unspecified,*Unspecified,*Unspecified,,
894,,,*Unspecified,*Unspecified,*Unspecified,*Unspecified,,
895,,,*Unspecified,*Unspecified,*Unspecified,*Unspecified,,
896,,,*Unspecified,*Unspecified,*Unspecified,*Unspecified,,
897,,,*Unspecified,*Unspecified,*Unspecified,*Unspecified,,
898,,,*Unspecified,*Unspecified,*Unspecified,*Unspecified,,
899,,,*Unspecified,*Unspecified,*Unspecified,*Unspecified,,
900,,,*Unspecified,*Unspecified,*Unspecified,*Unspecified,,
901,,,*Unspecified,*Unspecified,*Unspecified,*Unspecified,,
902,,,*Unspecified,*Unspecified,*Unspecified,*Unspecified,,
903,,,*Unspecified,*Unspecified,*Unspecified,*Unspecified,,
904,,,*Unspecified,*Unspecified,*Unspecified,*Unspecified,,
905,,,*Unspecified,*Unspecified,*Unspecified,*Unspecified,,
906,,,*Unspecified,*Unspecified,*Unspecified,*Unspecified,,
907,,,*Unspecified,*Unspecified,*Unspecified,*Unspecified,,
908,,,*Unspecified,*Unspecified,*Unspecified,*Unspecified,,
909,,,*Unspecified,*Unspecified,*Unspecified,*Unspecified,,
910,,,*Unspecified,*Unspecified,*Unspecified,*Unspecified,,
911,1500 SW 10th Ave,Topeka,SHAWNEE,BIRTHPLACE,Obstetrics,L&D,66604,20177003603.0
912,,,*Unspecified,*Unspecified,*Unspecified,*Unspecified,,
913,,,*Unspecified,*Unspecified,*Unspecified,*Unspecified,,
914,,,*Unspecified,*Unspecified,*Unspecified,*Unspecified,,
915,,,*Unspecified,*Unspecified,*Unspecified,*Unspecified,,
916,1500 SW 10th Ave,Topeka,SHAWNEE,BIRTHPLACE,Obstetrics,L&D,66604,20177003603.0
917,,,*Unspecified,*Unspecified,*Unspecified,*Unspecified,,
918,,,*Unspecified,*Unspecified,*Unspecified,*Unspecified,,
919,,,*Unspecified,*Unspecified,*Unspecified,*Unspecified,,
920,1500 SW 10th Ave,Topeka,SHAWNEE,NIC,Neonatology,ICU,66604,20177003603.0
921,1500 SW 10th Ave,Topeka,SHAWNEE,NIC,Neonatology,ICU,66604,20177003603.0
922,1500 SW 10th Ave,Topeka,SHAWNEE,POST-SURGICAL-7 SOUTH,*Unspecified,,66604,20177003603.0
923,1500 SW 10th Ave,Topeka,SHAWNEE,POST-SURGICAL-7 SOUTH,*Unspecified,,66604,20177003603.0
924,1500 SW 10th Ave,Topeka,SHAWNEE,BIRTHPLACE,Obstetrics,L&D,66604,20177003603.0
925,1500 SW 10th Ave,Topeka,SHAWNEE,NURSERY,*Unspecified,L&D,66604,20177003603.0
926,1500 SW 10th Ave,Topeka,SHAWNEE,BIRTHPLACE,Obstetrics,L&D,66604,20177003603.0
927,1500 SW 10th Ave,Topeka,SHAWNEE,BIRTHPLACE,Obstetrics,L&D,66604,20177003603.0
928,1500 SW 10th Ave,Topeka,SHAWNEE,BIRTHPLACE,Obstetrics,L&D,66604,20177003603.0
929,1500 SW 10th Ave,Topeka,SHAWNEE,BIRTHPLACE,Obstetrics,L&D,66604,20177003603.0
930,1500 SW 10th Ave,Topeka,SHAWNEE,BIRTHPLACE,Obstetrics,L&D,66604,20177003603.0
931,1500 SW 10th Ave,Topeka,SHAWNEE,5 NORTH,*Unspecified,,66604,20177003603.0
932,1500 SW 10th Ave,Topeka,SHAWNEE,5 NORTH,*Unspecified,,66604,20177003603.0
933,1500 SW 10th Ave,Topeka,SHAWNEE,6 NORTH,*Unspecified,,66604,20177003603.0
934,1500 SW 10th Ave,Topeka,SHAWNEE,6 NORTH,*Unspecified,,66604,20177003603.0
935,1500 SW 10th Ave,Topeka,SHAWNEE,7 NORTH,*Unspecified,,66604,20177003603.0
936,1500 SW 10th Ave,Topeka,SHAWNEE,7 NORTH,*Unspecified,,66604,20177003603.0
937,1500 SW 10th Ave,Topeka,SHAWNEE,EMERGENCY DEPARTMENT,Emergency Medicine,ED,66604,20177003603.0
938,1500 SW 10th Ave,Topeka,SHAWNEE,EMERGENCY DEPARTMENT,Emergency Medicine,ED,66604,20177003603.0
939,1500 SW 10th Ave,Topeka,SHAWNEE,CRITICAL CARE-PAVILION,Critical Care Medicine,ICU,66604,20177003603.0
940,1500 SW 10th Ave,Topeka,SHAWNEE,CRITICAL CARE-PAVILION,Critical Care Medicine,ICU,66604,20177003603.0
941,1500 SW 10th Ave,Topeka,SHAWNEE,INTERMEDIATE CARE,*Unspecified,,66604,20177003603.0
942,1500 SW 10th Ave,Topeka,SHAWNEE,INTERMEDIATE CARE,*Unspecified,,66604,20177003603.0
943,1500 SW 10th Ave,Topeka,SHAWNEE,4 PAVILION,Hematology and Oncology,,66604,20177003603.0
944,1500 SW 10th Ave,Topeka,SHAWNEE,4 PAVILION,Hematology and Oncology,,66604,20177003603.0
945,- 340B00935100SV,,*Unspecified,ST OUTPATIENT CTR,*Unspecified,,,
946,- 340B00935100SV,,*Unspecified,ST OUTPATIENT CTR,*Unspecified,,,
947,- 340B00935100SV,,*Unspecified,ST OUTPATIENT CTR,*Unspecified,,,
948,- 340B00935100SV,,*Unspecified,ST OUTPATIENT CTR,*Unspecified,,,
949,1500 SW 10th Ave,Topeka,SHAWNEE,JOINT CENTER,*Unspecified,,66604,20177003603.0
950,1500 SW 10th Ave,Topeka,SHAWNEE,SPINE CENTER,*Unspecified,,66604,20177003603.0
951,1500 SW 10th Ave,Topeka,SHAWNEE,SPINE CENTER,*Unspecified,,66604,20177003603.0
952,1500 SW 10th Ave,Topeka,SHAWNEE,NURSERY,*Unspecified,L&D,66604,20177003603.0
953,1500 SW 10th Ave,Topeka,SHAWNEE,BIRTHPLACE,Obstetrics,L&D,66604,20177003603.0
954,1500 SW 10th Ave,Topeka,SHAWNEE,NURSERY,*Unspecified,L&D,66604,20177003603.0
955,,,*Unspecified,*Unspecified,*Unspecified,*Unspecified,,
956,1500 SW 10th Ave,Topeka,SHAWNEE,CRITICAL CARE-2SOUTH,*Unspecified,ICU,66604,20177003603.0
957,1500 SW 10th Ave,Topeka,SHAWNEE,CRITICAL CARE-2SOUTH,*Unspecified,ICU,66604,20177003603.0
958,1500 SW 10th Ave,Topeka,SHAWNEE,BIRTHPLACE,Obstetrics,L&D,66604,20177003603.0
959,,,*Unspecified,*Unspecified,*Unspecified,*Unspecified,,
960,1979 Milky Way,VERONA,*Unspecified,EMH EMERGENCY,Emergency Medicine,ED,53593,55025012700.0
961,1979 Milky Way,VERONA,*Unspecified,EMH EMERGENCY,Emergency Medicine,ED,53593,55025012700.0
962,1979 Milky Way,VERONA,*Unspecified,EMH MED SURG,*Unspecified,,53593,55025012700.0
963,1979 Milky Way,VERONA,*Unspecified,EMH ICU,Intensive Care,ICU,53593,55025012700.0
964,1979 Milky Way,VERONA,*Unspecified,EMH MED SURG,*Unspecified,,53593,55025012700.0
965,1979 Milky Way,VERONA,*Unspecified,EMH SLEEP LAB,Sleep Medicine,HOD,53593,55025012700.0
966,1979 Milky Way,VERONA,*Unspecified,EMH SLEEP LAB,Sleep Medicine,HOD,53593,55025012700.0
967,1979 Milky Way,VERONA,*Unspecified,EMH MED SURG,*Unspecified,,53593,55025012700.0
968,,,*Unspecified,*Unspecified,*Unspecified,*Unspecified,,
969,1500 SW 10th Ave,Topeka,SHAWNEE,EMERGENCY DEPARTMENT,Emergency Medicine,ED,66604,20177003603.0
970,1500 SW 10th Ave,Topeka,SHAWNEE,EMERGENCY DEPARTMENT,Emergency Medicine,ED,66604,20177003603.0
971,1500 SW 10th Ave,Topeka,SHAWNEE,EMERGENCY DEPARTMENT,Emergency Medicine,ED,66604,20177003603.0
972,1500 SW 10th Ave,Topeka,SHAWNEE,EMERGENCY DEPARTMENT,Emergency Medicine,ED,66604,20177003603.0
973,1500 SW 10th Ave,Topeka,SHAWNEE,EMERGENCY DEPARTMENT,Emergency Medicine,ED,66604,20177003603.0
974,1500 SW 10th Ave,Topeka,SHAWNEE,EMERGENCY DEPARTMENT,Emergency Medicine,ED,66604,20177003603.0
975,1500 SW 10th Ave,Topeka,SHAWNEE,EMERGENCY DEPARTMENT,Emergency Medicine,ED,66604,20177003603.0
976,1500 SW 10th Ave,Topeka,SHAWNEE,EMERGENCY DEPARTMENT,Emergency Medicine,ED,66604,20177003603.0
977,1500 SW 10th Ave,Topeka,SHAWNEE,EMERGENCY DEPARTMENT,Emergency Medicine,ED,66604,20177003603.0
978,1500 SW 10th Ave,Topeka,SHAWNEE,EMERGENCY DEPARTMENT,Emergency Medicine,ED,66604,20177003603.0
979,,,*Unspecified,*Unspecified,*Unspecified,*Unspecified,,
980,1500 SW 10th Ave,Topeka,SHAWNEE,EMERGENCY DEPARTMENT,Emergency Medicine,ED,66604,20177003603.0
981,1500 SW 10th Ave,Topeka,SHAWNEE,EMERGENCY DEPARTMENT,Emergency Medicine,ED,66604,20177003603.0
982,1500 SW 10th Ave,Topeka,SHAWNEE,EMERGENCY DEPARTMENT,Emergency Medicine,ED,66604,20177003603.0
983,1500 SW 10th Ave,Topeka,SHAWNEE,EMERGENCY DEPARTMENT,Emergency Medicine,ED,66604,20177003603.0
984,1500 SW 10th Ave,Topeka,SHAWNEE,EMERGENCY DEPARTMENT,Emergency Medicine,ED,66604,20177003603.0
985,1500 SW 10th Ave,Topeka,SHAWNEE,EMERGENCY DEPARTMENT,Emergency Medicine,ED,66604,20177003603.0
986,1500 SW 10th Ave,Topeka,SHAWNEE,EMERGENCY DEPARTMENT,Emergency Medicine,ED,66604,20177003603.0
987,1500 SW 10th Ave,Topeka,SHAWNEE,EMERGENCY DEPARTMENT,Emergency Medicine,ED,66604,20177003603.0
988,1500 SW 10th Ave,Topeka,SHAWNEE,EMERGENCY DEPARTMENT,Emergency Medicine,ED,66604,20177003603.0
989,1500 SW 10th Ave,Topeka,SHAWNEE,EMERGENCY DEPARTMENT,Emergency Medicine,ED,66604,20177003603.0
990,,,*Unspecified,*Unspecified,*Unspecified,*Unspecified,,
991,1500 SW 10th Ave,Topeka,SHAWNEE,EMERGENCY DEPARTMENT,Emergency Medicine,ED,66604,20177003603.0
992,1500 SW 10th Ave,Topeka,SHAWNEE,EMERGENCY DEPARTMENT,Emergency Medicine,ED,66604,20177003603.0
993,1500 SW 10th Ave,Topeka,SHAWNEE,EMERGENCY DEPARTMENT,Emergency Medicine,ED,66604,20177003603.0
994,1500 SW 10th Ave,Topeka,SHAWNEE,EMERGENCY DEPARTMENT,Emergency Medicine,ED,66604,20177003603.0
995,1500 SW 10th Ave,Topeka,SHAWNEE,EMERGENCY DEPARTMENT,Emergency Medicine,ED,66604,20177003603.0
996,1500 SW 10th Ave,Topeka,SHAWNEE,EMERGENCY DEPARTMENT,Emergency Medicine,ED,66604,20177003603.0
997,1500 SW 10th Ave,Topeka,SHAWNEE,EMERGENCY DEPARTMENT,Emergency Medicine,ED,66604,20177003603.0
998,1500 SW 10th Ave,Topeka,SHAWNEE,EMERGENCY DEPARTMENT,Emergency Medicine,ED,66604,20177003603.0
999,1500 SW 10th Ave,Topeka,SHAWNEE,EMERGENCY DEPARTMENT,Emergency Medicine,ED,66604,20177003603.0
1000,1500 SW 10th Ave,Topeka,SHAWNEE,EMERGENCY DEPARTMENT,Emergency Medicine,ED,66604,20177003603.0
1001,,,*Unspecified,*Unspecified,*Unspecified,*Unspecified,,
1002,1500 SW 10th Ave,Topeka,SHAWNEE,EMERGENCY DEPARTMENT,Emergency Medicine,ED,66604,20177003603.0
1003,1500 SW 10th Ave,Topeka,SHAWNEE,EMERGENCY DEPARTMENT,Emergency Medicine,ED,66604,20177003603.0
1004,1500 SW 10th Ave,Topeka,SHAWNEE,EMERGENCY DEPARTMENT,Emergency Medicine,ED,66604,20177003603.0
1005,1500 SW 10th Ave,Topeka,SHAWNEE,EMERGENCY DEPARTMENT,Emergency Medicine,ED,66604,20177003603.0
1006,1500 SW 10th Ave,Topeka,SHAWNEE,EMERGENCY DEPARTMENT,Emergency Medicine,ED,66604,20177003603.0
1007,1500 SW 10th Ave,Topeka,SHAWNEE,EMERGENCY DEPARTMENT,Emergency Medicine,ED,66604,20177003603.0
1008,1500 SW 10th Ave,Topeka,SHAWNEE,EMERGENCY DEPARTMENT,Emergency Medicine,ED,66604,20177003603.0
1009,1500 SW 10th Ave,Topeka,SHAWNEE,EMERGENCY DEPARTMENT,Emergency Medicine,ED,66604,20177003603.0
1010,1500 SW 10th Ave,Topeka,SHAWNEE,EMERGENCY DEPARTMENT,Emergency Medicine,ED,66604,20177003603.0
1011,1500 SW 10th Ave,Topeka,SHAWNEE,EMERGENCY DEPARTMENT,Emergency Medicine,ED,66604,20177003603.0
1012,,,*Unspecified,*Unspecified,*Unspecified,*Unspecified,,
1013,1500 SW 10th Ave,Topeka,SHAWNEE,EMERGENCY DEPARTMENT,Emergency Medicine,ED,66604,20177003603.0
1014,1500 SW 10th Ave,Topeka,SHAWNEE,EMERGENCY DEPARTMENT,Emergency Medicine,ED,66604,20177003603.0
1015,1500 SW 10th Ave,Topeka,SHAWNEE,EMERGENCY DEPARTMENT,Emergency Medicine,ED,66604,20177003603.0
1016,1500 SW 10th Ave,Topeka,SHAWNEE,EMERGENCY DEPARTMENT,Emergency Medicine,ED,66604,20177003603.0
1017,1500 SW 10th Ave,Topeka,SHAWNEE,EMERGENCY DEPARTMENT,Emergency Medicine,ED,66604,20177003603.0
1018,1500 SW 10th Ave,Topeka,SHAWNEE,EMERGENCY DEPARTMENT,Emergency Medicine,ED,66604,20177003603.0
1019,1500 SW 10th Ave,Topeka,SHAWNEE,EMERGENCY DEPARTMENT,Emergency Medicine,ED,66604,20177003603.0
1020,1500 SW 10th Ave,Topeka,SHAWNEE,EMERGENCY DEPARTMENT,Emergency Medicine,ED,66604,20177003603.0
1021,1500 SW 10th Ave,Topeka,SHAWNEE,EMERGENCY DEPARTMENT,Emergency Medicine,ED,66604,20177003603.0
1022,1500 SW 10th Ave,Topeka,SHAWNEE,EMERGENCY DEPARTMENT,Emergency Medicine,ED,66604,20177003603.0
1023,,,*Unspecified,*Unspecified,*Unspecified,*Unspecified,,
1024,1979 Milky Way,VERONA,*Unspecified,EMH EMERGENCY,Emergency Medicine,ED,53593,55025012700.0
1025,1979 Milky Way,VERONA,*Unspecified,EMH EMERGENCY,Emergency Medicine,ED,53593,55025012700.0
1026,1979 Milky Way,VERONA,*Unspecified,EMH EMERGENCY,Emergency Medicine,ED,53593,55025012700.0
1027,1979 Milky Way,VERONA,*Unspecified,EMH EMERGENCY,Emergency Medicine,ED,53593,55025012700.0
1028,1979 Milky Way,VERONA,*Unspecified,EMH EMERGENCY,Emergency Medicine,ED,53593,55025012700.0
1029,1979 Milky Way,VERONA,*Unspecified,EMH EMERGENCY,Emergency Medicine,ED,53593,55025012700.0
1030,1979 Milky Way,VERONA,*Unspecified,EMH EMERGENCY,Emergency Medicine,ED,53593,55025012700.0
1031,1979 Milky Way,VERONA,*Unspecified,EMH EMERGENCY,Emergency Medicine,ED,53593,55025012700.0
1032,1979 Milky Way,VERONA,*Unspecified,EMH EMERGENCY,Emergency Medicine,ED,53593,55025012700.0
1033,1979 Milky Way,VERONA,*Unspecified,EMH EMERGENCY,Emergency Medicine,ED,53593,55025012700.0
1034,,,*Unspecified,*Unspecified,*Unspecified,*Unspecified,,
1035,1979 Milky Way,VERONA,*Unspecified,EMH EMERGENCY,Emergency Medicine,ED,53593,55025012700.0
1036,1979 Milky Way,VERONA,*Unspecified,EMH EMERGENCY,Emergency Medicine,ED,53593,55025012700.0
1037,1979 Milky Way,VERONA,*Unspecified,EMH EMERGENCY,Emergency Medicine,ED,53593,55025012700.0
1038,1979 Milky Way,VERONA,*Unspecified,EMH EMERGENCY,Emergency Medicine,ED,53593,55025012700.0
1039,1979 Milky Way,VERONA,*Unspecified,EMH EMERGENCY,Emergency Medicine,ED,53593,55025012700.0
1040,1979 Milky Way,VERONA,*Unspecified,EMH EMERGENCY,Emergency Medicine,ED,53593,55025012700.0
1041,1979 Milky Way,VERONA,*Unspecified,EMH EMERGENCY,Emergency Medicine,ED,53593,55025012700.0
1042,1979 Milky Way,VERONA,*Unspecified,EMH EMERGENCY,Emergency Medicine,ED,53593,55025012700.0
1043,1979 Milky Way,VERONA,*Unspecified,EMH EMERGENCY,Emergency Medicine,ED,53593,55025012700.0
1044,1979 Milky Way,VERONA,*Unspecified,EMH EMERGENCY,Emergency Medicine,ED,53593,55025012700.0
1045,,,*Unspecified,*Unspecified,*Unspecified,*Unspecified,,
1046,1979 Milky Way,VERONA,*Unspecified,EMH EMERGENCY,Emergency Medicine,ED,53593,55025012700.0
1047,1979 Milky Way,VERONA,*Unspecified,EMH EMERGENCY,Emergency Medicine,ED,53593,55025012700.0
1048,1979 Milky Way,VERONA,*Unspecified,EMH EMERGENCY,Emergency Medicine,ED,53593,55025012700.0
1049,1979 Milky Way,VERONA,*Unspecified,EMH EMERGENCY,Emergency Medicine,ED,53593,55025012700.0
1050,1979 Milky Way,VERONA,*Unspecified,EMH EMERGENCY,Emergency Medicine,ED,53593,55025012700.0
1051,1979 Milky Way,VERONA,*Unspecified,EMH EMERGENCY,Emergency Medicine,ED,53593,55025012700.0
1052,1979 Milky Way,VERONA,*Unspecified,EMH EMERGENCY,Emergency Medicine,ED,53593,55025012700.0
1053,1979 Milky Way,VERONA,*Unspecified,EMH EMERGENCY,Emergency Medicine,ED,53593,55025012700.0
1054,1979 Milky Way,VERONA,*Unspecified,EMH EMERGENCY,Emergency Medicine,ED,53593,55025012700.0
1055,1979 Milky Way,VERONA,*Unspecified,EMH EMERGENCY,Emergency Medicine,ED,53593,55025012700.0
1056,,,*Unspecified,*Unspecified,*Unspecified,*Unspecified,,
1057,1979 Milky Way,VERONA,*Unspecified,EMH EMERGENCY,Emergency Medicine,ED,53593,55025012700.0
1058,1979 Milky Way,VERONA,*Unspecified,EMH EMERGENCY,Emergency Medicine,ED,53593,55025012700.0
1059,1979 Milky Way,VERONA,*Unspecified,EMH EMERGENCY,Emergency Medicine,ED,53593,55025012700.0
1060,1979 Milky Way,VERONA,*Unspecified,EMH EMERGENCY,Emergency Medicine,ED,53593,55025012700.0
1061,1979 Milky Way,VERONA,*Unspecified,EMH EMERGENCY,Emergency Medicine,ED,53593,55025012700.0
1062,1979 Milky Way,VERONA,*Unspecified,EMH EMERGENCY,Emergency Medicine,ED,53593,55025012700.0
1063,1979 Milky Way,VERONA,*Unspecified,EMH EMERGENCY,Emergency Medicine,ED,53593,55025012700.0
1064,1979 Milky Way,VERONA,*Unspecified,EMH EMERGENCY,Emergency Medicine,ED,53593,55025012700.0
1065,1979 Milky Way,VERONA,*Unspecified,EMH EMERGENCY,Emergency Medicine,ED,53593,55025012700.0
1066,1979 Milky Way,VERONA,*Unspecified,EMH EMERGENCY,Emergency Medicine,ED,53593,55025012700.0
1067,,,*Unspecified,*Unspecified,*Unspecified,*Unspecified,,
1068,1979 Milky Way,VERONA,*Unspecified,EMH EMERGENCY,Emergency Medicine,ED,53593,55025012700.0
1069,1979 Milky Way,VERONA,*Unspecified,EMH EMERGENCY,Emergency Medicine,ED,53593,55025012700.0
1070,1979 Milky Way,VERONA,*Unspecified,EMH EMERGENCY,Emergency Medicine,ED,53593,55025012700.0
1071,1979 Milky Way,VERONA,*Unspecified,EMH EMERGENCY,Emergency Medicine,ED,53593,55025012700.0
1072,1979 Milky Way,VERONA,*Unspecified,EMH EMERGENCY,Emergency Medicine,ED,53593,55025012700.0
1073,1979 Milky Way,VERONA,*Unspecified,EMH EMERGENCY,Emergency Medicine,ED,53593,55025012700.0
1074,1979 Milky Way,VERONA,*Unspecified,EMH EMERGENCY,Emergency Medicine,ED,53593,55025012700.0
1075,1979 Milky Way,VERONA,*Unspecified,EMH EMERGENCY,Emergency Medicine,ED,53593,55025012700.0
1076,1979 Milky Way,VERONA,*Unspecified,EMH EMERGENCY,Emergency Medicine,ED,53593,55025012700.0
1077,1979 Milky Way,VERONA,*Unspecified,EMH EMERGENCY,Emergency Medicine,ED,53593,55025012700.0
1078,,,*Unspecified,*Unspecified,*Unspecified,*Unspecified,,
1079,1979 Milky Way,VERONA,*Unspecified,EMH MED SURG,*Unspecified,,53593,55025012700.0
1080,1979 Milky Way,VERONA,*Unspecified,EMH MED SURG,*Unspecified,,53593,55025012700.0
1081,1979 Milky Way,VERONA,*Unspecified,EMH MED SURG,*Unspecified,,53593,55025012700.0
1082,1979 Milky Way,VERONA,*Unspecified,EMH MED SURG,*Unspecified,,53593,55025012700.0
1083,1979 Milky Way,VERONA,*Unspecified,EMH MED SURG,*Unspecified,,53593,55025012700.0
1084,1979 Milky Way,VERONA,*Unspecified,EMH MED SURG,*Unspecified,,53593,55025012700.0
1085,1979 Milky Way,VERONA,*Unspecified,EMH ICU,Intensive Care,ICU,53593,55025012700.0
1086,1979 Milky Way,VERONA,*Unspecified,EMH ICU,Intensive Care,ICU,53593,55025012700.0
1087,1979 Milky Way,VERONA,*Unspecified,EMH ICU,Intensive Care,ICU,53593,55025012700.0
1088,,,*Unspecified,*Unspecified,*Unspecified,*Unspecified,,
1089,1979 Milky Way,VERONA,*Unspecified,EMH ICU,Intensive Care,ICU,53593,55025012700.0
1090,1979 Milky Way,VERONA,*Unspecified,EMH ICU,Intensive Care,ICU,53593,55025012700.0
1091,1979 Milky Way,VERONA,*Unspecified,EMH ICU,Intensive Care,ICU,53593,55025012700.0
1092,1979 Milky Way,VERONA,*Unspecified,EMH ICU,Intensive Care,ICU,53593,55025012700.0
1093,1979 Milky Way,VERONA,*Unspecified,EMH ICU,Intensive Care,ICU,53593,55025012700.0
1094,1979 Milky Way,VERONA,*Unspecified,EMH ICU,Intensive Care,ICU,53593,55025012700.0
1095,1979 Milky Way,VERONA,*Unspecified,EMH ICU,Intensive Care,ICU,53593,55025012700.0
1096,1979 Milky Way,VERONA,*Unspecified,EMH ICU,Intensive Care,ICU,53593,55025012700.0
1097,1979 Milky Way,VERONA,*Unspecified,EMH ICU,Intensive Care,ICU,53593,55025012700.0
1098,1979 Milky Way,VERONA,*Unspecified,EMH ICU,Intensive Care,ICU,53593,55025012700.0
1099,,,*Unspecified,*Unspecified,*Unspecified,*Unspecified,,
1100,1979 Milky Way,VERONA,*Unspecified,EMH ICU,Intensive Care,ICU,53593,55025012700.0
1101,1979 Milky Way,VERONA,*Unspecified,EMH ICU,Intensive Care,ICU,53593,55025012700.0
1102,1979 Milky Way,VERONA,*Unspecified,EMH MED SURG,*Unspecified,,53593,55025012700.0
1103,1979 Milky Way,VERONA,*Unspecified,EMH MED SURG,*Unspecified,,53593,55025012700.0
1104,1979 Milky Way,VERONA,*Unspecified,EMH MED SURG,*Unspecified,,53593,55025012700.0
1105,1979 Milky Way,VERONA,*Unspecified,EMH MED SURG,*Unspecified,,53593,55025012700.0
1106,1979 Milky Way,VERONA,*Unspecified,EMH MED SURG,*Unspecified,,53593,55025012700.0
1107,1979 Milky Way,VERONA,*Unspecified,EMH MED SURG,*Unspecified,,53593,55025012700.0
1108,1979 Milky Way,VERONA,*Unspecified,EMH MED SURG,*Unspecified,,53593,55025012700.0
1109,1979 Milky Way,VERONA,*Unspecified,EMH MED SURG,*Unspecified,,53593,55025012700.0
1110,,,*Unspecified,*Unspecified,*Unspecified,*Unspecified,,
1111,1979 Milky Way,VERONA,*Unspecified,EMH MED SURG,*Unspecified,,53593,55025012700.0
1112,1979 Milky Way,VERONA,*Unspecified,EMH MED SURG,*Unspecified,,53593,55025012700.0
1113,1979 Milky Way,VERONA,*Unspecified,EMH MED SURG,*Unspecified,,53593,55025012700.0
1114,1979 Milky Way,VERONA,*Unspecified,EMH MED SURG,*Unspecified,,53593,55025012700.0
1115,1979 Milky Way,VERONA,*Unspecified,EMH MED SURG,*Unspecified,,53593,55025012700.0
1116,1979 Milky Way,VERONA,*Unspecified,EMH MED SURG,*Unspecified,,53593,55025012700.0
1117,1979 Milky Way,VERONA,*Unspecified,EMH MED SURG,*Unspecified,,53593,55025012700.0
1118,1979 Milky Way,VERONA,*Unspecified,EMH MED SURG,*Unspecified,,53593,55025012700.0
1119,1979 Milky Way,VERONA,*Unspecified,EMH MED SURG,*Unspecified,,53593,55025012700.0
1120,1979 Milky Way,VERONA,*Unspecified,EMH MED SURG,*Unspecified,,53593,55025012700.0
1121,1979 Milky Way,VERONA,*Unspecified,EMH MED SURG,*Unspecified,,53593,55025012700.0
1122,1979 Milky Way,VERONA,*Unspecified,EMH MED SURG,*Unspecified,,53593,55025012700.0
1123,1979 Milky Way,VERONA,*Unspecified,EMH MED SURG,*Unspecified,,53593,55025012700.0
1124,1979 Milky Way,VERONA,*Unspecified,EMH MED SURG,*Unspecified,,53593,55025012700.0
1125,1979 Milky Way,VERONA,*Unspecified,EMH MED SURG,*Unspecified,,53593,55025012700.0
1126,1979 Milky Way,VERONA,*Unspecified,EMH MED SURG,*Unspecified,,53593,55025012700.0
1127,1979 Milky Way,VERONA,*Unspecified,EMH MED SURG,*Unspecified,,53593,55025012700.0
1128,1979 Milky Way,VERONA,*Unspecified,EMH MED SURG,*Unspecified,,53593,55025012700.0
1129,1979 Milky Way,VERONA,*Unspecified,EMH MED SURG,*Unspecified,,53593,55025012700.0
1130,1979 Milky Way,VERONA,*Unspecified,EMH MED SURG,*Unspecified,,53593,55025012700.0
1131,1979 Milky Way,VERONA,*Unspecified,EMH MED SURG,*Unspecified,,53593,55025012700.0
1132,1979 Milky Way,VERONA,*Unspecified,EMH MED SURG,*Unspecified,,53593,55025012700.0
1133,1979 Milky Way,VERONA,*Unspecified,EMH MED SURG,*Unspecified,,53593,55025012700.0
1134,1979 Milky Way,VERONA,*Unspecified,EMH MED SURG,*Unspecified,,53593,55025012700.0
1135,1979 Milky Way,VERONA,*Unspecified,EMH MED SURG,*Unspecified,,53593,55025012700.0
1136,1979 Milky Way,VERONA,*Unspecified,EMH MED SURG,*Unspecified,,53593,55025012700.0
1137,1979 Milky Way,VERONA,*Unspecified,EMH MED SURG,*Unspecified,,53593,55025012700.0
1138,1979 Milky Way,VERONA,*Unspecified,EMH MED SURG,*Unspecified,,53593,55025012700.0
1139,1979 Milky Way,VERONA,*Unspecified,EMH MED SURG,*Unspecified,,53593,55025012700.0
1140,1979 Milky Way,VERONA,*Unspecified,EMH MED SURG,*Unspecified,,53593,55025012700.0
1141,1979 Milky Way,VERONA,*Unspecified,EMH MED SURG,*Unspecified,,53593,55025012700.0
1142,1979 Milky Way,VERONA,*Unspecified,EMH MED SURG,*Unspecified,,53593,55025012700.0
1143,,Topeka,SHAWNEE,MULTIPLE TESTS,*Unspecified,HOD,,
1144,,Topeka,SHAWNEE,MULTIPLE TESTS,*Unspecified,HOD,,
1145,,Topeka,SHAWNEE,MULTIPLE TESTS,*Unspecified,HOD,,
1146,,Topeka,SHAWNEE,MULTIPLE TESTS,*Unspecified,HOD,,
1147,,Topeka,SHAWNEE,MULTIPLE TESTS,*Unspecified,HOD,,
1148,,Topeka,SHAWNEE,MULTIPLE TESTS,*Unspecified,HOD,,
1149,,Topeka,SHAWNEE,MULTIPLE TESTS,*Unspecified,HOD,,
1150,,Topeka,SHAWNEE,MULTIPLE TESTS,*Unspecified,HOD,,
1151,,Topeka,SHAWNEE,MULTIPLE TESTS,*Unspecified,HOD,,
1152,,Topeka,SHAWNEE,MULTIPLE TESTS,*Unspecified,HOD,,
1153,,Topeka,SHAWNEE,MULTIPLE TESTS,*Unspecified,HOD,,
1154,,Topeka,SHAWNEE,MULTIPLE TESTS,*Unspecified,HOD,,
1155,,Topeka,SHAWNEE,MULTIPLE TESTS,*Unspecified,HOD,,
1156,,Topeka,SHAWNEE,MULTIPLE TESTS,*Unspecified,HOD,,
1157,,Topeka,SHAWNEE,MULTIPLE TESTS,*Unspecified,HOD,,
1158,,Topeka,SHAWNEE,MULTIPLE TESTS,*Unspecified,HOD,,
1159,,Topeka,SHAWNEE,MULTIPLE TESTS,*Unspecified,HOD,,
1160,,Topeka,SHAWNEE,MULTIPLE TESTS,*Unspecified,HOD,,
1161,,Topeka,SHAWNEE,MULTIPLE TESTS,*Unspecified,HOD,,
1162,,Topeka,SHAWNEE,MULTIPLE TESTS,*Unspecified,HOD,,
1163,,Topeka,SHAWNEE,MULTIPLE TESTS,*Unspecified,HOD,,
1164,,Topeka,SHAWNEE,MULTIPLE TESTS,*Unspecified,HOD,,
1165,,Topeka,SHAWNEE,MULTIPLE TESTS,*Unspecified,HOD,,
1166,,Topeka,SHAWNEE,MULTIPLE TESTS,*Unspecified,HOD,,
1167,,Topeka,SHAWNEE,MULTIPLE TESTS,*Unspecified,HOD,,
1168,,Topeka,SHAWNEE,MULTIPLE TESTS,*Unspecified,HOD,,
1169,,Topeka,SHAWNEE,MULTIPLE TESTS,*Unspecified,HOD,,
1170,,Topeka,SHAWNEE,MULTIPLE TESTS,*Unspecified,HOD,,
1171,,Topeka,SHAWNEE,MULTIPLE TESTS,*Unspecified,HOD,,
1172,,Topeka,SHAWNEE,MULTIPLE TESTS,*Unspecified,HOD,,
1173,,Topeka,SHAWNEE,MULTIPLE TESTS,*Unspecified,HOD,,
1174,,Topeka,SHAWNEE,MULTIPLE TESTS,*Unspecified,HOD,,
1175,,Topeka,SHAWNEE,MULTIPLE TESTS,*Unspecified,HOD,,
1176,,Topeka,SHAWNEE,MULTIPLE TESTS,*Unspecified,HOD,,
1177,,Topeka,SHAWNEE,MULTIPLE TESTS,*Unspecified,HOD,,
1178,,Topeka,SHAWNEE,MULTIPLE TESTS,*Unspecified,HOD,,
1179,,Topeka,SHAWNEE,MULTIPLE TESTS,*Unspecified,HOD,,
1180,,Topeka,SHAWNEE,MULTIPLE TESTS,*Unspecified,HOD,,
1181,,Topeka,SHAWNEE,MULTIPLE TESTS,*Unspecified,HOD,,
1182,,Topeka,SHAWNEE,MULTIPLE TESTS,*Unspecified,HOD,,
1183,,Topeka,SHAWNEE,MULTIPLE TESTS,*Unspecified,HOD,,
1184,,Topeka,SHAWNEE,MULTIPLE TESTS,*Unspecified,HOD,,
1185,,Topeka,SHAWNEE,MULTIPLE TESTS,*Unspecified,HOD,,
1186,,Topeka,SHAWNEE,MULTIPLE TESTS,*Unspecified,HOD,,
1187,,Topeka,SHAWNEE,MULTIPLE TESTS,*Unspecified,HOD,,
1188,,Topeka,SHAWNEE,MULTIPLE TESTS,*Unspecified,HOD,,
1189,,Topeka,SHAWNEE,MULTIPLE TESTS,*Unspecified,HOD,,
1190,,Topeka,SHAWNEE,MULTIPLE TESTS,*Unspecified,HOD,,
1191,,Topeka,SHAWNEE,MULTIPLE TESTS,*Unspecified,HOD,,
1192,,Topeka,SHAWNEE,MULTIPLE TESTS,*Unspecified,HOD,,
1193,,Topeka,SHAWNEE,MULTIPLE TESTS,*Unspecified,HOD,,
1194,,Topeka,SHAWNEE,MULTIPLE TESTS,*Unspecified,HOD,,
1195,,Topeka,SHAWNEE,MULTIPLE TESTS,*Unspecified,HOD,,
1196,,Topeka,SHAWNEE,MULTIPLE TESTS,*Unspecified,HOD,,
1197,,Topeka,SHAWNEE,MULTIPLE TESTS,*Unspecified,HOD,,
1198,,Topeka,SHAWNEE,MULTIPLE TESTS,*Unspecified,HOD,,
1199,,Topeka,SHAWNEE,MULTIPLE TESTS,*Unspecified,HOD,,
1200,,Topeka,SHAWNEE,MULTIPLE TESTS,*Unspecified,HOD,,
1201,,Topeka,SHAWNEE,MULTIPLE TESTS,*Unspecified,HOD,,
1202,,Topeka,SHAWNEE,MULTIPLE TESTS,*Unspecified,HOD,,
1203,,Topeka,SHAWNEE,MULTIPLE TESTS,*Unspecified,HOD,,
1204,,Topeka,SHAWNEE,MULTIPLE TESTS,*Unspecified,HOD,,
1205,,Topeka,SHAWNEE,MULTIPLE TESTS,*Unspecified,HOD,,
1206,,Topeka,SHAWNEE,MULTIPLE TESTS,*Unspecified,HOD,,
1207,,Topeka,SHAWNEE,MULTIPLE TESTS,*Unspecified,HOD,,
1208,,Topeka,SHAWNEE,MULTIPLE TESTS,*Unspecified,HOD,,
1209,,Topeka,SHAWNEE,MULTIPLE TESTS,*Unspecified,HOD,,
1210,,Topeka,SHAWNEE,MULTIPLE TESTS,*Unspecified,HOD,,
1211,,Topeka,SHAWNEE,MULTIPLE TESTS,*Unspecified,HOD,,
1212,,Topeka,SHAWNEE,MULTIPLE TESTS,*Unspecified,HOD,,
1213,,Topeka,SHAWNEE,MULTIPLE TESTS,*Unspecified,HOD,,
1214,,Topeka,SHAWNEE,MULTIPLE TESTS,*Unspecified,HOD,,
1215,,Topeka,SHAWNEE,MULTIPLE TESTS,*Unspecified,HOD,,
1216,,Topeka,SHAWNEE,MULTIPLE TESTS,*Unspecified,HOD,,
1217,,Topeka,SHAWNEE,MULTIPLE TESTS,*Unspecified,HOD,,
1218,,Topeka,SHAWNEE,MULTIPLE TESTS,*Unspecified,HOD,,
1219,,Topeka,SHAWNEE,MULTIPLE TESTS,*Unspecified,HOD,,
1220,,Topeka,SHAWNEE,MULTIPLE TESTS,*Unspecified,HOD,,
1221,,Topeka,SHAWNEE,MULTIPLE TESTS,*Unspecified,HOD,,
1222,,Topeka,SHAWNEE,MULTIPLE TESTS,*Unspecified,HOD,,
1223,,Topeka,SHAWNEE,MULTIPLE TESTS,*Unspecified,HOD,,
1224,,Topeka,SHAWNEE,MULTIPLE TESTS,*Unspecified,HOD,,
1225,,Topeka,SHAWNEE,MULTIPLE TESTS,*Unspecified,HOD,,
1226,,Topeka,SHAWNEE,MULTIPLE TESTS,*Unspecified,HOD,,
1227,,Topeka,SHAWNEE,MULTIPLE TESTS,*Unspecified,HOD,,
1228,,Topeka,SHAWNEE,MULTIPLE TESTS,*Unspecified,HOD,,
1229,,Topeka,SHAWNEE,MULTIPLE TESTS,*Unspecified,HOD,,
1230,,Topeka,SHAWNEE,MULTIPLE TESTS,*Unspecified,HOD,,
1231,,Topeka,SHAWNEE,MULTIPLE TESTS,*Unspecified,HOD,,
1232,,Topeka,SHAWNEE,MULTIPLE TESTS,*Unspecified,HOD,,
1233,,Topeka,SHAWNEE,MULTIPLE TESTS,*Unspecified,HOD,,
1234,,Topeka,SHAWNEE,MULTIPLE TESTS,*Unspecified,HOD,,
1235,,Topeka,SHAWNEE,MULTIPLE TESTS,*Unspecified,HOD,,
1236,,Topeka,SHAWNEE,MULTIPLE TESTS,*Unspecified,HOD,,
1237,,Topeka,SHAWNEE,MULTIPLE TESTS,*Unspecified,HOD,,
1238,,Topeka,SHAWNEE,MULTIPLE TESTS,*Unspecified,HOD,,
1239,,Topeka,SHAWNEE,MULTIPLE TESTS,*Unspecified,HOD,,
1240,,Topeka,SHAWNEE,MULTIPLE TESTS,*Unspecified,HOD,,
1241,,Topeka,SHAWNEE,MULTIPLE TESTS,*Unspecified,HOD,,
1242,,Topeka,SHAWNEE,MULTIPLE TESTS,*Unspecified,HOD,,
1243,1500 SW 10th Ave,Topeka,SHAWNEE,EMERGENCY DEPARTMENT,Emergency Medicine,ED,66604,20177003603.0
1244,1500 SW 10th Ave,Topeka,SHAWNEE,EMERGENCY DEPARTMENT,Emergency Medicine,ED,66604,20177003603.0
1245,1500 SW 10th Ave,Topeka,SHAWNEE,EMERGENCY DEPARTMENT,Emergency Medicine,ED,66604,20177003603.0
1246,1500 SW 10th Ave,Topeka,SHAWNEE,EMERGENCY DEPARTMENT,Emergency Medicine,ED,66604,20177003603.0
1247,1500 SW 10th Ave,Topeka,SHAWNEE,EMERGENCY DEPARTMENT,Emergency Medicine,ED,66604,20177003603.0
1248,1500 SW 10th Ave,Topeka,SHAWNEE,EMERGENCY DEPARTMENT,Emergency Medicine,ED,66604,20177003603.0
1249,1500 SW 10th Ave,Topeka,SHAWNEE,EMERGENCY DEPARTMENT,Emergency Medicine,ED,66604,20177003603.0
1250,1500 SW 10th Ave,Topeka,SHAWNEE,EMERGENCY DEPARTMENT,Emergency Medicine,ED,66604,20177003603.0
1251,1500 SW 10th Ave,Topeka,SHAWNEE,EMERGENCY DEPARTMENT,Emergency Medicine,ED,66604,20177003603.0
1252,1500 SW 10th Ave,Topeka,SHAWNEE,EMERGENCY DEPARTMENT,Emergency Medicine,ED,66604,20177003603.0
1253,1500 SW 10th Ave,Topeka,SHAWNEE,EMERGENCY DEPARTMENT,Emergency Medicine,ED,66604,20177003603.0
1254,1500 SW 10th Ave,Topeka,SHAWNEE,EMERGENCY DEPARTMENT,Emergency Medicine,ED,66604,20177003603.0
1255,1500 SW 10th Ave,Topeka,SHAWNEE,EMERGENCY DEPARTMENT,Emergency Medicine,ED,66604,20177003603.0
1256,1500 SW 10th Ave,Topeka,SHAWNEE,EMERGENCY DEPARTMENT,Emergency Medicine,ED,66604,20177003603.0
1257,1500 SW 10th Ave,Topeka,SHAWNEE,EMERGENCY DEPARTMENT,Emergency Medicine,ED,66604,20177003603.0
1258,1500 SW 10th Ave,Topeka,SHAWNEE,EMERGENCY DEPARTMENT,Emergency Medicine,ED,66604,20177003603.0
1259,1500 SW 10th Ave,Topeka,SHAWNEE,EMERGENCY DEPARTMENT,Emergency Medicine,ED,66604,20177003603.0
1260,1500 SW 10th Ave,Topeka,SHAWNEE,EMERGENCY DEPARTMENT,Emergency Medicine,ED,66604,20177003603.0
1261,1500 SW 10th Ave,Topeka,SHAWNEE,EMERGENCY DEPARTMENT,Emergency Medicine,ED,66604,20177003603.0
1262,1500 SW 10th Ave,Topeka,SHAWNEE,EMERGENCY DEPARTMENT,Emergency Medicine,ED,66604,20177003603.0
1263,1500 SW 10th Ave,Topeka,SHAWNEE,ENDOSCOPY,Gastroenterology,HOD,66604,20177003603.0
1264,1500 SW 10th Ave,Topeka,SHAWNEE,ENDOSCOPY,Gastroenterology,HOD,66604,20177003603.0
1265,1500 SW 10th Ave,Topeka,SHAWNEE,ENDOSCOPY,Gastroenterology,HOD,66604,20177003603.0
1266,1500 SW 10th Ave,Topeka,SHAWNEE,ENDOSCOPY,Gastroenterology,HOD,66604,20177003603.0
1267,1500 SW 10th Ave,Topeka,SHAWNEE,ENDOSCOPY,Gastroenterology,HOD,66604,20177003603.0
1268,1500 SW 10th Ave,Topeka,SHAWNEE,ENDOSCOPY,Gastroenterology,HOD,66604,20177003603.0
1269,1500 SW 10th Ave,Topeka,SHAWNEE,ENDOSCOPY,Gastroenterology,HOD,66604,20177003603.0
1270,1500 SW 10th Ave,Topeka,SHAWNEE,ENDOSCOPY,Gastroenterology,HOD,66604,20177003603.0
1271,1500 SW 10th Ave,Topeka,SHAWNEE,ENDOSCOPY,Gastroenterology,HOD,66604,20177003603.0
1272,1500 SW 10th Ave,Topeka,SHAWNEE,ENDOSCOPY,Gastroenterology,HOD,66604,20177003603.0
1273,1500 SW 10th Ave,Topeka,SHAWNEE,ENDOSCOPY,Gastroenterology,HOD,66604,20177003603.0
1274,1500 SW 10th Ave,Topeka,SHAWNEE,ENDOSCOPY,Gastroenterology,HOD,66604,20177003603.0
1275,1500 SW 10th Ave,Topeka,SHAWNEE,ENDOSCOPY,Gastroenterology,HOD,66604,20177003603.0
1276,1500 SW 10th Ave,Topeka,SHAWNEE,ENDOSCOPY,Gastroenterology,HOD,66604,20177003603.0
1277,1500 SW 10th Ave,Topeka,SHAWNEE,ENDOSCOPY,Gastroenterology,HOD,66604,20177003603.0
1278,1500 SW 10th Ave,Topeka,SHAWNEE,ENDOSCOPY,Gastroenterology,HOD,66604,20177003603.0
1279,1500 SW 10th Ave,Topeka,SHAWNEE,ENDOSCOPY,Gastroenterology,HOD,66604,20177003603.0
1280,1500 SW 10th Ave,Topeka,SHAWNEE,ENDOSCOPY,Gastroenterology,HOD,66604,20177003603.0
1281,1500 SW 10th Ave,Topeka,SHAWNEE,ENDOSCOPY,Gastroenterology,HOD,66604,20177003603.0
1282,1500 SW 10th Ave,Topeka,SHAWNEE,ENDOSCOPY,Gastroenterology,HOD,66604,20177003603.0
1283,823 SW Mulvane Ste 101,Topeka,SHAWNEE,PAIN CLINIC,Pain Medicine,HOD,66606,20177000500.0
1284,823 SW Mulvane Ste 101,Topeka,SHAWNEE,PAIN CLINIC,Pain Medicine,HOD,66606,20177000500.0
1285,823 SW Mulvane Ste 101,Topeka,SHAWNEE,PAIN CLINIC,Pain Medicine,HOD,66606,20177000500.0
1286,823 SW Mulvane Ste 101,Topeka,SHAWNEE,PAIN CLINIC,Pain Medicine,HOD,66606,20177000500.0
1287,823 SW Mulvane Ste 101,Topeka,SHAWNEE,PAIN CLINIC,Pain Medicine,HOD,66606,20177000500.0
1288,823 SW Mulvane Ste 101,Topeka,SHAWNEE,PAIN CLINIC,Pain Medicine,HOD,66606,20177000500.0
1289,823 SW Mulvane Ste 101,Topeka,SHAWNEE,PAIN CLINIC,Pain Medicine,HOD,66606,20177000500.0
1290,823 SW Mulvane Ste 101,Topeka,SHAWNEE,PAIN CLINIC,Pain Medicine,HOD,66606,20177000500.0
1291,823 SW Mulvane Ste 101,Topeka,SHAWNEE,PAIN CLINIC,Pain Medicine,HOD,66606,20177000500.0
1292,823 SW Mulvane Ste 101,Topeka,SHAWNEE,PAIN CLINIC,Pain Medicine,HOD,66606,20177000500.0
1293,823 SW Mulvane Ste 101,Topeka,SHAWNEE,PAIN CLINIC,Pain Medicine,HOD,66606,20177000500.0
1294,823 SW Mulvane Ste 101,Topeka,SHAWNEE,PAIN CLINIC,Pain Medicine,HOD,66606,20177000500.0
1295,823 SW Mulvane Ste 101,Topeka,SHAWNEE,PAIN CLINIC,Pain Medicine,HOD,66606,20177000500.0
1296,823 SW Mulvane Ste 101,Topeka,SHAWNEE,PAIN CLINIC,Pain Medicine,HOD,66606,20177000500.0
1297,823 SW Mulvane Ste 101,Topeka,SHAWNEE,PAIN CLINIC,Pain Medicine,HOD,66606,20177000500.0
1298,823 SW Mulvane Ste 101,Topeka,SHAWNEE,PAIN CLINIC,Pain Medicine,HOD,66606,20177000500.0
1299,823 SW Mulvane Ste 101,Topeka,SHAWNEE,PAIN CLINIC,Pain Medicine,HOD,66606,20177000500.0
1300,823 SW Mulvane Ste 101,Topeka,SHAWNEE,PAIN CLINIC,Pain Medicine,HOD,66606,20177000500.0
1301,823 SW Mulvane Ste 101,Topeka,SHAWNEE,PAIN CLINIC,Pain Medicine,HOD,66606,20177000500.0
1302,823 SW Mulvane Ste 101,Topeka,SHAWNEE,PAIN CLINIC,Pain Medicine,HOD,66606,20177000500.0
1303,1500 SW 10th Ave,Topeka,SHAWNEE,BREASTFEEDING CENTER,*Unspecified,HOD,66606,20177000500.0
1304,1500 SW 10th Ave,Topeka,SHAWNEE,BREASTFEEDING CENTER,*Unspecified,HOD,66606,20177000500.0
1305,1500 SW 10th Ave,Topeka,SHAWNEE,BREASTFEEDING CENTER,*Unspecified,HOD,66606,20177000500.0
1306,1500 SW 10th Ave,Topeka,SHAWNEE,BREASTFEEDING CENTER,*Unspecified,HOD,66606,20177000500.0
1307,1500 SW 10th Ave,Topeka,SHAWNEE,BREASTFEEDING CENTER,*Unspecified,HOD,66606,20177000500.0
1308,1500 SW 10th Ave,Topeka,SHAWNEE,BREASTFEEDING CENTER,*Unspecified,HOD,66606,20177000500.0
1309,1500 SW 10th Ave,Topeka,SHAWNEE,BREASTFEEDING CENTER,*Unspecified,HOD,66606,20177000500.0
1310,1500 SW 10th Ave,Topeka,SHAWNEE,BREASTFEEDING CENTER,*Unspecified,HOD,66606,20177000500.0
1311,1500 SW 10th Ave,Topeka,SHAWNEE,BREASTFEEDING CENTER,*Unspecified,HOD,66606,20177000500.0
1312,1500 SW 10th Ave,Topeka,SHAWNEE,BREASTFEEDING CENTER,*Unspecified,HOD,66606,20177000500.0
1313,1500 SW 10th Ave,Topeka,SHAWNEE,BREASTFEEDING CENTER,*Unspecified,HOD,66606,20177000500.0
1314,1500 SW 10th Ave,Topeka,SHAWNEE,BREASTFEEDING CENTER,*Unspecified,HOD,66606,20177000500.0
1315,1500 SW 10th Ave,Topeka,SHAWNEE,BREASTFEEDING CENTER,*Unspecified,HOD,66606,20177000500.0
1316,1500 SW 10th Ave,Topeka,SHAWNEE,BREASTFEEDING CENTER,*Unspecified,HOD,66606,20177000500.0
1317,1500 SW 10th Ave,Topeka,SHAWNEE,BREASTFEEDING CENTER,*Unspecified,HOD,66606,20177000500.0
1318,1500 SW 10th Ave,Topeka,SHAWNEE,BREASTFEEDING CENTER,*Unspecified,HOD,66606,20177000500.0
1319,1500 SW 10th Ave,Topeka,SHAWNEE,BREASTFEEDING CENTER,*Unspecified,HOD,66606,20177000500.0
1320,1500 SW 10th Ave,Topeka,SHAWNEE,BREASTFEEDING CENTER,*Unspecified,HOD,66606,20177000500.0
1321,1500 SW 10th Ave,Topeka,SHAWNEE,BREASTFEEDING CENTER,*Unspecified,HOD,66606,20177000500.0
1322,1500 SW 10th Ave,Topeka,SHAWNEE,BREASTFEEDING CENTER,*Unspecified,HOD,66606,20177000500.0
1323,929 SW Mulvane,Topeka,SHAWNEE,CARDIAC REHAB HC,Cardiac Rehabilitation,HOD,66606,20177000500.0
1324,929 SW Mulvane,Topeka,SHAWNEE,CARDIAC REHAB HC,Cardiac Rehabilitation,HOD,66606,20177000500.0
1325,929 SW Mulvane,Topeka,SHAWNEE,CARDIAC REHAB HC,Cardiac Rehabilitation,HOD,66606,20177000500.0
1326,929 SW Mulvane,Topeka,SHAWNEE,CARDIAC REHAB HC,Cardiac Rehabilitation,HOD,66606,20177000500.0
1327,929 SW Mulvane,Topeka,SHAWNEE,CARDIAC REHAB HC,Cardiac Rehabilitation,HOD,66606,20177000500.0
1328,929 SW Mulvane,Topeka,SHAWNEE,CARDIAC REHAB HC,Cardiac Rehabilitation,HOD,66606,20177000500.0
1329,929 SW Mulvane,Topeka,SHAWNEE,CARDIAC REHAB HC,Cardiac Rehabilitation,HOD,66606,20177000500.0
1330,929 SW Mulvane,Topeka,SHAWNEE,CARDIAC REHAB HC,Cardiac Rehabilitation,HOD,66606,20177000500.0
1331,929 SW Mulvane,Topeka,SHAWNEE,CARDIAC REHAB HC,Cardiac Rehabilitation,HOD,66606,20177000500.0
1332,929 SW Mulvane,Topeka,SHAWNEE,CARDIAC REHAB HC,Cardiac Rehabilitation,HOD,66606,20177000500.0
1333,929 SW Mulvane,Topeka,SHAWNEE,CARDIAC REHAB HC,Cardiac Rehabilitation,HOD,66606,20177000500.0
1334,929 SW Mulvane,Topeka,SHAWNEE,CARDIAC REHAB HC,Cardiac Rehabilitation,HOD,66606,20177000500.0
1335,929 SW Mulvane,Topeka,SHAWNEE,CARDIAC REHAB HC,Cardiac Rehabilitation,HOD,66606,20177000500.0
1336,929 SW Mulvane,Topeka,SHAWNEE,CARDIAC REHAB HC,Cardiac Rehabilitation,HOD,66606,20177000500.0
1337,929 SW Mulvane,Topeka,SHAWNEE,CARDIAC REHAB HC,Cardiac Rehabilitation,HOD,66606,20177000500.0
1338,929 SW Mulvane,Topeka,SHAWNEE,CARDIAC REHAB HC,Cardiac Rehabilitation,HOD,66606,20177000500.0
1339,929 SW Mulvane,Topeka,SHAWNEE,CARDIAC REHAB HC,Cardiac Rehabilitation,HOD,66606,20177000500.0
1340,929 SW Mulvane,Topeka,SHAWNEE,CARDIAC REHAB HC,Cardiac Rehabilitation,HOD,66606,20177000500.0
1341,929 SW Mulvane,Topeka,SHAWNEE,CARDIAC REHAB HC,Cardiac Rehabilitation,HOD,66606,20177000500.0
1342,929 SW Mulvane,Topeka,SHAWNEE,CARDIAC REHAB HC,Cardiac Rehabilitation,HOD,66606,20177000500.0
1343,929 SW Mulvane,Topeka,SHAWNEE,SV HEART CENTER CARDIAC ULTRASOUND,Radiology,HOD,66606,20177000500.0
1344,929 SW Mulvane,Topeka,SHAWNEE,SV HEART CENTER CARDIAC ULTRASOUND,Radiology,HOD,66606,20177000500.0
1345,929 SW Mulvane,Topeka,SHAWNEE,SV HEART CENTER CARDIAC ULTRASOUND,Radiology,HOD,66606,20177000500.0
1346,929 SW Mulvane,Topeka,SHAWNEE,SV HEART CENTER CARDIAC ULTRASOUND,Radiology,HOD,66606,20177000500.0
1347,929 SW Mulvane,Topeka,SHAWNEE,SV HEART CENTER CARDIAC ULTRASOUND,Radiology,HOD,66606,20177000500.0
1348,929 SW Mulvane,Topeka,SHAWNEE,SV HEART CENTER CARDIAC ULTRASOUND,Radiology,HOD,66606,20177000500.0
1349,929 SW Mulvane,Topeka,SHAWNEE,SV HEART CENTER CARDIAC ULTRASOUND,Radiology,HOD,66606,20177000500.0
1350,929 SW Mulvane,Topeka,SHAWNEE,SV HEART CENTER CARDIAC ULTRASOUND,Radiology,HOD,66606,20177000500.0
1351,929 SW Mulvane,Topeka,SHAWNEE,SV HEART CENTER CARDIAC ULTRASOUND,Radiology,HOD,66606,20177000500.0
1352,929 SW Mulvane,Topeka,SHAWNEE,SV HEART CENTER CARDIAC ULTRASOUND,Radiology,HOD,66606,20177000500.0
1353,929 SW Mulvane,Topeka,SHAWNEE,SV HEART CENTER CARDIAC ULTRASOUND,Radiology,HOD,66606,20177000500.0
1354,929 SW Mulvane,Topeka,SHAWNEE,SV HEART CENTER CARDIAC ULTRASOUND,Radiology,HOD,66606,20177000500.0
1355,929 SW Mulvane,Topeka,SHAWNEE,SV HEART CENTER CARDIAC ULTRASOUND,Radiology,HOD,66606,20177000500.0
1356,929 SW Mulvane,Topeka,SHAWNEE,SV HEART CENTER CARDIAC ULTRASOUND,Radiology,HOD,66606,20177000500.0
1357,929 SW Mulvane,Topeka,SHAWNEE,SV HEART CENTER CARDIAC ULTRASOUND,Radiology,HOD,66606,20177000500.0
1358,929 SW Mulvane,Topeka,SHAWNEE,SV HEART CENTER CARDIAC ULTRASOUND,Radiology,HOD,66606,20177000500.0
1359,929 SW Mulvane,Topeka,SHAWNEE,SV HEART CENTER CARDIAC ULTRASOUND,Radiology,HOD,66606,20177000500.0
1360,929 SW Mulvane,Topeka,SHAWNEE,SV HEART CENTER CARDIAC ULTRASOUND,Radiology,HOD,66606,20177000500.0
1361,929 SW Mulvane,Topeka,SHAWNEE,SV HEART CENTER CARDIAC ULTRASOUND,Radiology,HOD,66606,20177000500.0
1362,929 SW Mulvane,Topeka,SHAWNEE,SV HEART CENTER CARDIAC ULTRASOUND,Radiology,HOD,66606,20177000500.0
1363,,Topeka,SHAWNEE,CARDIOVASCULAR SERV,*Unspecified,HOD,,
1364,,Topeka,SHAWNEE,CARDIOVASCULAR SERV,*Unspecified,HOD,,
1365,,Topeka,SHAWNEE,CARDIOVASCULAR SERV,*Unspecified,HOD,,
1366,,Topeka,SHAWNEE,CARDIOVASCULAR SERV,*Unspecified,HOD,,
1367,,Topeka,SHAWNEE,CARDIOVASCULAR SERV,*Unspecified,HOD,,
1368,,Topeka,SHAWNEE,CARDIOVASCULAR SERV,*Unspecified,HOD,,
1369,,Topeka,SHAWNEE,CARDIOVASCULAR SERV,*Unspecified,HOD,,
1370,,Topeka,SHAWNEE,CARDIOVASCULAR SERV,*Unspecified,HOD,,
1371,,Topeka,SHAWNEE,CARDIOVASCULAR SERV,*Unspecified,HOD,,
1372,,Topeka,SHAWNEE,CARDIOVASCULAR SERV,*Unspecified,HOD,,
1373,,Topeka,SHAWNEE,CARDIOVASCULAR SERV,*Unspecified,HOD,,
1374,,Topeka,SHAWNEE,CARDIOVASCULAR SERV,*Unspecified,HOD,,
1375,,Topeka,SHAWNEE,CARDIOVASCULAR SERV,*Unspecified,HOD,,
1376,,Topeka,SHAWNEE,CARDIOVASCULAR SERV,*Unspecified,HOD,,
1377,,Topeka,SHAWNEE,CARDIOVASCULAR SERV,*Unspecified,HOD,,
1378,,Topeka,SHAWNEE,CARDIOVASCULAR SERV,*Unspecified,HOD,,
1379,,Topeka,SHAWNEE,CARDIOVASCULAR SERV,*Unspecified,HOD,,
1380,,Topeka,SHAWNEE,CARDIOVASCULAR SERV,*Unspecified,HOD,,
1381,,Topeka,SHAWNEE,CARDIOVASCULAR SERV,*Unspecified,HOD,,
1382,,Topeka,SHAWNEE,CARDIOVASCULAR SERV,*Unspecified,HOD,,
1383,,Topeka,SHAWNEE,CARDIOVASCULAR SERV,*Unspecified,HOD,,
1384,,Topeka,SHAWNEE,CARDIOVASCULAR SERV,*Unspecified,HOD,,
1385,,Topeka,SHAWNEE,CARDIOVASCULAR SERV,*Unspecified,HOD,,
1386,,Topeka,SHAWNEE,CARDIOVASCULAR SERV,*Unspecified,HOD,,
1387,,Topeka,SHAWNEE,CARDIOVASCULAR SERV,*Unspecified,HOD,,
1388,,Topeka,SHAWNEE,CARDIOVASCULAR SERV,*Unspecified,HOD,,
1389,,Topeka,SHAWNEE,CARDIOVASCULAR SERV,*Unspecified,HOD,,
1390,,Topeka,SHAWNEE,CARDIOVASCULAR SERV,*Unspecified,HOD,,
1391,,Topeka,SHAWNEE,CARDIOVASCULAR SERV,*Unspecified,HOD,,
1392,,Topeka,SHAWNEE,CARDIOVASCULAR SERV,*Unspecified,HOD,,
1393,,Topeka,SHAWNEE,CARDIOVASCULAR SERV,*Unspecified,HOD,,
1394,,Topeka,SHAWNEE,CARDIOVASCULAR SERV,*Unspecified,HOD,,
1395,,Topeka,SHAWNEE,CARDIOVASCULAR SERV,*Unspecified,HOD,,
1396,,Topeka,SHAWNEE,CARDIOVASCULAR SERV,*Unspecified,HOD,,
1397,,Topeka,SHAWNEE,CARDIOVASCULAR SERV,*Unspecified,HOD,,
1398,,Topeka,SHAWNEE,CARDIOVASCULAR SERV,*Unspecified,HOD,,
1399,,Topeka,SHAWNEE,CARDIOVASCULAR SERV,*Unspecified,HOD,,
1400,,Topeka,SHAWNEE,CARDIOVASCULAR SERV,*Unspecified,HOD,,
1401,,Topeka,SHAWNEE,CARDIOVASCULAR SERV,*Unspecified,HOD,,
1402,,Topeka,SHAWNEE,CARDIOVASCULAR SERV,*Unspecified,HOD,,
1403,1500 SW 10th Ave,Topeka,SHAWNEE,CT SCAN,Radiology,HOD,66604,20177003603.0
1404,1500 SW 10th Ave,Topeka,SHAWNEE,CT SCAN,Radiology,HOD,66604,20177003603.0
1405,1500 SW 10th Ave,Topeka,SHAWNEE,CT SCAN,Radiology,HOD,66604,20177003603.0
1406,1500 SW 10th Ave,Topeka,SHAWNEE,CT SCAN,Radiology,HOD,66604,20177003603.0
1407,1500 SW 10th Ave,Topeka,SHAWNEE,CT SCAN,Radiology,HOD,66604,20177003603.0
1408,1500 SW 10th Ave,Topeka,SHAWNEE,CT SCAN,Radiology,HOD,66604,20177003603.0
1409,1500 SW 10th Ave,Topeka,SHAWNEE,CT SCAN,Radiology,HOD,66604,20177003603.0
1410,1500 SW 10th Ave,Topeka,SHAWNEE,CT SCAN,Radiology,HOD,66604,20177003603.0
1411,1500 SW 10th Ave,Topeka,SHAWNEE,CT SCAN,Radiology,HOD,66604,20177003603.0
1412,1500 SW 10th Ave,Topeka,SHAWNEE,CT SCAN,Radiology,HOD,66604,20177003603.0
1413,1500 SW 10th Ave,Topeka,SHAWNEE,CT SCAN,Radiology,HOD,66604,20177003603.0
1414,1500 SW 10th Ave,Topeka,SHAWNEE,CT SCAN,Radiology,HOD,66604,20177003603.0
1415,1500 SW 10th Ave,Topeka,SHAWNEE,CT SCAN,Radiology,HOD,66604,20177003603.0
1416,1500 SW 10th Ave,Topeka,SHAWNEE,CT SCAN,Radiology,HOD,66604,20177003603.0
1417,1500 SW 10th Ave,Topeka,SHAWNEE,CT SCAN,Radiology,HOD,66604,20177003603.0
1418,1500 SW 10th Ave,Topeka,SHAWNEE,CT SCAN,Radiology,HOD,66604,20177003603.0
1419,1500 SW 10th Ave,Topeka,SHAWNEE,CT SCAN,Radiology,HOD,66604,20177003603.0
1420,1500 SW 10th Ave,Topeka,SHAWNEE,CT SCAN,Radiology,HOD,66604,20177003603.0
1421,1500 SW 10th Ave,Topeka,SHAWNEE,CT SCAN,Radiology,HOD,66604,20177003603.0
1422,1500 SW 10th Ave,Topeka,SHAWNEE,CT SCAN,Radiology,HOD,66604,20177003603.0
1423,1500 SW 10th Ave,Topeka,SHAWNEE,CT SCAN,Radiology,HOD,66604,20177003603.0
1424,1500 SW 10th Ave,Topeka,SHAWNEE,CT SCAN,Radiology,HOD,66604,20177003603.0
1425,1500 SW 10th Ave,Topeka,SHAWNEE,CT SCAN,Radiology,HOD,66604,20177003603.0
1426,1500 SW 10th Ave,Topeka,SHAWNEE,CT SCAN,Radiology,HOD,66604,20177003603.0
1427,1500 SW 10th Ave,Topeka,SHAWNEE,CT SCAN,Radiology,HOD,66604,20177003603.0
1428,1500 SW 10th Ave,Topeka,SHAWNEE,CT SCAN,Radiology,HOD,66604,20177003603.0
1429,1500 SW 10th Ave,Topeka,SHAWNEE,CT SCAN,Radiology,HOD,66604,20177003603.0
1430,1500 SW 10th Ave,Topeka,SHAWNEE,CT SCAN,Radiology,HOD,66604,20177003603.0
1431,1500 SW 10th Ave,Topeka,SHAWNEE,CT SCAN,Radiology,HOD,66604,20177003603.0
1432,1500 SW 10th Ave,Topeka,SHAWNEE,CT SCAN,Radiology,HOD,66604,20177003603.0
1433,1500 SW 10th Ave,Topeka,SHAWNEE,CT SCAN,Radiology,HOD,66604,20177003603.0
1434,1500 SW 10th Ave,Topeka,SHAWNEE,CT SCAN,Radiology,HOD,66604,20177003603.0
1435,1500 SW 10th Ave,Topeka,SHAWNEE,CT SCAN,Radiology,HOD,66604,20177003603.0
1436,1500 SW 10th Ave,Topeka,SHAWNEE,CT SCAN,Radiology,HOD,66604,20177003603.0
1437,1500 SW 10th Ave,Topeka,SHAWNEE,CT SCAN,Radiology,HOD,66604,20177003603.0
1438,1500 SW 10th Ave,Topeka,SHAWNEE,CT SCAN,Radiology,HOD,66604,20177003603.0
1439,1500 SW 10th Ave,Topeka,SHAWNEE,CT SCAN,Radiology,HOD,66604,20177003603.0
1440,1500 SW 10th Ave,Topeka,SHAWNEE,CT SCAN,Radiology,HOD,66604,20177003603.0
1441,1500 SW 10th Ave,Topeka,SHAWNEE,CT SCAN,Radiology,HOD,66604,20177003603.0
1442,1500 SW 10th Ave,Topeka,SHAWNEE,CT SCAN,Radiology,HOD,66604,20177003603.0
1443,,Topeka,SHAWNEE,ECT,*Unspecified,HOD,,
1444,,Topeka,SHAWNEE,ECT,*Unspecified,HOD,,
1445,,Topeka,SHAWNEE,ECT,*Unspecified,HOD,,
1446,,Topeka,SHAWNEE,ECT,*Unspecified,HOD,,
1447,,Topeka,SHAWNEE,ECT,*Unspecified,HOD,,
1448,,Topeka,SHAWNEE,ECT,*Unspecified,HOD,,
1449,,Topeka,SHAWNEE,ECT,*Unspecified,HOD,,
1450,,Topeka,SHAWNEE,ECT,*Unspecified,HOD,,
1451,,Topeka,SHAWNEE,ECT,*Unspecified,HOD,,
1452,,Topeka,SHAWNEE,ECT,*Unspecified,HOD,,
1453,,Topeka,SHAWNEE,ECT,*Unspecified,HOD,,
1454,,Topeka,SHAWNEE,ECT,*Unspecified,HOD,,
1455,,Topeka,SHAWNEE,ECT,*Unspecified,HOD,,
1456,,Topeka,SHAWNEE,ECT,*Unspecified,HOD,,
1457,,Topeka,SHAWNEE,ECT,*Unspecified,HOD,,
1458,,Topeka,SHAWNEE,ECT,*Unspecified,HOD,,
1459,,Topeka,SHAWNEE,ECT,*Unspecified,HOD,,
1460,,Topeka,SHAWNEE,ECT,*Unspecified,HOD,,
1461,,Topeka,SHAWNEE,ECT,*Unspecified,HOD,,
1462,,Topeka,SHAWNEE,ECT,*Unspecified,HOD,,
1463,,Topeka,SHAWNEE,ECT,*Unspecified,HOD,,
1464,,Topeka,SHAWNEE,ECT,*Unspecified,HOD,,
1465,,Topeka,SHAWNEE,ECT,*Unspecified,HOD,,
1466,,Topeka,SHAWNEE,ECT,*Unspecified,HOD,,
1467,,Topeka,SHAWNEE,ECT,*Unspecified,HOD,,
1468,,Topeka,SHAWNEE,ECT,*Unspecified,HOD,,
1469,,Topeka,SHAWNEE,ECT,*Unspecified,HOD,,
1470,,Topeka,SHAWNEE,ECT,*Unspecified,HOD,,
1471,,Topeka,SHAWNEE,ECT,*Unspecified,HOD,,
1472,,Topeka,SHAWNEE,ECT,*Unspecified,HOD,,
1473,,Topeka,SHAWNEE,ECT,*Unspecified,HOD,,
1474,,Topeka,SHAWNEE,ECT,*Unspecified,HOD,,
1475,,Topeka,SHAWNEE,ECT,*Unspecified,HOD,,
1476,,Topeka,SHAWNEE,ECT,*Unspecified,HOD,,
1477,,Topeka,SHAWNEE,ECT,*Unspecified,HOD,,
1478,,Topeka,SHAWNEE,ECT,*Unspecified,HOD,,
1479,,Topeka,SHAWNEE,ECT,*Unspecified,HOD,,
1480,,Topeka,SHAWNEE,ECT,*Unspecified,HOD,,
1481,,Topeka,SHAWNEE,ECT,*Unspecified,HOD,,
1482,,Topeka,SHAWNEE,ECT,*Unspecified,HOD,,
1483,,Topeka,SHAWNEE,JUV RHEUM ARTH CLINIC,Rheumatology,,,
1484,,Topeka,SHAWNEE,JUV RHEUM ARTH CLINIC,Rheumatology,,,
1485,,Topeka,SHAWNEE,JUV RHEUM ARTH CLINIC,Rheumatology,,,
1486,,Topeka,SHAWNEE,JUV RHEUM ARTH CLINIC,Rheumatology,,,
1487,,Topeka,SHAWNEE,JUV RHEUM ARTH CLINIC,Rheumatology,,,
1488,,Topeka,SHAWNEE,JUV RHEUM ARTH CLINIC,Rheumatology,,,
1489,,Topeka,SHAWNEE,JUV RHEUM ARTH CLINIC,Rheumatology,,,
1490,,Topeka,SHAWNEE,JUV RHEUM ARTH CLINIC,Rheumatology,,,
1491,,Topeka,SHAWNEE,JUV RHEUM ARTH CLINIC,Rheumatology,,,
1492,,Topeka,SHAWNEE,JUV RHEUM ARTH CLINIC,Rheumatology,,,
1493,,Topeka,SHAWNEE,JUV RHEUM ARTH CLINIC,Rheumatology,,,
1494,,Topeka,SHAWNEE,JUV RHEUM ARTH CLINIC,Rheumatology,,,
1495,,Topeka,SHAWNEE,JUV RHEUM ARTH CLINIC,Rheumatology,,,
1496,,Topeka,SHAWNEE,JUV RHEUM ARTH CLINIC,Rheumatology,,,
1497,,Topeka,SHAWNEE,JUV RHEUM ARTH CLINIC,Rheumatology,,,
1498,,Topeka,SHAWNEE,JUV RHEUM ARTH CLINIC,Rheumatology,,,
1499,,Topeka,SHAWNEE,JUV RHEUM ARTH CLINIC,Rheumatology,,,
1500,,Topeka,SHAWNEE,JUV RHEUM ARTH CLINIC,Rheumatology,,,
1501,,Topeka,SHAWNEE,JUV RHEUM ARTH CLINIC,Rheumatology,,,
1502,,Topeka,SHAWNEE,JUV RHEUM ARTH CLINIC,Rheumatology,,,
1503,,Topeka,SHAWNEE,JUV RHEUM ARTH CLINIC,Rheumatology,,,
1504,,Topeka,SHAWNEE,JUV RHEUM ARTH CLINIC,Rheumatology,,,
1505,,Topeka,SHAWNEE,JUV RHEUM ARTH CLINIC,Rheumatology,,,
1506,,Topeka,SHAWNEE,JUV RHEUM ARTH CLINIC,Rheumatology,,,
1507,,Topeka,SHAWNEE,JUV RHEUM ARTH CLINIC,Rheumatology,,,
1508,,Topeka,SHAWNEE,JUV RHEUM ARTH CLINIC,Rheumatology,,,
1509,,Topeka,SHAWNEE,JUV RHEUM ARTH CLINIC,Rheumatology,,,
1510,,Topeka,SHAWNEE,JUV RHEUM ARTH CLINIC,Rheumatology,,,
1511,,Topeka,SHAWNEE,JUV RHEUM ARTH CLINIC,Rheumatology,,,
1512,,Topeka,SHAWNEE,JUV RHEUM ARTH CLINIC,Rheumatology,,,
1513,,Topeka,SHAWNEE,JUV RHEUM ARTH CLINIC,Rheumatology,,,
1514,,Topeka,SHAWNEE,JUV RHEUM ARTH CLINIC,Rheumatology,,,
1515,,Topeka,SHAWNEE,JUV RHEUM ARTH CLINIC,Rheumatology,,,
1516,,Topeka,SHAWNEE,JUV RHEUM ARTH CLINIC,Rheumatology,,,
1517,,Topeka,SHAWNEE,JUV RHEUM ARTH CLINIC,Rheumatology,,,
1518,,Topeka,SHAWNEE,JUV RHEUM ARTH CLINIC,Rheumatology,,,
1519,,Topeka,SHAWNEE,JUV RHEUM ARTH CLINIC,Rheumatology,,,
1520,,Topeka,SHAWNEE,JUV RHEUM ARTH CLINIC,Rheumatology,,,
1521,,Topeka,SHAWNEE,JUV RHEUM ARTH CLINIC,Rheumatology,,,
1522,,Topeka,SHAWNEE,JUV RHEUM ARTH CLINIC,Rheumatology,,,
1523,1500 SW 10th Ave,TOPEKA,SHAWNEE,LABORATORY,Lab,Normal,66606,20177000500.0
1524,1500 SW 10th Ave,TOPEKA,SHAWNEE,LABORATORY,Lab,Normal,66606,20177000500.0
1525,1500 SW 10th Ave,TOPEKA,SHAWNEE,LABORATORY,Lab,Normal,66606,20177000500.0
1526,1500 SW 10th Ave,TOPEKA,SHAWNEE,LABORATORY,Lab,Normal,66606,20177000500.0
1527,1500 SW 10th Ave,TOPEKA,SHAWNEE,LABORATORY,Lab,Normal,66606,20177000500.0
1528,1500 SW 10th Ave,TOPEKA,SHAWNEE,LABORATORY,Lab,Normal,66606,20177000500.0
1529,1500 SW 10th Ave,TOPEKA,SHAWNEE,LABORATORY,Lab,Normal,66606,20177000500.0
1530,1500 SW 10th Ave,TOPEKA,SHAWNEE,LABORATORY,Lab,Normal,66606,20177000500.0
1531,1500 SW 10th Ave,TOPEKA,SHAWNEE,LABORATORY,Lab,Normal,66606,20177000500.0
1532,1500 SW 10th Ave,TOPEKA,SHAWNEE,LABORATORY,Lab,Normal,66606,20177000500.0
1533,1500 SW 10th Ave,TOPEKA,SHAWNEE,LABORATORY,Lab,Normal,66606,20177000500.0
1534,1500 SW 10th Ave,TOPEKA,SHAWNEE,LABORATORY,Lab,Normal,66606,20177000500.0
1535,1500 SW 10th Ave,TOPEKA,SHAWNEE,LABORATORY,Lab,Normal,66606,20177000500.0
1536,1500 SW 10th Ave,TOPEKA,SHAWNEE,LABORATORY,Lab,Normal,66606,20177000500.0
1537,1500 SW 10th Ave,TOPEKA,SHAWNEE,LABORATORY,Lab,Normal,66606,20177000500.0
1538,1500 SW 10th Ave,TOPEKA,SHAWNEE,LABORATORY,Lab,Normal,66606,20177000500.0
1539,1500 SW 10th Ave,TOPEKA,SHAWNEE,LABORATORY,Lab,Normal,66606,20177000500.0
1540,1500 SW 10th Ave,TOPEKA,SHAWNEE,LABORATORY,Lab,Normal,66606,20177000500.0
1541,1500 SW 10th Ave,TOPEKA,SHAWNEE,LABORATORY,Lab,Normal,66606,20177000500.0
1542,1500 SW 10th Ave,TOPEKA,SHAWNEE,LABORATORY,Lab,Normal,66606,20177000500.0
1543,1500 SW 10th Ave,TOPEKA,SHAWNEE,LABORATORY,Lab,Normal,66606,20177000500.0
1544,1500 SW 10th Ave,TOPEKA,SHAWNEE,LABORATORY,Lab,Normal,66606,20177000500.0
1545,1500 SW 10th Ave,TOPEKA,SHAWNEE,LABORATORY,Lab,Normal,66606,20177000500.0
1546,1500 SW 10th Ave,TOPEKA,SHAWNEE,LABORATORY,Lab,Normal,66606,20177000500.0
1547,1500 SW 10th Ave,TOPEKA,SHAWNEE,LABORATORY,Lab,Normal,66606,20177000500.0
1548,1500 SW 10th Ave,TOPEKA,SHAWNEE,LABORATORY,Lab,Normal,66606,20177000500.0
1549,1500 SW 10th Ave,TOPEKA,SHAWNEE,LABORATORY,Lab,Normal,66606,20177000500.0
1550,1500 SW 10th Ave,TOPEKA,SHAWNEE,LABORATORY,Lab,Normal,66606,20177000500.0
1551,1500 SW 10th Ave,TOPEKA,SHAWNEE,LABORATORY,Lab,Normal,66606,20177000500.0
1552,1500 SW 10th Ave,TOPEKA,SHAWNEE,LABORATORY,Lab,Normal,66606,20177000500.0
1553,1500 SW 10th Ave,TOPEKA,SHAWNEE,LABORATORY,Lab,Normal,66606,20177000500.0
1554,1500 SW 10th Ave,TOPEKA,SHAWNEE,LABORATORY,Lab,Normal,66606,20177000500.0
1555,1500 SW 10th Ave,TOPEKA,SHAWNEE,LABORATORY,Lab,Normal,66606,20177000500.0
1556,1500 SW 10th Ave,TOPEKA,SHAWNEE,LABORATORY,Lab,Normal,66606,20177000500.0
1557,1500 SW 10th Ave,TOPEKA,SHAWNEE,LABORATORY,Lab,Normal,66606,20177000500.0
1558,1500 SW 10th Ave,TOPEKA,SHAWNEE,LABORATORY,Lab,Normal,66606,20177000500.0
1559,1500 SW 10th Ave,TOPEKA,SHAWNEE,LABORATORY,Lab,Normal,66606,20177000500.0
1560,1500 SW 10th Ave,TOPEKA,SHAWNEE,LABORATORY,Lab,Normal,66606,20177000500.0
1561,1500 SW 10th Ave,TOPEKA,SHAWNEE,LABORATORY,Lab,Normal,66606,20177000500.0
1562,1500 SW 10th Ave,TOPEKA,SHAWNEE,LABORATORY,Lab,Normal,66606,20177000500.0
1563,1500 SW 10th Ave,Topeka,SHAWNEE,MRI,Radiology,HOD,66604,20177003603.0
1564,1500 SW 10th Ave,Topeka,SHAWNEE,MRI,Radiology,HOD,66604,20177003603.0
1565,1500 SW 10th Ave,Topeka,SHAWNEE,MRI,Radiology,HOD,66604,20177003603.0
1566,1500 SW 10th Ave,Topeka,SHAWNEE,MRI,Radiology,HOD,66604,20177003603.0
1567,1500 SW 10th Ave,Topeka,SHAWNEE,MRI,Radiology,HOD,66604,20177003603.0
1568,1500 SW 10th Ave,Topeka,SHAWNEE,MRI,Radiology,HOD,66604,20177003603.0
1569,1500 SW 10th Ave,Topeka,SHAWNEE,MRI,Radiology,HOD,66604,20177003603.0
1570,1500 SW 10th Ave,Topeka,SHAWNEE,MRI,Radiology,HOD,66604,20177003603.0
1571,1500 SW 10th Ave,Topeka,SHAWNEE,MRI,Radiology,HOD,66604,20177003603.0
1572,1500 SW 10th Ave,Topeka,SHAWNEE,MRI,Radiology,HOD,66604,20177003603.0
1573,1500 SW 10th Ave,Topeka,SHAWNEE,MRI,Radiology,HOD,66604,20177003603.0
1574,1500 SW 10th Ave,Topeka,SHAWNEE,MRI,Radiology,HOD,66604,20177003603.0
1575,1500 SW 10th Ave,Topeka,SHAWNEE,MRI,Radiology,HOD,66604,20177003603.0
1576,1979 Milky Way,VERONA,*Unspecified,EMH ICU,Intensive Care,ICU,53593,55025012700.0
1577,1500 SW 10th Ave,Topeka,SHAWNEE,MRI,Radiology,HOD,66604,20177003603.0
1578,1500 SW 10th Ave,Topeka,SHAWNEE,MRI,Radiology,HOD,66604,20177003603.0
1579,1500 SW 10th Ave,Topeka,SHAWNEE,MRI,Radiology,HOD,66604,20177003603.0
1580,1500 SW 10th Ave,Topeka,SHAWNEE,MRI,Radiology,HOD,66604,20177003603.0
1581,1500 SW 10th Ave,Topeka,SHAWNEE,MRI,Radiology,HOD,66604,20177003603.0
1582,1500 SW 10th Ave,Topeka,SHAWNEE,MRI,Radiology,HOD,66604,20177003603.0
1583,1500 SW 10th Ave,Topeka,SHAWNEE,MRI,Radiology,HOD,66604,20177003603.0
1584,1500 SW 10th Ave,Topeka,SHAWNEE,MRI,Radiology,HOD,66604,20177003603.0
1585,1500 SW 10th Ave,Topeka,SHAWNEE,MRI,Radiology,HOD,66604,20177003603.0
1586,1500 SW 10th Ave,Topeka,SHAWNEE,MRI,Radiology,HOD,66604,20177003603.0
1587,1979 Milky Way,VERONA,*Unspecified,EMH ICU,Intensive Care,ICU,53593,55025012700.0
1588,1500 SW 10th Ave,Topeka,SHAWNEE,MRI,Radiology,HOD,66604,20177003603.0
1589,1500 SW 10th Ave,Topeka,SHAWNEE,MRI,Radiology,HOD,66604,20177003603.0
1590,1500 SW 10th Ave,Topeka,SHAWNEE,MRI,Radiology,HOD,66604,20177003603.0
1591,1500 SW 10th Ave,Topeka,SHAWNEE,MRI,Radiology,HOD,66604,20177003603.0
1592,1500 SW 10th Ave,Topeka,SHAWNEE,MRI,Radiology,HOD,66604,20177003603.0
1593,1500 SW 10th Ave,Topeka,SHAWNEE,MRI,Radiology,HOD,66604,20177003603.0
1594,1500 SW 10th Ave,Topeka,SHAWNEE,MRI,Radiology,HOD,66604,20177003603.0
1595,1500 SW 10th Ave,Topeka,SHAWNEE,MRI,Radiology,HOD,66604,20177003603.0
1596,1500 SW 10th Ave,Topeka,SHAWNEE,MRI,Radiology,HOD,66604,20177003603.0
1597,1500 SW 10th Ave,Topeka,SHAWNEE,MRI,Radiology,HOD,66604,20177003603.0
1598,1979 Milky Way,VERONA,*Unspecified,EMH EMERGENCY,Emergency Medicine,ED,53593,55025012700.0
1599,1500 SW 10th Ave,Topeka,SHAWNEE,MRI,Radiology,HOD,66604,20177003603.0
1600,1500 SW 10th Ave,Topeka,SHAWNEE,MRI,Radiology,HOD,66604,20177003603.0
1601,1500 SW 10th Ave,Topeka,SHAWNEE,MRI,Radiology,HOD,66604,20177003603.0
1602,1500 SW 10th Ave,Topeka,SHAWNEE,MRI,Radiology,HOD,66604,20177003603.0
1603,1500 SW 10th Ave,Topeka,SHAWNEE,MRI,Radiology,HOD,66604,20177003603.0
1604,1500 SW 10th Ave,Topeka,SHAWNEE,MRI,Radiology,HOD,66604,20177003603.0
1605,1500 SW 10th Ave,Topeka,SHAWNEE,MRI,Radiology,HOD,66604,20177003603.0
1606,,Topeka,SHAWNEE,MULTIPLE TESTS,*Unspecified,HOD,,
1607,,Topeka,SHAWNEE,MULTIPLE TESTS,*Unspecified,HOD,,
1608,,Topeka,SHAWNEE,MULTIPLE TESTS,*Unspecified,HOD,,
1609,1979 Milky Way,VERONA,*Unspecified,EMH EMERGENCY,Emergency Medicine,ED,53593,55025012700.0
1610,,Topeka,SHAWNEE,MULTIPLE TESTS,*Unspecified,HOD,,
1611,,Topeka,SHAWNEE,MULTIPLE TESTS,*Unspecified,HOD,,
1612,,Topeka,SHAWNEE,MULTIPLE TESTS,*Unspecified,HOD,,
1613,,Topeka,SHAWNEE,MULTIPLE TESTS,*Unspecified,HOD,,
1614,,Topeka,SHAWNEE,MULTIPLE TESTS,*Unspecified,HOD,,
1615,,Topeka,SHAWNEE,MULTIPLE TESTS,*Unspecified,HOD,,
1616,,Topeka,SHAWNEE,MULTIPLE TESTS,*Unspecified,HOD,,
1617,,Topeka,SHAWNEE,MULTIPLE TESTS,*Unspecified,HOD,,
1618,,Topeka,SHAWNEE,MULTIPLE TESTS,*Unspecified,HOD,,
1619,,Topeka,SHAWNEE,MULTIPLE TESTS,*Unspecified,HOD,,
1620,1979 Milky Way,VERONA,*Unspecified,EMH EMERGENCY,Emergency Medicine,ED,53593,55025012700.0
1621,,Topeka,SHAWNEE,MULTIPLE TESTS,*Unspecified,HOD,,
1622,,Topeka,SHAWNEE,MULTIPLE TESTS,*Unspecified,HOD,,
1623,,Topeka,SHAWNEE,MULTIPLE TESTS,*Unspecified,HOD,,
1624,,Topeka,SHAWNEE,MULTIPLE TESTS,*Unspecified,HOD,,
1625,,Topeka,SHAWNEE,MULTIPLE TESTS,*Unspecified,HOD,,
1626,,Topeka,SHAWNEE,MULTIPLE TESTS,*Unspecified,HOD,,
1627,,Topeka,SHAWNEE,MULTIPLE TESTS,*Unspecified,HOD,,
1628,,Topeka,SHAWNEE,MULTIPLE TESTS,*Unspecified,HOD,,
1629,,Topeka,SHAWNEE,MULTIPLE TESTS,*Unspecified,HOD,,
1630,,Topeka,SHAWNEE,MULTIPLE TESTS,*Unspecified,HOD,,
1631,1979 Milky Way,VERONA,*Unspecified,EMH EMERGENCY,Emergency Medicine,ED,53593,55025012700.0
1632,,Topeka,SHAWNEE,MULTIPLE TESTS,*Unspecified,HOD,,
1633,,Topeka,SHAWNEE,MULTIPLE TESTS,*Unspecified,HOD,,
1634,,Topeka,SHAWNEE,MULTIPLE TESTS,*Unspecified,HOD,,
1635,,Topeka,SHAWNEE,MULTIPLE TESTS,*Unspecified,HOD,,
1636,,Topeka,SHAWNEE,MULTIPLE TESTS,*Unspecified,HOD,,
1637,,Topeka,SHAWNEE,MULTIPLE TESTS,*Unspecified,HOD,,
1638,,Topeka,SHAWNEE,MULTIPLE TESTS,*Unspecified,HOD,,
1639,,Topeka,SHAWNEE,MULTIPLE TESTS,*Unspecified,HOD,,
1640,,Topeka,SHAWNEE,MULTIPLE TESTS,*Unspecified,HOD,,
1641,,Topeka,SHAWNEE,MULTIPLE TESTS,*Unspecified,HOD,,
1642,1979 Milky Way,VERONA,*Unspecified,EMH EMERGENCY,Emergency Medicine,ED,53593,55025012700.0
1643,,Topeka,SHAWNEE,MULTIPLE TESTS,*Unspecified,HOD,,
1644,,Topeka,SHAWNEE,MULTIPLE TESTS,*Unspecified,HOD,,
1645,,Topeka,SHAWNEE,MULTIPLE TESTS,*Unspecified,HOD,,
1646,,Topeka,SHAWNEE,MULTIPLE TESTS,*Unspecified,HOD,,
1647,,Topeka,SHAWNEE,MULTIPLE TESTS,*Unspecified,HOD,,
1648,,Topeka,SHAWNEE,MULTIPLE TESTS,*Unspecified,HOD,,
1649,,Topeka,SHAWNEE,MULTIPLE TESTS,*Unspecified,HOD,,
1650,,Topeka,SHAWNEE,NICU DEV PROG CLINIC,*Unspecified,HOD,,
1651,,Topeka,SHAWNEE,NICU DEV PROG CLINIC,*Unspecified,HOD,,
1652,,Topeka,SHAWNEE,NICU DEV PROG CLINIC,*Unspecified,HOD,,
1653,1979 Milky Way,VERONA,*Unspecified,EMH EMERGENCY,Emergency Medicine,ED,53593,55025012700.0
1654,,Topeka,SHAWNEE,NICU DEV PROG CLINIC,*Unspecified,HOD,,
1655,,Topeka,SHAWNEE,NICU DEV PROG CLINIC,*Unspecified,HOD,,
1656,,Topeka,SHAWNEE,NICU DEV PROG CLINIC,*Unspecified,HOD,,
1657,,Topeka,SHAWNEE,NICU DEV PROG CLINIC,*Unspecified,HOD,,
1658,,Topeka,SHAWNEE,NICU DEV PROG CLINIC,*Unspecified,HOD,,
1659,,Topeka,SHAWNEE,NICU DEV PROG CLINIC,*Unspecified,HOD,,
1660,,Topeka,SHAWNEE,NICU DEV PROG CLINIC,*Unspecified,HOD,,
1661,,Topeka,SHAWNEE,NICU DEV PROG CLINIC,*Unspecified,HOD,,
1662,,Topeka,SHAWNEE,NICU DEV PROG CLINIC,*Unspecified,HOD,,
1663,,Topeka,SHAWNEE,NICU DEV PROG CLINIC,*Unspecified,HOD,,
1664,1979 Milky Way,VERONA,*Unspecified,EMH EMERGENCY,Emergency Medicine,ED,53593,55025012700.0
1665,,Topeka,SHAWNEE,NICU DEV PROG CLINIC,*Unspecified,HOD,,
1666,,Topeka,SHAWNEE,NICU DEV PROG CLINIC,*Unspecified,HOD,,
1667,,Topeka,SHAWNEE,NICU DEV PROG CLINIC,*Unspecified,HOD,,
1668,,Topeka,SHAWNEE,NICU DEV PROG CLINIC,*Unspecified,HOD,,
1669,,Topeka,SHAWNEE,NICU DEV PROG CLINIC,*Unspecified,HOD,,
1670,,Topeka,SHAWNEE,NICU DEV PROG CLINIC,*Unspecified,HOD,,
1671,,Topeka,SHAWNEE,NICU DEV PROG CLINIC,*Unspecified,HOD,,
1672,,Topeka,SHAWNEE,NICU DEV PROG CLINIC,*Unspecified,HOD,,
1673,,Topeka,SHAWNEE,NICU DEV PROG CLINIC,*Unspecified,HOD,,
1674,,Topeka,SHAWNEE,NICU DEV PROG CLINIC,*Unspecified,HOD,,
1675,1979 Milky Way,VERONA,*Unspecified,EMH EMERGENCY,Emergency Medicine,ED,53593,55025012700.0
1676,,Topeka,SHAWNEE,NICU DEV PROG CLINIC,*Unspecified,HOD,,
1677,,Topeka,SHAWNEE,NICU DEV PROG CLINIC,*Unspecified,HOD,,
1678,,Topeka,SHAWNEE,NICU DEV PROG CLINIC,*Unspecified,HOD,,
1679,,Topeka,SHAWNEE,NICU DEV PROG CLINIC,*Unspecified,HOD,,
1680,,Topeka,SHAWNEE,NICU DEV PROG CLINIC,*Unspecified,HOD,,
1681,,Topeka,SHAWNEE,NICU DEV PROG CLINIC,*Unspecified,HOD,,
1682,,Topeka,SHAWNEE,NICU DEV PROG CLINIC,*Unspecified,HOD,,
1683,,Topeka,SHAWNEE,NICU DEV PROG CLINIC,*Unspecified,HOD,,
1684,,Topeka,SHAWNEE,NICU DEV PROG CLINIC,*Unspecified,HOD,,
1685,,Topeka,SHAWNEE,NICU DEV PROG CLINIC,*Unspecified,HOD,,
1686,1979 Milky Way,VERONA,*Unspecified,EMH EMERGENCY,Emergency Medicine,ED,53593,55025012700.0
1687,,Topeka,SHAWNEE,NICU DEV PROG CLINIC,*Unspecified,HOD,,
1688,,Topeka,SHAWNEE,NICU DEV PROG CLINIC,*Unspecified,HOD,,
1689,,Topeka,SHAWNEE,NICU DEV PROG CLINIC,*Unspecified,HOD,,
1690,,Topeka,SHAWNEE,NICU DEV PROG CLINIC,*Unspecified,HOD,,
1691,,Topeka,SHAWNEE,NICU DEV PROG CLINIC,*Unspecified,HOD,,
1692,,Topeka,SHAWNEE,NICU DEV PROG CLINIC,*Unspecified,HOD,,
1693,,Topeka,SHAWNEE,NICU DEV PROG CLINIC,*Unspecified,HOD,,
1694,,Topeka,SHAWNEE,NICU FOLLOW UP CLINIC,Neonatology,,,
1695,,Topeka,SHAWNEE,NICU FOLLOW UP CLINIC,Neonatology,,,
1696,,Topeka,SHAWNEE,NICU FOLLOW UP CLINIC,Neonatology,,,
1697,1979 Milky Way,VERONA,*Unspecified,EMH EMERGENCY,Emergency Medicine,ED,53593,55025012700.0
1698,,Topeka,SHAWNEE,NICU FOLLOW UP CLINIC,Neonatology,,,
1699,,Topeka,SHAWNEE,NICU FOLLOW UP CLINIC,Neonatology,,,
1700,,Topeka,SHAWNEE,NICU FOLLOW UP CLINIC,Neonatology,,,
1701,,Topeka,SHAWNEE,NICU FOLLOW UP CLINIC,Neonatology,,,
1702,,Topeka,SHAWNEE,NICU FOLLOW UP CLINIC,Neonatology,,,
1703,,Topeka,SHAWNEE,NICU FOLLOW UP CLINIC,Neonatology,,,
1704,,Topeka,SHAWNEE,NICU FOLLOW UP CLINIC,Neonatology,,,
1705,,Topeka,SHAWNEE,NICU FOLLOW UP CLINIC,Neonatology,,,
1706,,Topeka,SHAWNEE,NICU FOLLOW UP CLINIC,Neonatology,,,
1707,,Topeka,SHAWNEE,NICU FOLLOW UP CLINIC,Neonatology,,,
1708,1979 Milky Way,VERONA,*Unspecified,EMH EMERGENCY,Emergency Medicine,ED,53593,55025012700.0
1709,,Topeka,SHAWNEE,NICU FOLLOW UP CLINIC,Neonatology,,,
1710,,Topeka,SHAWNEE,NICU FOLLOW UP CLINIC,Neonatology,,,
1711,,Topeka,SHAWNEE,NICU FOLLOW UP CLINIC,Neonatology,,,
1712,,Topeka,SHAWNEE,NICU FOLLOW UP CLINIC,Neonatology,,,
1713,,Topeka,SHAWNEE,NICU FOLLOW UP CLINIC,Neonatology,,,
1714,,Topeka,SHAWNEE,NICU FOLLOW UP CLINIC,Neonatology,,,
1715,,Topeka,SHAWNEE,NICU FOLLOW UP CLINIC,Neonatology,,,
1716,,Topeka,SHAWNEE,NICU FOLLOW UP CLINIC,Neonatology,,,
1717,,Topeka,SHAWNEE,NICU FOLLOW UP CLINIC,Neonatology,,,
1718,,Topeka,SHAWNEE,NICU FOLLOW UP CLINIC,Neonatology,,,
1719,1979 Milky Way,VERONA,*Unspecified,EMH EMERGENCY,Emergency Medicine,ED,53593,55025012700.0
1720,,Topeka,SHAWNEE,NICU FOLLOW UP CLINIC,Neonatology,,,
1721,,Topeka,SHAWNEE,NICU FOLLOW UP CLINIC,Neonatology,,,
1722,,Topeka,SHAWNEE,NICU FOLLOW UP CLINIC,Neonatology,,,
1723,,Topeka,SHAWNEE,NICU FOLLOW UP CLINIC,Neonatology,,,
1724,,Topeka,SHAWNEE,NICU FOLLOW UP CLINIC,Neonatology,,,
1725,,Topeka,SHAWNEE,NICU FOLLOW UP CLINIC,Neonatology,,,
1726,,Topeka,SHAWNEE,NICU FOLLOW UP CLINIC,Neonatology,,,
1727,,Topeka,SHAWNEE,NICU FOLLOW UP CLINIC,Neonatology,,,
1728,,Topeka,SHAWNEE,NICU FOLLOW UP CLINIC,Neonatology,,,
1729,,Topeka,SHAWNEE,NICU FOLLOW UP CLINIC,Neonatology,,,
1730,1979 Milky Way,VERONA,*Unspecified,EMH EMERGENCY,Emergency Medicine,ED,53593,55025012700.0
1731,,Topeka,SHAWNEE,NICU FOLLOW UP CLINIC,Neonatology,,,
1732,,Topeka,SHAWNEE,NICU FOLLOW UP CLINIC,Neonatology,,,
1733,,Topeka,SHAWNEE,NICU FOLLOW UP CLINIC,Neonatology,,,
1734,,Topeka,SHAWNEE,NICU FOLLOW UP CLINIC,Neonatology,,,
1735,,Topeka,SHAWNEE,NICU FOLLOW UP CLINIC,Neonatology,,,
1736,,Topeka,SHAWNEE,NICU FOLLOW UP CLINIC,Neonatology,,,
1737,,Topeka,SHAWNEE,NICU FOLLOW UP CLINIC,Neonatology,,,
1738,929 SW Mulvane St,Topeka,SHAWNEE,SV HEART CENTER NUCLEAR CARDIOLOGY,Radiology,HOD,66606,20177000500.0
1739,929 SW Mulvane St,Topeka,SHAWNEE,SV HEART CENTER NUCLEAR CARDIOLOGY,Radiology,HOD,66606,20177000500.0
1740,929 SW Mulvane St,Topeka,SHAWNEE,SV HEART CENTER NUCLEAR CARDIOLOGY,Radiology,HOD,66606,20177000500.0
1741,1979 Milky Way,VERONA,*Unspecified,EMH EMERGENCY,Emergency Medicine,ED,53593,55025012700.0
1742,929 SW Mulvane St,Topeka,SHAWNEE,SV HEART CENTER NUCLEAR CARDIOLOGY,Radiology,HOD,66606,20177000500.0
1743,929 SW Mulvane St,Topeka,SHAWNEE,SV HEART CENTER NUCLEAR CARDIOLOGY,Radiology,HOD,66606,20177000500.0
1744,929 SW Mulvane St,Topeka,SHAWNEE,SV HEART CENTER NUCLEAR CARDIOLOGY,Radiology,HOD,66606,20177000500.0
1745,929 SW Mulvane St,Topeka,SHAWNEE,SV HEART CENTER NUCLEAR CARDIOLOGY,Radiology,HOD,66606,20177000500.0
1746,929 SW Mulvane St,Topeka,SHAWNEE,SV HEART CENTER NUCLEAR CARDIOLOGY,Radiology,HOD,66606,20177000500.0
1747,929 SW Mulvane St,Topeka,SHAWNEE,SV HEART CENTER NUCLEAR CARDIOLOGY,Radiology,HOD,66606,20177000500.0
1748,929 SW Mulvane St,Topeka,SHAWNEE,SV HEART CENTER NUCLEAR CARDIOLOGY,Radiology,HOD,66606,20177000500.0
1749,929 SW Mulvane St,Topeka,SHAWNEE,SV HEART CENTER NUCLEAR CARDIOLOGY,Radiology,HOD,66606,20177000500.0
1750,929 SW Mulvane St,Topeka,SHAWNEE,SV HEART CENTER NUCLEAR CARDIOLOGY,Radiology,HOD,66606,20177000500.0
1751,929 SW Mulvane St,Topeka,SHAWNEE,SV HEART CENTER NUCLEAR CARDIOLOGY,Radiology,HOD,66606,20177000500.0
1752,1979 Milky Way,VERONA,*Unspecified,EMH ICU,Intensive Care,ICU,53593,55025012700.0
1753,929 SW Mulvane St,Topeka,SHAWNEE,SV HEART CENTER NUCLEAR CARDIOLOGY,Radiology,HOD,66606,20177000500.0
1754,929 SW Mulvane St,Topeka,SHAWNEE,SV HEART CENTER NUCLEAR CARDIOLOGY,Radiology,HOD,66606,20177000500.0
1755,929 SW Mulvane St,Topeka,SHAWNEE,SV HEART CENTER NUCLEAR CARDIOLOGY,Radiology,HOD,66606,20177000500.0
1756,929 SW Mulvane St,Topeka,SHAWNEE,SV HEART CENTER NUCLEAR CARDIOLOGY,Radiology,HOD,66606,20177000500.0
1757,929 SW Mulvane St,Topeka,SHAWNEE,SV HEART CENTER NUCLEAR CARDIOLOGY,Radiology,HOD,66606,20177000500.0
1758,929 SW Mulvane St,Topeka,SHAWNEE,SV HEART CENTER NUCLEAR CARDIOLOGY,Radiology,HOD,66606,20177000500.0
1759,929 SW Mulvane St,Topeka,SHAWNEE,SV HEART CENTER NUCLEAR CARDIOLOGY,Radiology,HOD,66606,20177000500.0
1760,929 SW Mulvane St,Topeka,SHAWNEE,SV HEART CENTER NUCLEAR CARDIOLOGY,Radiology,HOD,66606,20177000500.0
1761,929 SW Mulvane St,Topeka,SHAWNEE,SV HEART CENTER NUCLEAR CARDIOLOGY,Radiology,HOD,66606,20177000500.0
1762,929 SW Mulvane St,Topeka,SHAWNEE,SV HEART CENTER NUCLEAR CARDIOLOGY,Radiology,HOD,66606,20177000500.0
1763,1979 Milky Way,VERONA,*Unspecified,EMH ICU,Intensive Care,ICU,53593,55025012700.0
1764,929 SW Mulvane St,Topeka,SHAWNEE,SV HEART CENTER NUCLEAR CARDIOLOGY,Radiology,HOD,66606,20177000500.0
1765,929 SW Mulvane St,Topeka,SHAWNEE,SV HEART CENTER NUCLEAR CARDIOLOGY,Radiology,HOD,66606,20177000500.0
1766,929 SW Mulvane St,Topeka,SHAWNEE,SV HEART CENTER NUCLEAR CARDIOLOGY,Radiology,HOD,66606,20177000500.0
1767,929 SW Mulvane St,Topeka,SHAWNEE,SV HEART CENTER NUCLEAR CARDIOLOGY,Radiology,HOD,66606,20177000500.0
1768,929 SW Mulvane St,Topeka,SHAWNEE,SV HEART CENTER NUCLEAR CARDIOLOGY,Radiology,HOD,66606,20177000500.0
1769,929 SW Mulvane St,Topeka,SHAWNEE,SV HEART CENTER NUCLEAR CARDIOLOGY,Radiology,HOD,66606,20177000500.0
1770,929 SW Mulvane St,Topeka,SHAWNEE,SV HEART CENTER NUCLEAR CARDIOLOGY,Radiology,HOD,66606,20177000500.0
1771,929 SW Mulvane St,Topeka,SHAWNEE,SV HEART CENTER NUCLEAR CARDIOLOGY,Radiology,HOD,66606,20177000500.0
1772,929 SW Mulvane St,Topeka,SHAWNEE,SV HEART CENTER NUCLEAR CARDIOLOGY,Radiology,HOD,66606,20177000500.0
1773,929 SW Mulvane St,Topeka,SHAWNEE,SV HEART CENTER NUCLEAR CARDIOLOGY,Radiology,HOD,66606,20177000500.0
1774,1979 Milky Way,VERONA,*Unspecified,EMH ICU,Intensive Care,ICU,53593,55025012700.0
1775,929 SW Mulvane St,Topeka,SHAWNEE,SV HEART CENTER NUCLEAR CARDIOLOGY,Radiology,HOD,66606,20177000500.0
1776,929 SW Mulvane St,Topeka,SHAWNEE,SV HEART CENTER NUCLEAR CARDIOLOGY,Radiology,HOD,66606,20177000500.0
1777,929 SW Mulvane St,Topeka,SHAWNEE,SV HEART CENTER NUCLEAR CARDIOLOGY,Radiology,HOD,66606,20177000500.0
1778,929 SW Mulvane St,Topeka,SHAWNEE,SV HEART CENTER NUCLEAR CARDIOLOGY,Radiology,HOD,66606,20177000500.0
1779,929 SW Mulvane St,Topeka,SHAWNEE,SV HEART CENTER NUCLEAR CARDIOLOGY,Radiology,HOD,66606,20177000500.0
1780,929 SW Mulvane St,Topeka,SHAWNEE,SV HEART CENTER NUCLEAR CARDIOLOGY,Radiology,HOD,66606,20177000500.0
1781,929 SW Mulvane St,Topeka,SHAWNEE,SV HEART CENTER NUCLEAR CARDIOLOGY,Radiology,HOD,66606,20177000500.0
1782,1500 SW 10th Ave,TOPEKA,SHAWNEE,NUCLEAR MEDICINE,Radiology,HOD,66604,20177003603.0
1783,1500 SW 10th Ave,TOPEKA,SHAWNEE,NUCLEAR MEDICINE,Radiology,HOD,66604,20177003603.0
1784,1500 SW 10th Ave,TOPEKA,SHAWNEE,NUCLEAR MEDICINE,Radiology,HOD,66604,20177003603.0
1785,1979 Milky Way,VERONA,*Unspecified,EMH ICU,Intensive Care,ICU,53593,55025012700.0
1786,1500 SW 10th Ave,TOPEKA,SHAWNEE,NUCLEAR MEDICINE,Radiology,HOD,66604,20177003603.0
1787,1500 SW 10th Ave,TOPEKA,SHAWNEE,NUCLEAR MEDICINE,Radiology,HOD,66604,20177003603.0
1788,1500 SW 10th Ave,TOPEKA,SHAWNEE,NUCLEAR MEDICINE,Radiology,HOD,66604,20177003603.0
1789,1500 SW 10th Ave,TOPEKA,SHAWNEE,NUCLEAR MEDICINE,Radiology,HOD,66604,20177003603.0
1790,1500 SW 10th Ave,TOPEKA,SHAWNEE,NUCLEAR MEDICINE,Radiology,HOD,66604,20177003603.0
1791,1500 SW 10th Ave,TOPEKA,SHAWNEE,NUCLEAR MEDICINE,Radiology,HOD,66604,20177003603.0
1792,1500 SW 10th Ave,TOPEKA,SHAWNEE,NUCLEAR MEDICINE,Radiology,HOD,66604,20177003603.0
1793,1500 SW 10th Ave,TOPEKA,SHAWNEE,NUCLEAR MEDICINE,Radiology,HOD,66604,20177003603.0
1794,1500 SW 10th Ave,TOPEKA,SHAWNEE,NUCLEAR MEDICINE,Radiology,HOD,66604,20177003603.0
1795,1500 SW 10th Ave,TOPEKA,SHAWNEE,NUCLEAR MEDICINE,Radiology,HOD,66604,20177003603.0
1796,1979 Milky Way,VERONA,*Unspecified,EMH MED SURG,*Unspecified,,53593,55025012700.0
1797,1500 SW 10th Ave,TOPEKA,SHAWNEE,NUCLEAR MEDICINE,Radiology,HOD,66604,20177003603.0
1798,1500 SW 10th Ave,TOPEKA,SHAWNEE,NUCLEAR MEDICINE,Radiology,HOD,66604,20177003603.0
1799,1500 SW 10th Ave,TOPEKA,SHAWNEE,NUCLEAR MEDICINE,Radiology,HOD,66604,20177003603.0
1800,1500 SW 10th Ave,TOPEKA,SHAWNEE,NUCLEAR MEDICINE,Radiology,HOD,66604,20177003603.0
1801,1500 SW 10th Ave,TOPEKA,SHAWNEE,NUCLEAR MEDICINE,Radiology,HOD,66604,20177003603.0
1802,1500 SW 10th Ave,TOPEKA,SHAWNEE,NUCLEAR MEDICINE,Radiology,HOD,66604,20177003603.0
1803,1500 SW 10th Ave,TOPEKA,SHAWNEE,NUCLEAR MEDICINE,Radiology,HOD,66604,20177003603.0
1804,,Topeka,SHAWNEE,OSTOMY,*Unspecified,HOD,,
1805,,Topeka,SHAWNEE,OSTOMY,*Unspecified,HOD,,
1806,,Topeka,SHAWNEE,OSTOMY,*Unspecified,HOD,,
1807,1979 Milky Way,VERONA,*Unspecified,EMH MED SURG,*Unspecified,,53593,55025012700.0
1808,,Topeka,SHAWNEE,OSTOMY,*Unspecified,HOD,,
1809,,Topeka,SHAWNEE,OSTOMY,*Unspecified,HOD,,
1810,,Topeka,SHAWNEE,OSTOMY,*Unspecified,HOD,,
1811,,Topeka,SHAWNEE,OSTOMY,*Unspecified,HOD,,
1812,,Topeka,SHAWNEE,OSTOMY,*Unspecified,HOD,,
1813,,Topeka,SHAWNEE,OSTOMY,*Unspecified,HOD,,
1814,,Topeka,SHAWNEE,OSTOMY,*Unspecified,HOD,,
1815,,Topeka,SHAWNEE,OSTOMY,*Unspecified,HOD,,
1816,,Topeka,SHAWNEE,OSTOMY,*Unspecified,HOD,,
1817,,Topeka,SHAWNEE,OSTOMY,*Unspecified,HOD,,
1818,1979 Milky Way,VERONA,*Unspecified,EMH MED SURG,*Unspecified,,53593,55025012700.0
1819,,Topeka,SHAWNEE,OSTOMY,*Unspecified,HOD,,
1820,,Topeka,SHAWNEE,OSTOMY,*Unspecified,HOD,,
1821,,Topeka,SHAWNEE,OSTOMY,*Unspecified,HOD,,
1822,,Topeka,SHAWNEE,OSTOMY,*Unspecified,HOD,,
1823,,Topeka,SHAWNEE,OSTOMY,*Unspecified,HOD,,
1824,,Topeka,SHAWNEE,OSTOMY,*Unspecified,HOD,,
1825,,Topeka,SHAWNEE,OSTOMY,*Unspecified,HOD,,
1826,,Topeka,SHAWNEE,PARKINSONS CLINIC,*Unspecified,HOD,,
1827,,Topeka,SHAWNEE,PARKINSONS CLINIC,*Unspecified,HOD,,
1828,,Topeka,SHAWNEE,PARKINSONS CLINIC,*Unspecified,HOD,,
1829,1979 Milky Way,VERONA,*Unspecified,EMH MED SURG,*Unspecified,,53593,55025012700.0
1830,,Topeka,SHAWNEE,PARKINSONS CLINIC,*Unspecified,HOD,,
1831,,Topeka,SHAWNEE,PARKINSONS CLINIC,*Unspecified,HOD,,
1832,,Topeka,SHAWNEE,PARKINSONS CLINIC,*Unspecified,HOD,,
1833,,Topeka,SHAWNEE,PARKINSONS CLINIC,*Unspecified,HOD,,
1834,,Topeka,SHAWNEE,PARKINSONS CLINIC,*Unspecified,HOD,,
1835,,Topeka,SHAWNEE,PARKINSONS CLINIC,*Unspecified,HOD,,
1836,,Topeka,SHAWNEE,PARKINSONS CLINIC,*Unspecified,HOD,,
1837,,Topeka,SHAWNEE,PARKINSONS CLINIC,*Unspecified,HOD,,
1838,,Topeka,SHAWNEE,PARKINSONS CLINIC,*Unspecified,HOD,,
1839,,Topeka,SHAWNEE,PARKINSONS CLINIC,*Unspecified,HOD,,
1840,1979 Milky Way,VERONA,*Unspecified,EMH MED SURG,*Unspecified,,53593,55025012700.0
1841,,Topeka,SHAWNEE,PARKINSONS CLINIC,*Unspecified,HOD,,
1842,,Topeka,SHAWNEE,PARKINSONS CLINIC,*Unspecified,HOD,,
1843,,Topeka,SHAWNEE,PARKINSONS CLINIC,*Unspecified,HOD,,
1844,,Topeka,SHAWNEE,PARKINSONS CLINIC,*Unspecified,HOD,,
1845,,Topeka,SHAWNEE,PARKINSONS CLINIC,*Unspecified,HOD,,
1846,,Topeka,SHAWNEE,PARKINSONS CLINIC,*Unspecified,HOD,,
1847,,Topeka,SHAWNEE,PARKINSONS CLINIC,*Unspecified,HOD,,
1848,3707 SW 6th Ave,TOPEKA,SHAWNEE,PARTIAL DAY PSYCH,Psychiatry,HOD,66606,20177000500.0
1849,3707 SW 6th Ave,TOPEKA,SHAWNEE,PARTIAL DAY PSYCH,Psychiatry,HOD,66606,20177000500.0
1850,3707 SW 6th Ave,TOPEKA,SHAWNEE,PARTIAL DAY PSYCH,Psychiatry,HOD,66606,20177000500.0
1851,1979 Milky Way,VERONA,*Unspecified,EMH PEDIATRICS,Pediatrics,,53593,55025012700.0
1852,3707 SW 6th Ave,TOPEKA,SHAWNEE,PARTIAL DAY PSYCH,Psychiatry,HOD,66606,20177000500.0
1853,3707 SW 6th Ave,TOPEKA,SHAWNEE,PARTIAL DAY PSYCH,Psychiatry,HOD,66606,20177000500.0
1854,3707 SW 6th Ave,TOPEKA,SHAWNEE,PARTIAL DAY PSYCH,Psychiatry,HOD,66606,20177000500.0
1855,3707 SW 6th Ave,TOPEKA,SHAWNEE,PARTIAL DAY PSYCH,Psychiatry,HOD,66606,20177000500.0
1856,3707 SW 6th Ave,TOPEKA,SHAWNEE,PARTIAL DAY PSYCH,Psychiatry,HOD,66606,20177000500.0
1857,3707 SW 6th Ave,TOPEKA,SHAWNEE,PARTIAL DAY PSYCH,Psychiatry,HOD,66606,20177000500.0
1858,3707 SW 6th Ave,TOPEKA,SHAWNEE,PARTIAL DAY PSYCH,Psychiatry,HOD,66606,20177000500.0
1859,3707 SW 6th Ave,TOPEKA,SHAWNEE,PARTIAL DAY PSYCH,Psychiatry,HOD,66606,20177000500.0
1860,3707 SW 6th Ave,TOPEKA,SHAWNEE,PARTIAL DAY PSYCH,Psychiatry,HOD,66606,20177000500.0
1861,3707 SW 6th Ave,TOPEKA,SHAWNEE,PARTIAL DAY PSYCH,Psychiatry,HOD,66606,20177000500.0
1862,1979 Milky Way,VERONA,*Unspecified,EMH PEDIATRICS,Pediatrics,,53593,55025012700.0
1863,3707 SW 6th Ave,TOPEKA,SHAWNEE,PARTIAL DAY PSYCH,Psychiatry,HOD,66606,20177000500.0
1864,3707 SW 6th Ave,TOPEKA,SHAWNEE,PARTIAL DAY PSYCH,Psychiatry,HOD,66606,20177000500.0
1865,3707 SW 6th Ave,TOPEKA,SHAWNEE,PARTIAL DAY PSYCH,Psychiatry,HOD,66606,20177000500.0
1866,3707 SW 6th Ave,TOPEKA,SHAWNEE,PARTIAL DAY PSYCH,Psychiatry,HOD,66606,20177000500.0
1867,3707 SW 6th Ave,TOPEKA,SHAWNEE,PARTIAL DAY PSYCH,Psychiatry,HOD,66606,20177000500.0
1868,3707 SW 6th Ave,TOPEKA,SHAWNEE,PARTIAL DAY PSYCH,Psychiatry,HOD,66606,20177000500.0
1869,3707 SW 6th Ave,TOPEKA,SHAWNEE,PARTIAL DAY PSYCH,Psychiatry,HOD,66606,20177000500.0
1870,1500 SW 10th Ave 340B00935100SV,Topeka,SHAWNEE,PHYSICAL MEDICINE,Physical Medicine and Rehabilitation,HOD,,
1871,1500 SW 10th Ave 340B00935100SV,Topeka,SHAWNEE,PHYSICAL MEDICINE,Physical Medicine and Rehabilitation,HOD,,
1872,1500 SW 10th Ave 340B00935100SV,Topeka,SHAWNEE,PHYSICAL MEDICINE,Physical Medicine and Rehabilitation,HOD,,
1873,1979 Milky Way,VERONA,*Unspecified,EMH PEDIATRICS,Pediatrics,,53593,55025012700.0
1874,1500 SW 10th Ave 340B00935100SV,Topeka,SHAWNEE,PHYSICAL MEDICINE,Physical Medicine and Rehabilitation,HOD,,
1875,1500 SW 10th Ave 340B00935100SV,Topeka,SHAWNEE,PHYSICAL MEDICINE,Physical Medicine and Rehabilitation,HOD,,
1876,1500 SW 10th Ave 340B00935100SV,Topeka,SHAWNEE,PHYSICAL MEDICINE,Physical Medicine and Rehabilitation,HOD,,
1877,1500 SW 10th Ave 340B00935100SV,Topeka,SHAWNEE,PHYSICAL MEDICINE,Physical Medicine and Rehabilitation,HOD,,
1878,1500 SW 10th Ave 340B00935100SV,Topeka,SHAWNEE,PHYSICAL MEDICINE,Physical Medicine and Rehabilitation,HOD,,
1879,1500 SW 10th Ave 340B00935100SV,Topeka,SHAWNEE,PHYSICAL MEDICINE,Physical Medicine and Rehabilitation,HOD,,
1880,1500 SW 10th Ave 340B00935100SV,Topeka,SHAWNEE,PHYSICAL MEDICINE,Physical Medicine and Rehabilitation,HOD,,
1881,1500 SW 10th Ave 340B00935100SV,Topeka,SHAWNEE,PHYSICAL MEDICINE,Physical Medicine and Rehabilitation,HOD,,
1882,1500 SW 10th Ave 340B00935100SV,Topeka,SHAWNEE,PHYSICAL MEDICINE,Physical Medicine and Rehabilitation,HOD,,
1883,1500 SW 10th Ave 340B00935100SV,Topeka,SHAWNEE,PHYSICAL MEDICINE,Physical Medicine and Rehabilitation,HOD,,
1884,1979 Milky Way,VERONA,*Unspecified,EMH PEDIATRICS,Pediatrics,,53593,55025012700.0
1885,1500 SW 10th Ave 340B00935100SV,Topeka,SHAWNEE,PHYSICAL MEDICINE,Physical Medicine and Rehabilitation,HOD,,
1886,1500 SW 10th Ave 340B00935100SV,Topeka,SHAWNEE,PHYSICAL MEDICINE,Physical Medicine and Rehabilitation,HOD,,
1887,1500 SW 10th Ave 340B00935100SV,Topeka,SHAWNEE,PHYSICAL MEDICINE,Physical Medicine and Rehabilitation,HOD,,
1888,1500 SW 10th Ave 340B00935100SV,Topeka,SHAWNEE,PHYSICAL MEDICINE,Physical Medicine and Rehabilitation,HOD,,
1889,1500 SW 10th Ave 340B00935100SV,Topeka,SHAWNEE,PHYSICAL MEDICINE,Physical Medicine and Rehabilitation,HOD,,
1890,1500 SW 10th Ave 340B00935100SV,Topeka,SHAWNEE,PHYSICAL MEDICINE,Physical Medicine and Rehabilitation,HOD,,
1891,1500 SW 10th Ave 340B00935100SV,Topeka,SHAWNEE,PHYSICAL MEDICINE,Physical Medicine and Rehabilitation,HOD,,
1892,1500 SW 10th Ave,TOPEKA,SHAWNEE,PRE-ADMISSION TESTING,Pre-Admission Testing,OR,66604,20177003603.0
1893,1500 SW 10th Ave,TOPEKA,SHAWNEE,PRE-ADMISSION TESTING,Pre-Admission Testing,OR,66604,20177003603.0
1894,1500 SW 10th Ave,TOPEKA,SHAWNEE,PRE-ADMISSION TESTING,Pre-Admission Testing,OR,66604,20177003603.0
1895,1979 Milky Way,VERONA,*Unspecified,EMH PEDIATRICS,Pediatrics,,53593,55025012700.0
1896,1500 SW 10th Ave,TOPEKA,SHAWNEE,PRE-ADMISSION TESTING,Pre-Admission Testing,OR,66604,20177003603.0
1897,1500 SW 10th Ave,TOPEKA,SHAWNEE,PRE-ADMISSION TESTING,Pre-Admission Testing,OR,66604,20177003603.0
1898,1500 SW 10th Ave,TOPEKA,SHAWNEE,PRE-ADMISSION TESTING,Pre-Admission Testing,OR,66604,20177003603.0
1899,1500 SW 10th Ave,TOPEKA,SHAWNEE,PRE-ADMISSION TESTING,Pre-Admission Testing,OR,66604,20177003603.0
1900,1500 SW 10th Ave,TOPEKA,SHAWNEE,PRE-ADMISSION TESTING,Pre-Admission Testing,OR,66604,20177003603.0
1901,1500 SW 10th Ave,TOPEKA,SHAWNEE,PRE-ADMISSION TESTING,Pre-Admission Testing,OR,66604,20177003603.0
1902,1500 SW 10th Ave,TOPEKA,SHAWNEE,PRE-ADMISSION TESTING,Pre-Admission Testing,OR,66604,20177003603.0
1903,1500 SW 10th Ave,TOPEKA,SHAWNEE,PRE-ADMISSION TESTING,Pre-Admission Testing,OR,66604,20177003603.0
1904,1500 SW 10th Ave,TOPEKA,SHAWNEE,PRE-ADMISSION TESTING,Pre-Admission Testing,OR,66604,20177003603.0
1905,1500 SW 10th Ave,TOPEKA,SHAWNEE,PRE-ADMISSION TESTING,Pre-Admission Testing,OR,66604,20177003603.0
1906,1979 Milky Way,VERONA,*Unspecified,EMH EMERGENCY,Emergency Medicine,ED,53593,55025012700.0
1907,1500 SW 10th Ave,TOPEKA,SHAWNEE,PRE-ADMISSION TESTING,Pre-Admission Testing,OR,66604,20177003603.0
1908,1500 SW 10th Ave,TOPEKA,SHAWNEE,PRE-ADMISSION TESTING,Pre-Admission Testing,OR,66604,20177003603.0
1909,1500 SW 10th Ave,TOPEKA,SHAWNEE,PRE-ADMISSION TESTING,Pre-Admission Testing,OR,66604,20177003603.0
1910,1500 SW 10th Ave,TOPEKA,SHAWNEE,PRE-ADMISSION TESTING,Pre-Admission Testing,OR,66604,20177003603.0
1911,1500 SW 10th Ave,TOPEKA,SHAWNEE,PRE-ADMISSION TESTING,Pre-Admission Testing,OR,66604,20177003603.0
1912,1500 SW 10th Ave,TOPEKA,SHAWNEE,PRE-ADMISSION TESTING,Pre-Admission Testing,OR,66604,20177003603.0
1913,1500 SW 10th Ave,TOPEKA,SHAWNEE,PRE-ADMISSION TESTING,Pre-Admission Testing,OR,66604,20177003603.0
1914,1500 SW 10th Ave,TOPEKA,SHAWNEE,PULMONARY LAB,Pulmonology,HOD,66604,20177003603.0
1915,1500 SW 10th Ave,TOPEKA,SHAWNEE,PULMONARY LAB,Pulmonology,HOD,66604,20177003603.0
1916,1500 SW 10th Ave,TOPEKA,SHAWNEE,PULMONARY LAB,Pulmonology,HOD,66604,20177003603.0
1917,1979 Milky Way,VERONA,*Unspecified,EMH EMERGENCY,Emergency Medicine,ED,53593,55025012700.0
1918,1500 SW 10th Ave,TOPEKA,SHAWNEE,PULMONARY LAB,Pulmonology,HOD,66604,20177003603.0
1919,1500 SW 10th Ave,TOPEKA,SHAWNEE,PULMONARY LAB,Pulmonology,HOD,66604,20177003603.0
1920,1500 SW 10th Ave,TOPEKA,SHAWNEE,PULMONARY LAB,Pulmonology,HOD,66604,20177003603.0
1921,1500 SW 10th Ave,TOPEKA,SHAWNEE,PULMONARY LAB,Pulmonology,HOD,66604,20177003603.0
1922,1500 SW 10th Ave,TOPEKA,SHAWNEE,PULMONARY LAB,Pulmonology,HOD,66604,20177003603.0
1923,1500 SW 10th Ave,TOPEKA,SHAWNEE,PULMONARY LAB,Pulmonology,HOD,66604,20177003603.0
1924,1500 SW 10th Ave,TOPEKA,SHAWNEE,PULMONARY LAB,Pulmonology,HOD,66604,20177003603.0
1925,1500 SW 10th Ave,TOPEKA,SHAWNEE,PULMONARY LAB,Pulmonology,HOD,66604,20177003603.0
1926,1500 SW 10th Ave,TOPEKA,SHAWNEE,PULMONARY LAB,Pulmonology,HOD,66604,20177003603.0
1927,1500 SW 10th Ave,TOPEKA,SHAWNEE,PULMONARY LAB,Pulmonology,HOD,66604,20177003603.0
1928,1979 Milky Way,VERONA,*Unspecified,EMH EMERGENCY,Emergency Medicine,ED,53593,55025012700.0
1929,1500 SW 10th Ave,TOPEKA,SHAWNEE,PULMONARY LAB,Pulmonology,HOD,66604,20177003603.0
1930,1500 SW 10th Ave,TOPEKA,SHAWNEE,PULMONARY LAB,Pulmonology,HOD,66604,20177003603.0
1931,1500 SW 10th Ave,TOPEKA,SHAWNEE,PULMONARY LAB,Pulmonology,HOD,66604,20177003603.0
1932,1500 SW 10th Ave,TOPEKA,SHAWNEE,PULMONARY LAB,Pulmonology,HOD,66604,20177003603.0
1933,1500 SW 10th Ave,TOPEKA,SHAWNEE,PULMONARY LAB,Pulmonology,HOD,66604,20177003603.0
1934,1500 SW 10th Ave,TOPEKA,SHAWNEE,PULMONARY LAB,Pulmonology,HOD,66604,20177003603.0
1935,1500 SW 10th Ave,TOPEKA,SHAWNEE,PULMONARY LAB,Pulmonology,HOD,66604,20177003603.0
1936,1500 SW 10th Ave,Topeka,SHAWNEE,RADIOLOGY,Radiology,HOD,66606,20177000500.0
1937,1500 SW 10th Ave,Topeka,SHAWNEE,RADIOLOGY,Radiology,HOD,66606,20177000500.0
1938,1500 SW 10th Ave,Topeka,SHAWNEE,RADIOLOGY,Radiology,HOD,66606,20177000500.0
1939,1979 Milky Way,VERONA,*Unspecified,EMH EMERGENCY,Emergency Medicine,ED,53593,55025012700.0
1940,1500 SW 10th Ave,Topeka,SHAWNEE,RADIOLOGY,Radiology,HOD,66606,20177000500.0
1941,1500 SW 10th Ave,Topeka,SHAWNEE,RADIOLOGY,Radiology,HOD,66606,20177000500.0
1942,1500 SW 10th Ave,Topeka,SHAWNEE,RADIOLOGY,Radiology,HOD,66606,20177000500.0
1943,1500 SW 10th Ave,Topeka,SHAWNEE,RADIOLOGY,Radiology,HOD,66606,20177000500.0
1944,1500 SW 10th Ave,Topeka,SHAWNEE,RADIOLOGY,Radiology,HOD,66606,20177000500.0
1945,1500 SW 10th Ave,Topeka,SHAWNEE,RADIOLOGY,Radiology,HOD,66606,20177000500.0
1946,1500 SW 10th Ave,Topeka,SHAWNEE,RADIOLOGY,Radiology,HOD,66606,20177000500.0
1947,1500 SW 10th Ave,Topeka,SHAWNEE,RADIOLOGY,Radiology,HOD,66606,20177000500.0
1948,1500 SW 10th Ave,Topeka,SHAWNEE,RADIOLOGY,Radiology,HOD,66606,20177000500.0
1949,1500 SW 10th Ave,Topeka,SHAWNEE,RADIOLOGY,Radiology,HOD,66606,20177000500.0
1950,1979 Milky Way,VERONA,*Unspecified,EMH EMERGENCY,Emergency Medicine,ED,53593,55025012700.0
1951,1500 SW 10th Ave,Topeka,SHAWNEE,RADIOLOGY,Radiology,HOD,66606,20177000500.0
1952,1500 SW 10th Ave,Topeka,SHAWNEE,RADIOLOGY,Radiology,HOD,66606,20177000500.0
1953,1500 SW 10th Ave,Topeka,SHAWNEE,RADIOLOGY,Radiology,HOD,66606,20177000500.0
1954,1500 SW 10th Ave,Topeka,SHAWNEE,RADIOLOGY,Radiology,HOD,66606,20177000500.0
1955,1500 SW 10th Ave,Topeka,SHAWNEE,RADIOLOGY,Radiology,HOD,66606,20177000500.0
1956,1500 SW 10th Ave,Topeka,SHAWNEE,RADIOLOGY,Radiology,HOD,66606,20177000500.0
1957,1500 SW 10th Ave,Topeka,SHAWNEE,RADIOLOGY,Radiology,HOD,66606,20177000500.0
1958,1500 SW 10th Ave 340B00935100SV,Topeka,SHAWNEE,SR PARTIAL HOSP PROG,*Unspecified,HOD,,
1959,1500 SW 10th Ave 340B00935100SV,Topeka,SHAWNEE,SR PARTIAL HOSP PROG,*Unspecified,HOD,,
1960,1500 SW 10th Ave 340B00935100SV,Topeka,SHAWNEE,SR PARTIAL HOSP PROG,*Unspecified,HOD,,
1961,1979 Milky Way,VERONA,*Unspecified,EMH EMERGENCY,Emergency Medicine,ED,53593,55025012700.0
1962,1500 SW 10th Ave 340B00935100SV,Topeka,SHAWNEE,SR PARTIAL HOSP PROG,*Unspecified,HOD,,
1963,1500 SW 10th Ave,Topeka,SHAWNEE,CVOPC,*Unspecified,,66604,20177003603.0
1964,1500 SW 10th Ave,Topeka,SHAWNEE,CVOPC,*Unspecified,,66604,20177003603.0
1965,1500 SW 10th Ave,Topeka,SHAWNEE,CVOPC,*Unspecified,,66604,20177003603.0
1966,1500 SW 10th Ave,Topeka,SHAWNEE,CVOPC,*Unspecified,,66604,20177003603.0
1967,1500 SW 10th Ave,Topeka,SHAWNEE,CVOPC,*Unspecified,,66604,20177003603.0
1968,1500 SW 10th Ave,Topeka,SHAWNEE,CVOPC,*Unspecified,,66604,20177003603.0
1969,1500 SW 10th Ave,Topeka,SHAWNEE,CVOPC,*Unspecified,,66604,20177003603.0
1970,1500 SW 10th Ave,Topeka,SHAWNEE,CVOPC,*Unspecified,,66604,20177003603.0
1971,1500 SW 10th Ave,Topeka,SHAWNEE,CVOPC,*Unspecified,,66604,20177003603.0
1972,1979 Milky Way,VERONA,*Unspecified,EMH NEONATAL ICU,Neonatology,,53593,55025012700.0
1973,1500 SW 10th Ave,Topeka,SHAWNEE,CVOPC,*Unspecified,,66604,20177003603.0
1974,1500 SW 10th Ave,Topeka,SHAWNEE,CVOPC,*Unspecified,,66604,20177003603.0
1975,1500 SW 10th Ave,Topeka,SHAWNEE,CVOPC,*Unspecified,,66604,20177003603.0
1976,1500 SW 10th Ave,Topeka,SHAWNEE,CVOPC,*Unspecified,,66604,20177003603.0
1977,1500 SW 10th Ave,Topeka,SHAWNEE,CVOPC,*Unspecified,,66604,20177003603.0
1978,1500 SW 10th Ave,Topeka,SHAWNEE,CVOPC,*Unspecified,,66604,20177003603.0
1979,1500 SW 10th Ave,Topeka,SHAWNEE,CVOPC,*Unspecified,,66604,20177003603.0
1980,1500 SW 10th Ave,Topeka,SHAWNEE,CVOPC,*Unspecified,,66604,20177003603.0
1981,1500 SW 10th Ave,Topeka,SHAWNEE,CVOPC,*Unspecified,,66604,20177003603.0
1982,1500 SW 10th Ave,Topeka,SHAWNEE,CVOPC,*Unspecified,,66604,20177003603.0
1983,1979 Milky Way,VERONA,*Unspecified,EMH NEONATAL ICU,Neonatology,,53593,55025012700.0
1984,1500 SW 10th Ave,Topeka,SHAWNEE,CVOPC,*Unspecified,,66604,20177003603.0
1985,1500 SW 10th Ave,Topeka,SHAWNEE,CVOPC,*Unspecified,,66604,20177003603.0
1986,1500 SW 10th Ave,Topeka,SHAWNEE,CVOPC,*Unspecified,,66604,20177003603.0
1987,1500 SW 10th Ave,Topeka,SHAWNEE,CVOPC,*Unspecified,,66604,20177003603.0
1988,1500 SW 10th Ave,Topeka,SHAWNEE,CVOPC,*Unspecified,,66604,20177003603.0
1989,1500 SW 10th Ave,Topeka,SHAWNEE,CVOPC,*Unspecified,,66604,20177003603.0
1990,1500 SW 10th Ave,Topeka,SHAWNEE,CVOPC,*Unspecified,,66604,20177003603.0
1991,1500 SW 10th Ave,Topeka,SHAWNEE,CVOPC,*Unspecified,,66604,20177003603.0
1992,1500 SW 10th Ave,Topeka,SHAWNEE,CVOPC,*Unspecified,,66604,20177003603.0
1993,1500 SW 10th Ave,Topeka,SHAWNEE,CRITICAL CARE-PAVILION,Critical Care Medicine,ICU,66604,20177003603.0
1994,1979 Milky Way,VERONA,*Unspecified,EMH NEONATAL ICU,Neonatology,,53593,55025012700.0
1995,1500 SW 10th Ave,Topeka,SHAWNEE,CRITICAL CARE-PAVILION,Critical Care Medicine,ICU,66604,20177003603.0
1996,1500 SW 10th Ave,Topeka,SHAWNEE,CRITICAL CARE-PAVILION,Critical Care Medicine,ICU,66604,20177003603.0
1997,1500 SW 10th Ave,Topeka,SHAWNEE,CRITICAL CARE-PAVILION,Critical Care Medicine,ICU,66604,20177003603.0
1998,1500 SW 10th Ave,Topeka,SHAWNEE,CRITICAL CARE-PAVILION,Critical Care Medicine,ICU,66604,20177003603.0
1999,1500 SW 10th Ave,Topeka,SHAWNEE,CRITICAL CARE-PAVILION,Critical Care Medicine,ICU,66604,20177003603.0
2000,1500 SW 10th Ave,Topeka,SHAWNEE,CRITICAL CARE-PAVILION,Critical Care Medicine,ICU,66604,20177003603.0
2001,1500 SW 10th Ave,Topeka,SHAWNEE,CRITICAL CARE-PAVILION,Critical Care Medicine,ICU,66604,20177003603.0
2002,1500 SW 10th Ave,Topeka,SHAWNEE,CRITICAL CARE-PAVILION,Critical Care Medicine,ICU,66604,20177003603.0
2003,1500 SW 10th Ave,Topeka,SHAWNEE,CRITICAL CARE-PAVILION,Critical Care Medicine,ICU,66604,20177003603.0
2004,1500 SW 10th Ave,Topeka,SHAWNEE,CRITICAL CARE-PAVILION,Critical Care Medicine,ICU,66604,20177003603.0
2005,1979 Milky Way,VERONA,*Unspecified,EMH NEONATAL ICU,Neonatology,,53593,55025012700.0
2006,1500 SW 10th Ave,Topeka,SHAWNEE,CRITICAL CARE-PAVILION,Critical Care Medicine,ICU,66604,20177003603.0
2007,1500 SW 10th Ave,Topeka,SHAWNEE,CRITICAL CARE-2SOUTH,*Unspecified,ICU,66604,20177003603.0
2008,1500 SW 10th Ave,Topeka,SHAWNEE,CRITICAL CARE-2SOUTH,*Unspecified,ICU,66604,20177003603.0
2009,1500 SW 10th Ave,Topeka,SHAWNEE,CRITICAL CARE-2SOUTH,*Unspecified,ICU,66604,20177003603.0
2010,1500 SW 10th Ave,Topeka,SHAWNEE,CRITICAL CARE-2SOUTH,*Unspecified,ICU,66604,20177003603.0
2011,1500 SW 10th Ave,Topeka,SHAWNEE,CRITICAL CARE-2SOUTH,*Unspecified,ICU,66604,20177003603.0
2012,1500 SW 10th Ave,Topeka,SHAWNEE,CRITICAL CARE-2SOUTH,*Unspecified,ICU,66604,20177003603.0
2013,1500 SW 10th Ave,Topeka,SHAWNEE,CRITICAL CARE-2SOUTH,*Unspecified,ICU,66604,20177003603.0
2014,1500 SW 10th Ave,Topeka,SHAWNEE,CRITICAL CARE-2SOUTH,*Unspecified,ICU,66604,20177003603.0
2015,1500 SW 10th Ave,Topeka,SHAWNEE,CRITICAL CARE-2SOUTH,*Unspecified,ICU,66604,20177003603.0
2016,1979 Milky Way,VERONA,*Unspecified,EMH NEONATAL ICU,Neonatology,,53593,55025012700.0
2017,1500 SW 10th Ave,Topeka,SHAWNEE,CRITICAL CARE-2SOUTH,*Unspecified,ICU,66604,20177003603.0
2018,1500 SW 10th Ave,Topeka,SHAWNEE,CRITICAL CARE-2SOUTH,*Unspecified,ICU,66604,20177003603.0
2019,1500 SW 10th Ave,Topeka,SHAWNEE,CRITICAL CARE-2SOUTH,*Unspecified,ICU,66604,20177003603.0
2020,1500 SW 10th Ave,Topeka,SHAWNEE,CRITICAL CARE-2SOUTH,*Unspecified,ICU,66604,20177003603.0
2021,1500 SW 10th Ave,Topeka,SHAWNEE,CRITICAL CARE-2SOUTH,*Unspecified,ICU,66604,20177003603.0
2022,1500 SW 10th Ave,Topeka,SHAWNEE,CRITICAL CARE-2SOUTH,*Unspecified,ICU,66604,20177003603.0
2023,1500 SW 10th Ave,Topeka,SHAWNEE,CRITICAL CARE-2SOUTH,*Unspecified,ICU,66604,20177003603.0
2024,1500 SW 10th Ave,Topeka,SHAWNEE,JOINT CENTER,*Unspecified,,66604,20177003603.0
2025,1500 SW 10th Ave,Topeka,SHAWNEE,JOINT CENTER,*Unspecified,,66604,20177003603.0
2026,1500 SW 10th Ave,Topeka,SHAWNEE,JOINT CENTER,*Unspecified,,66604,20177003603.0
2027,1979 Milky Way,VERONA,*Unspecified,EMH NEONATAL ICU,Neonatology,,53593,55025012700.0
2028,1500 SW 10th Ave,Topeka,SHAWNEE,JOINT CENTER,*Unspecified,,66604,20177003603.0
2029,1500 SW 10th Ave,Topeka,SHAWNEE,JOINT CENTER,*Unspecified,,66604,20177003603.0
2030,1500 SW 10th Ave,Topeka,SHAWNEE,JOINT CENTER,*Unspecified,,66604,20177003603.0
2031,1500 SW 10th Ave,Topeka,SHAWNEE,JOINT CENTER,*Unspecified,,66604,20177003603.0
2032,1500 SW 10th Ave,Topeka,SHAWNEE,JOINT CENTER,*Unspecified,,66604,20177003603.0
2033,1500 SW 10th Ave,Topeka,SHAWNEE,JOINT CENTER,*Unspecified,,66604,20177003603.0
2034,1500 SW 10th Ave,Topeka,SHAWNEE,JOINT CENTER,*Unspecified,,66604,20177003603.0
2035,1500 SW 10th Ave,Topeka,SHAWNEE,JOINT CENTER,*Unspecified,,66604,20177003603.0
2036,1500 SW 10th Ave,Topeka,SHAWNEE,JOINT CENTER,*Unspecified,,66604,20177003603.0
2037,1500 SW 10th Ave,Topeka,SHAWNEE,JOINT CENTER,*Unspecified,,66604,20177003603.0
2038,1979 Milky Way,VERONA,*Unspecified,EMH NEONATAL ICU,Neonatology,,53593,55025012700.0
2039,1500 SW 10th Ave,Topeka,SHAWNEE,JOINT CENTER,*Unspecified,,66604,20177003603.0
2040,1500 SW 10th Ave,Topeka,SHAWNEE,JOINT CENTER,*Unspecified,,66604,20177003603.0
2041,1500 SW 10th Ave,Topeka,SHAWNEE,JOINT CENTER,*Unspecified,,66604,20177003603.0
2042,1500 SW 10th Ave,Topeka,SHAWNEE,3 PAVILION,*Unspecified,,66604,20177003603.0
2043,1500 SW 10th Ave,Topeka,SHAWNEE,3 PAVILION,*Unspecified,,66604,20177003603.0
2044,1500 SW 10th Ave,Topeka,SHAWNEE,3 PAVILION,*Unspecified,,66604,20177003603.0
2045,1500 SW 10th Ave,Topeka,SHAWNEE,3 PAVILION,*Unspecified,,66604,20177003603.0
2046,1500 SW 10th Ave,Topeka,SHAWNEE,3 PAVILION,*Unspecified,,66604,20177003603.0
2047,1500 SW 10th Ave,Topeka,SHAWNEE,3 PAVILION,*Unspecified,,66604,20177003603.0
2048,1500 SW 10th Ave,Topeka,SHAWNEE,3 PAVILION,*Unspecified,,66604,20177003603.0
2049,1979 Milky Way,VERONA,*Unspecified,EMH NEONATAL ICU,Neonatology,,53593,55025012700.0
2050,1500 SW 10th Ave,Topeka,SHAWNEE,3 PAVILION,*Unspecified,,66604,20177003603.0
2051,1500 SW 10th Ave,Topeka,SHAWNEE,3 PAVILION,*Unspecified,,66604,20177003603.0
2052,1500 SW 10th Ave,Topeka,SHAWNEE,3 PAVILION,*Unspecified,,66604,20177003603.0
2053,1500 SW 10th Ave,Topeka,SHAWNEE,3 PAVILION,*Unspecified,,66604,20177003603.0
2054,1500 SW 10th Ave,Topeka,SHAWNEE,3 PAVILION,*Unspecified,,66604,20177003603.0
2055,1500 SW 10th Ave,Topeka,SHAWNEE,3 PAVILION,*Unspecified,,66604,20177003603.0
2056,1500 SW 10th Ave,Topeka,SHAWNEE,3 PAVILION,*Unspecified,,66604,20177003603.0
2057,1500 SW 10th Ave,Topeka,SHAWNEE,3 PAVILION,*Unspecified,,66604,20177003603.0
2058,1500 SW 10th Ave,Topeka,SHAWNEE,3 PAVILION,*Unspecified,,66604,20177003603.0
2059,1500 SW 10th Ave,Topeka,SHAWNEE,3 PAVILION,*Unspecified,,66604,20177003603.0
2060,1979 Milky Way,VERONA,*Unspecified,EMH NEONATAL ICU,Neonatology,,53593,55025012700.0
2061,1500 SW 10th Ave,Topeka,SHAWNEE,3 PAVILION,*Unspecified,,66604,20177003603.0
2062,1500 SW 10th Ave,Topeka,SHAWNEE,3 PAVILION,*Unspecified,,66604,20177003603.0
2063,1500 SW 10th Ave,Topeka,SHAWNEE,3 PAVILION,*Unspecified,,66604,20177003603.0
2064,1500 SW 10th Ave,Topeka,SHAWNEE,3 PAVILION,*Unspecified,,66604,20177003603.0
2065,1500 SW 10th Ave,Topeka,SHAWNEE,3 PAVILION,*Unspecified,,66604,20177003603.0
2066,1500 SW 10th Ave,Topeka,SHAWNEE,3 PAVILION,*Unspecified,,66604,20177003603.0
2067,1500 SW 10th Ave,Topeka,SHAWNEE,3 PAVILION,*Unspecified,,66604,20177003603.0
2068,1500 SW 10th Ave,Topeka,SHAWNEE,SPINE CENTER,*Unspecified,,66604,20177003603.0
2069,1500 SW 10th Ave,Topeka,SHAWNEE,SPINE CENTER,*Unspecified,,66604,20177003603.0
2070,1500 SW 10th Ave,Topeka,SHAWNEE,SPINE CENTER,*Unspecified,,66604,20177003603.0
2071,1979 Milky Way,VERONA,*Unspecified,EMH NEONATAL ICU,Neonatology,,53593,55025012700.0
2072,1500 SW 10th Ave,Topeka,SHAWNEE,SPINE CENTER,*Unspecified,,66604,20177003603.0
2073,1500 SW 10th Ave,Topeka,SHAWNEE,SPINE CENTER,*Unspecified,,66604,20177003603.0
2074,1500 SW 10th Ave,Topeka,SHAWNEE,SPINE CENTER,*Unspecified,,66604,20177003603.0
2075,1500 SW 10th Ave,Topeka,SHAWNEE,SPINE CENTER,*Unspecified,,66604,20177003603.0
2076,1500 SW 10th Ave,Topeka,SHAWNEE,SPINE CENTER,*Unspecified,,66604,20177003603.0
2077,1500 SW 10th Ave,Topeka,SHAWNEE,SPINE CENTER,*Unspecified,,66604,20177003603.0
2078,1500 SW 10th Ave,Topeka,SHAWNEE,SPINE CENTER,*Unspecified,,66604,20177003603.0
2079,1500 SW 10th Ave,Topeka,SHAWNEE,SPINE CENTER,*Unspecified,,66604,20177003603.0
2080,1500 SW 10th Ave,Topeka,SHAWNEE,SPINE CENTER,*Unspecified,,66604,20177003603.0
2081,1500 SW 10th Ave,Topeka,SHAWNEE,SPINE CENTER,*Unspecified,,66604,20177003603.0
2082,1979 Milky Way,VERONA,*Unspecified,EHS URGENT CARE,Urgent Care,ED,53593,55025012700.0
2083,1500 SW 10th Ave,Topeka,SHAWNEE,SPINE CENTER,*Unspecified,,66604,20177003603.0
2084,1500 SW 10th Ave,Topeka,SHAWNEE,BIRTHPLACE,Obstetrics,L&D,66604,20177003603.0
2085,1500 SW 10th Ave,Topeka,SHAWNEE,BIRTHPLACE,Obstetrics,L&D,66604,20177003603.0
2086,1500 SW 10th Ave,Topeka,SHAWNEE,BIRTHPLACE,Obstetrics,L&D,66604,20177003603.0
2087,1500 SW 10th Ave,Topeka,SHAWNEE,BIRTHPLACE,Obstetrics,L&D,66604,20177003603.0
2088,1500 SW 10th Ave,Topeka,SHAWNEE,BIRTHPLACE,Obstetrics,L&D,66604,20177003603.0
2089,1500 SW 10th Ave,Topeka,SHAWNEE,BIRTHPLACE,Obstetrics,L&D,66604,20177003603.0
2090,1500 SW 10th Ave,Topeka,SHAWNEE,BIRTHPLACE,Obstetrics,L&D,66604,20177003603.0
2091,1500 SW 10th Ave,Topeka,SHAWNEE,BIRTHPLACE,Obstetrics,L&D,66604,20177003603.0
2092,1500 SW 10th Ave,Topeka,SHAWNEE,BIRTHPLACE,Obstetrics,L&D,66604,20177003603.0
2093,1979 Milky Way,VERONA,*Unspecified,EHS URGENT CARE,Urgent Care,ED,53593,55025012700.0
2094,1500 SW 10th Ave,Topeka,SHAWNEE,BIRTHPLACE,Obstetrics,L&D,66604,20177003603.0
2095,1500 SW 10th Ave,Topeka,SHAWNEE,BIRTHPLACE,Obstetrics,L&D,66604,20177003603.0
2096,1500 SW 10th Ave,Topeka,SHAWNEE,BIRTHPLACE,Obstetrics,L&D,66604,20177003603.0
2097,1500 SW 10th Ave,Topeka,SHAWNEE,BIRTHPLACE,Obstetrics,L&D,66604,20177003603.0
2098,1500 SW 10th Ave,Topeka,SHAWNEE,BIRTHPLACE,Obstetrics,L&D,66604,20177003603.0
2099,1500 SW 10th Ave,Topeka,SHAWNEE,BIRTHPLACE,Obstetrics,L&D,66604,20177003603.0
2100,1500 SW 10th Ave,Topeka,SHAWNEE,4 PAVILION,Hematology and Oncology,,66604,20177003603.0
2101,1500 SW 10th Ave,Topeka,SHAWNEE,4 PAVILION,Hematology and Oncology,,66604,20177003603.0
2102,1500 SW 10th Ave,Topeka,SHAWNEE,4 PAVILION,Hematology and Oncology,,66604,20177003603.0
2103,1500 SW 10th Ave,Topeka,SHAWNEE,4 PAVILION,Hematology and Oncology,,66604,20177003603.0
2104,1979 Milky Way,VERONA,*Unspecified,EHS URGENT CARE,Urgent Care,ED,53593,55025012700.0
2105,1500 SW 10th Ave,Topeka,SHAWNEE,4 PAVILION,Hematology and Oncology,,66604,20177003603.0
2106,1500 SW 10th Ave,Topeka,SHAWNEE,4 PAVILION,Hematology and Oncology,,66604,20177003603.0
2107,1500 SW 10th Ave,Topeka,SHAWNEE,4 PAVILION,Hematology and Oncology,,66604,20177003603.0
2108,1500 SW 10th Ave,Topeka,SHAWNEE,4 PAVILION,Hematology and Oncology,,66604,20177003603.0
2109,1500 SW 10th Ave,Topeka,SHAWNEE,4 PAVILION,Hematology and Oncology,,66604,20177003603.0
2110,1500 SW 10th Ave,Topeka,SHAWNEE,4 PAVILION,Hematology and Oncology,,66604,20177003603.0
2111,1500 SW 10th Ave,Topeka,SHAWNEE,4 PAVILION,Hematology and Oncology,,66604,20177003603.0
2112,1500 SW 10th Ave,Topeka,SHAWNEE,4 PAVILION,Hematology and Oncology,,66604,20177003603.0
2113,1500 SW 10th Ave,Topeka,SHAWNEE,4 PAVILION,Hematology and Oncology,,66604,20177003603.0
2114,1500 SW 10th Ave,Topeka,SHAWNEE,4 PAVILION,Hematology and Oncology,,66604,20177003603.0
2115,1979 Milky Way,VERONA,*Unspecified,EHS URGENT CARE,Urgent Care,ED,53593,55025012700.0
2116,1500 SW 10th Ave,Topeka,SHAWNEE,4 PAVILION,Hematology and Oncology,,66604,20177003603.0
2117,1500 SW 10th Ave,Topeka,SHAWNEE,4 PAVILION,Hematology and Oncology,,66604,20177003603.0
2118,1500 SW 10th Ave,Topeka,SHAWNEE,4 PAVILION,Hematology and Oncology,,66604,20177003603.0
2119,1500 SW 10th Ave,Topeka,SHAWNEE,4 PAVILION,Hematology and Oncology,,66604,20177003603.0
2120,1500 SW 10th Ave,Topeka,SHAWNEE,4 PAVILION,Hematology and Oncology,,66604,20177003603.0
2121,1500 SW 10th Ave,Topeka,SHAWNEE,4 PAVILION,Hematology and Oncology,,66604,20177003603.0
2122,1500 SW 10th Ave,Topeka,SHAWNEE,4 PAVILION,Hematology and Oncology,,66604,20177003603.0
2123,1500 SW 10th Ave,Topeka,SHAWNEE,4 PAVILION,Hematology and Oncology,,66604,20177003603.0
2124,1500 SW 10th Ave,Topeka,SHAWNEE,BIRTHPLACE,Obstetrics,L&D,66604,20177003603.0
2125,1500 SW 10th Ave,Topeka,SHAWNEE,BIRTHPLACE,Obstetrics,L&D,66604,20177003603.0
2126,1979 Milky Way,VERONA,*Unspecified,EHS URGENT CARE,Urgent Care,ED,53593,55025012700.0
2127,1500 SW 10th Ave,Topeka,SHAWNEE,BIRTHPLACE,Obstetrics,L&D,66604,20177003603.0
2128,1500 SW 10th Ave,Topeka,SHAWNEE,BIRTHPLACE,Obstetrics,L&D,66604,20177003603.0
2129,1500 SW 10th Ave,Topeka,SHAWNEE,BIRTHPLACE,Obstetrics,L&D,66604,20177003603.0
2130,1500 SW 10th Ave,Topeka,SHAWNEE,BIRTHPLACE,Obstetrics,L&D,66604,20177003603.0
2131,1500 SW 10th Ave,Topeka,SHAWNEE,BIRTHPLACE,Obstetrics,L&D,66604,20177003603.0
2132,1500 SW 10th Ave,Topeka,SHAWNEE,BIRTHPLACE,Obstetrics,L&D,66604,20177003603.0
2133,1500 SW 10th Ave,Topeka,SHAWNEE,BIRTHPLACE,Obstetrics,L&D,66604,20177003603.0
2134,1500 SW 10th Ave,Topeka,SHAWNEE,BIRTHPLACE,Obstetrics,L&D,66604,20177003603.0
2135,1500 SW 10th Ave,Topeka,SHAWNEE,BIRTHPLACE,Obstetrics,L&D,66604,20177003603.0
2136,1500 SW 10th Ave,Topeka,SHAWNEE,BIRTHPLACE,Obstetrics,L&D,66604,20177003603.0
2137,1979 Milky Way,VERONA,*Unspecified,EHS URGENT CARE,Urgent Care,ED,53593,55025012700.0
2138,1500 SW 10th Ave,Topeka,SHAWNEE,BIRTHPLACE,Obstetrics,L&D,66604,20177003603.0
2139,1500 SW 10th Ave,Topeka,SHAWNEE,BIRTHPLACE,Obstetrics,L&D,66604,20177003603.0
2140,1500 SW 10th Ave,Topeka,SHAWNEE,BIRTHPLACE,Obstetrics,L&D,66604,20177003603.0
2141,1500 SW 10th Ave,Topeka,SHAWNEE,BIRTHPLACE,Obstetrics,L&D,66604,20177003603.0
2142,1500 SW 10th Ave,Topeka,SHAWNEE,BIRTHPLACE,Obstetrics,L&D,66604,20177003603.0
2143,1500 SW 10th Ave,Topeka,SHAWNEE,BIRTHPLACE,Obstetrics,L&D,66604,20177003603.0
2144,1500 SW 10th Ave,Topeka,SHAWNEE,BIRTHPLACE,Obstetrics,L&D,66604,20177003603.0
2145,1500 SW 10th Ave,Topeka,SHAWNEE,BIRTHPLACE,Obstetrics,L&D,66604,20177003603.0
2146,1500 SW 10th Ave,Topeka,SHAWNEE,BIRTHPLACE,Obstetrics,L&D,66604,20177003603.0
2147,1500 SW 10th Ave,Topeka,SHAWNEE,BIRTHPLACE,Obstetrics,L&D,66604,20177003603.0
2148,1979 Milky Way,VERONA,*Unspecified,EHS URGENT CARE,Urgent Care,ED,53593,55025012700.0
2149,1500 SW 10th Ave,Topeka,SHAWNEE,BIRTHPLACE,Obstetrics,L&D,66604,20177003603.0
2150,1500 SW 10th Ave,Topeka,SHAWNEE,BIRTHPLACE,Obstetrics,L&D,66604,20177003603.0
2151,1500 SW 10th Ave,Topeka,SHAWNEE,BIRTHPLACE,Obstetrics,L&D,66604,20177003603.0
2152,1500 SW 10th Ave,Topeka,SHAWNEE,BIRTHPLACE,Obstetrics,L&D,66604,20177003603.0
2153,1500 SW 10th Ave,Topeka,SHAWNEE,BIRTHPLACE,Obstetrics,L&D,66604,20177003603.0
2154,1500 SW 10th Ave,Topeka,SHAWNEE,POST-SURGICAL-4WEST,*Unspecified,,66604,20177003603.0
2155,1500 SW 10th Ave,Topeka,SHAWNEE,POST-SURGICAL-4WEST,*Unspecified,,66604,20177003603.0
2156,1500 SW 10th Ave,Topeka,SHAWNEE,POST-SURGICAL-4WEST,*Unspecified,,66604,20177003603.0
2157,1500 SW 10th Ave,Topeka,SHAWNEE,POST-SURGICAL-4WEST,*Unspecified,,66604,20177003603.0
2158,1500 SW 10th Ave,Topeka,SHAWNEE,POST-SURGICAL-4WEST,*Unspecified,,66604,20177003603.0
2159,1979 Milky Way,VERONA,*Unspecified,EHS URGENT CARE,Urgent Care,ED,53593,55025012700.0
2160,1500 SW 10th Ave,Topeka,SHAWNEE,POST-SURGICAL-4WEST,*Unspecified,,66604,20177003603.0
2161,1500 SW 10th Ave,Topeka,SHAWNEE,POST-SURGICAL-4WEST,*Unspecified,,66604,20177003603.0
2162,1500 SW 10th Ave,Topeka,SHAWNEE,POST-SURGICAL-4WEST,*Unspecified,,66604,20177003603.0
2163,1500 SW 10th Ave,Topeka,SHAWNEE,POST-SURGICAL-4WEST,*Unspecified,,66604,20177003603.0
2164,1500 SW 10th Ave,Topeka,SHAWNEE,POST-SURGICAL-4WEST,*Unspecified,,66604,20177003603.0
2165,1500 SW 10th Ave,Topeka,SHAWNEE,POST-SURGICAL-4WEST,*Unspecified,,66604,20177003603.0
2166,1500 SW 10th Ave,Topeka,SHAWNEE,POST-SURGICAL-4WEST,*Unspecified,,66604,20177003603.0
2167,1500 SW 10th Ave,Topeka,SHAWNEE,POST-SURGICAL-4WEST,*Unspecified,,66604,20177003603.0
2168,1500 SW 10th Ave,Topeka,SHAWNEE,POST-SURGICAL-4WEST,*Unspecified,,66604,20177003603.0
2169,1500 SW 10th Ave,Topeka,SHAWNEE,PEDIATRICS,Pediatrics,HOD,66604,20177003603.0
2170,1979 Milky Way,VERONA,*Unspecified,EHS URGENT CARE,Urgent Care,ED,53593,55025012700.0
2171,1500 SW 10th Ave,Topeka,SHAWNEE,PEDIATRICS,Pediatrics,HOD,66604,20177003603.0
2172,1500 SW 10th Ave,Topeka,SHAWNEE,PEDIATRICS,Pediatrics,HOD,66604,20177003603.0
2173,1500 SW 10th Ave,Topeka,SHAWNEE,PEDIATRICS,Pediatrics,HOD,66604,20177003603.0
2174,1500 SW 10th Ave,Topeka,SHAWNEE,PEDIATRICS,Pediatrics,HOD,66604,20177003603.0
2175,1500 SW 10th Ave,Topeka,SHAWNEE,PEDIATRICS,Pediatrics,HOD,66604,20177003603.0
2176,1500 SW 10th Ave,Topeka,SHAWNEE,PEDIATRICS,Pediatrics,HOD,66604,20177003603.0
2177,1500 SW 10th Ave,Topeka,SHAWNEE,PEDIATRICS,Pediatrics,HOD,66604,20177003603.0
2178,1500 SW 10th Ave,Topeka,SHAWNEE,PEDIATRICS,Pediatrics,HOD,66604,20177003603.0
2179,1500 SW 10th Ave,Topeka,SHAWNEE,PEDIATRICS,Pediatrics,HOD,66604,20177003603.0
2180,1500 SW 10th Ave,Topeka,SHAWNEE,PEDIATRICS,Pediatrics,HOD,66604,20177003603.0
2181,1979 Milky Way,VERONA,*Unspecified,EHS URGENT CARE,Urgent Care,ED,53593,55025012700.0
2182,1500 SW 10th Ave,Topeka,SHAWNEE,PEDIATRICS,Pediatrics,HOD,66604,20177003603.0
2183,1500 SW 10th Ave,Topeka,SHAWNEE,PEDIATRICS,Pediatrics,HOD,66604,20177003603.0
2184,1500 SW 10th Ave,Topeka,SHAWNEE,PEDIATRICS,Pediatrics,HOD,66604,20177003603.0
2185,1500 SW 10th Ave,Topeka,SHAWNEE,PEDIATRICS,Pediatrics,HOD,66604,20177003603.0
2186,1500 SW 10th Ave,Topeka,SHAWNEE,PEDIATRICS,Pediatrics,HOD,66604,20177003603.0
2187,1500 SW 10th Ave,Topeka,SHAWNEE,PEDIATRICS,Pediatrics,HOD,66604,20177003603.0
2188,1500 SW 10th Ave,Topeka,SHAWNEE,PEDIATRICS,Pediatrics,HOD,66604,20177003603.0
2189,1500 SW 10th Ave,Topeka,SHAWNEE,PEDIATRICS,Pediatrics,HOD,66604,20177003603.0
2190,1500 SW 10th Ave,Topeka,SHAWNEE,5 NORTH,*Unspecified,,66604,20177003603.0
2191,1500 SW 10th Ave,Topeka,SHAWNEE,5 NORTH,*Unspecified,,66604,20177003603.0
2192,1979 Milky Way,VERONA,*Unspecified,EHS URGENT CARE,Urgent Care,ED,53593,55025012700.0
2193,1500 SW 10th Ave,Topeka,SHAWNEE,5 NORTH,*Unspecified,,66604,20177003603.0
2194,1500 SW 10th Ave,Topeka,SHAWNEE,5 NORTH,*Unspecified,,66604,20177003603.0
2195,1500 SW 10th Ave,Topeka,SHAWNEE,5 NORTH,*Unspecified,,66604,20177003603.0
2196,1500 SW 10th Ave,Topeka,SHAWNEE,5 NORTH,*Unspecified,,66604,20177003603.0
2197,1500 SW 10th Ave,Topeka,SHAWNEE,5 NORTH,*Unspecified,,66604,20177003603.0
2198,1500 SW 10th Ave,Topeka,SHAWNEE,5 NORTH,*Unspecified,,66604,20177003603.0
2199,1500 SW 10th Ave,Topeka,SHAWNEE,5 NORTH,*Unspecified,,66604,20177003603.0
2200,1500 SW 10th Ave,Topeka,SHAWNEE,5 NORTH,*Unspecified,,66604,20177003603.0
2201,1500 SW 10th Ave,Topeka,SHAWNEE,5 NORTH,*Unspecified,,66604,20177003603.0
2202,1500 SW 10th Ave,Topeka,SHAWNEE,5 NORTH,*Unspecified,,66604,20177003603.0
2203,1979 Milky Way,VERONA,*Unspecified,EHS URGENT CARE,Urgent Care,ED,53593,55025012700.0
2204,1500 SW 10th Ave,Topeka,SHAWNEE,5 NORTH,*Unspecified,,66604,20177003603.0
2205,1500 SW 10th Ave,Topeka,SHAWNEE,5 NORTH,*Unspecified,,66604,20177003603.0
2206,1500 SW 10th Ave,Topeka,SHAWNEE,5 NORTH,*Unspecified,,66604,20177003603.0
2207,1500 SW 10th Ave,Topeka,SHAWNEE,5 NORTH,*Unspecified,,66604,20177003603.0
2208,1500 SW 10th Ave,Topeka,SHAWNEE,5 NORTH,*Unspecified,,66604,20177003603.0
2209,1500 SW 10th Ave,Topeka,SHAWNEE,5 NORTH,*Unspecified,,66604,20177003603.0
2210,1500 SW 10th Ave,Topeka,SHAWNEE,5 NORTH,*Unspecified,,66604,20177003603.0
2211,1500 SW 10th Ave,Topeka,SHAWNEE,5 NORTH,*Unspecified,,66604,20177003603.0
2212,1500 SW 10th Ave,Topeka,SHAWNEE,5 NORTH,*Unspecified,,66604,20177003603.0
2213,1500 SW 10th Ave,Topeka,SHAWNEE,5 NORTH,*Unspecified,,66604,20177003603.0
2214,1979 Milky Way,VERONA,*Unspecified,EHS URGENT CARE,Urgent Care,ED,53593,55025012700.0
2215,1500 SW 10th Ave,Topeka,SHAWNEE,5 NORTH,*Unspecified,,66604,20177003603.0
2216,1500 SW 10th Ave,Topeka,SHAWNEE,5 NORTH,*Unspecified,,66604,20177003603.0
2217,1500 SW 10th Ave,Topeka,SHAWNEE,5 NORTH,*Unspecified,,66604,20177003603.0
2218,1500 SW 10th Ave,Topeka,SHAWNEE,5 NORTH,*Unspecified,,66604,20177003603.0
2219,1500 SW 10th Ave,Topeka,SHAWNEE,5 NORTH,*Unspecified,,66604,20177003603.0
2220,1500 SW 10th Ave,Topeka,SHAWNEE,5 NORTH,*Unspecified,,66604,20177003603.0
2221,1500 SW 10th Ave,Topeka,SHAWNEE,5 NORTH,*Unspecified,,66604,20177003603.0
2222,1500 SW 10th Ave,Topeka,SHAWNEE,5 NORTH,*Unspecified,,66604,20177003603.0
2223,1500 SW 10th Ave,Topeka,SHAWNEE,5 NORTH,*Unspecified,,66604,20177003603.0
2224,1500 SW 10th Ave,Topeka,SHAWNEE,5 NORTH,*Unspecified,,66604,20177003603.0
2225,1979 Milky Way,VERONA,*Unspecified,EHS URGENT CARE,Urgent Care,ED,53593,55025012700.0
2226,1500 SW 10th Ave,Topeka,SHAWNEE,5 NORTH,*Unspecified,,66604,20177003603.0
2227,1500 SW 10th Ave,Topeka,SHAWNEE,6 NORTH,*Unspecified,,66604,20177003603.0
2228,1500 SW 10th Ave,Topeka,SHAWNEE,6 NORTH,*Unspecified,,66604,20177003603.0
2229,1500 SW 10th Ave,Topeka,SHAWNEE,6 NORTH,*Unspecified,,66604,20177003603.0
2230,1500 SW 10th Ave,Topeka,SHAWNEE,6 NORTH,*Unspecified,,66604,20177003603.0
2231,1500 SW 10th Ave,Topeka,SHAWNEE,6 NORTH,*Unspecified,,66604,20177003603.0
2232,1500 SW 10th Ave,Topeka,SHAWNEE,6 NORTH,*Unspecified,,66604,20177003603.0
2233,1500 SW 10th Ave,Topeka,SHAWNEE,6 NORTH,*Unspecified,,66604,20177003603.0
2234,1500 SW 10th Ave,Topeka,SHAWNEE,6 NORTH,*Unspecified,,66604,20177003603.0
2235,1500 SW 10th Ave,Topeka,SHAWNEE,6 NORTH,*Unspecified,,66604,20177003603.0
2236,1979 Milky Way,VERONA,*Unspecified,EHS URGENT CARE,Urgent Care,ED,53593,55025012700.0
2237,1500 SW 10th Ave,Topeka,SHAWNEE,6 NORTH,*Unspecified,,66604,20177003603.0
2238,1500 SW 10th Ave,Topeka,SHAWNEE,6 NORTH,*Unspecified,,66604,20177003603.0
2239,1500 SW 10th Ave,Topeka,SHAWNEE,6 NORTH,*Unspecified,,66604,20177003603.0
2240,1500 SW 10th Ave,Topeka,SHAWNEE,6 NORTH,*Unspecified,,66604,20177003603.0
2241,1500 SW 10th Ave,Topeka,SHAWNEE,6 NORTH,*Unspecified,,66604,20177003603.0
2242,1500 SW 10th Ave,Topeka,SHAWNEE,6 NORTH,*Unspecified,,66604,20177003603.0
2243,1500 SW 10th Ave,Topeka,SHAWNEE,6 NORTH,*Unspecified,,66604,20177003603.0
2244,1500 SW 10th Ave,Topeka,SHAWNEE,6 NORTH,*Unspecified,,66604,20177003603.0
2245,1500 SW 10th Ave,Topeka,SHAWNEE,6 NORTH,*Unspecified,,66604,20177003603.0
2246,1500 SW 10th Ave,Topeka,SHAWNEE,6 NORTH,*Unspecified,,66604,20177003603.0
2247,1979 Milky Way,VERONA,*Unspecified,EHS URGENT CARE,Urgent Care,ED,53593,55025012700.0
2248,1500 SW 10th Ave,Topeka,SHAWNEE,6 NORTH,*Unspecified,,66604,20177003603.0
2249,1500 SW 10th Ave,Topeka,SHAWNEE,6 NORTH,*Unspecified,,66604,20177003603.0
2250,1500 SW 10th Ave,Topeka,SHAWNEE,6 NORTH,*Unspecified,,66604,20177003603.0
2251,1500 SW 10th Ave,Topeka,SHAWNEE,6 NORTH,*Unspecified,,66604,20177003603.0
2252,1500 SW 10th Ave,Topeka,SHAWNEE,6 NORTH,*Unspecified,,66604,20177003603.0
2253,1500 SW 10th Ave,Topeka,SHAWNEE,6 NORTH,*Unspecified,,66604,20177003603.0
2254,1500 SW 10th Ave,Topeka,SHAWNEE,6 NORTH,*Unspecified,,66604,20177003603.0
2255,1500 SW 10th Ave,Topeka,SHAWNEE,6 NORTH,*Unspecified,,66604,20177003603.0
2256,1500 SW 10th Ave,Topeka,SHAWNEE,6 NORTH,*Unspecified,,66604,20177003603.0
2257,1500 SW 10th Ave,Topeka,SHAWNEE,6 NORTH,*Unspecified,,66604,20177003603.0
2258,1979 Milky Way,VERONA,*Unspecified,EMH EMERGENCY,Emergency Medicine,ED,53593,55025012700.0
2259,1500 SW 10th Ave,Topeka,SHAWNEE,6 NORTH,*Unspecified,,66604,20177003603.0
2260,1500 SW 10th Ave,Topeka,SHAWNEE,6 NORTH,*Unspecified,,66604,20177003603.0
2261,1500 SW 10th Ave,Topeka,SHAWNEE,6 NORTH,*Unspecified,,66604,20177003603.0
2262,1500 SW 10th Ave,Topeka,SHAWNEE,6 NORTH,*Unspecified,,66604,20177003603.0
2263,1500 SW 10th Ave,Topeka,SHAWNEE,6 NORTH,*Unspecified,,66604,20177003603.0
2264,1500 SW 10th Ave 340B00935100SV,Topeka,SHAWNEE,GERO-PSYCH-6WEST,*Unspecified,,66604,20177003603.0
2265,1500 SW 10th Ave 340B00935100SV,Topeka,SHAWNEE,GERO-PSYCH-6WEST,*Unspecified,,66604,20177003603.0
2266,1500 SW 10th Ave 340B00935100SV,Topeka,SHAWNEE,GERO-PSYCH-6WEST,*Unspecified,,66604,20177003603.0
2267,1500 SW 10th Ave 340B00935100SV,Topeka,SHAWNEE,GERO-PSYCH-6WEST,*Unspecified,,66604,20177003603.0
2268,1500 SW 10th Ave 340B00935100SV,Topeka,SHAWNEE,GERO-PSYCH-6WEST,*Unspecified,,66604,20177003603.0
2269,1979 Milky Way,VERONA,*Unspecified,EMH EMERGENCY,Emergency Medicine,ED,53593,55025012700.0
2270,1500 SW 10th Ave 340B00935100SV,Topeka,SHAWNEE,GERO-PSYCH-6WEST,*Unspecified,,66604,20177003603.0
2271,1500 SW 10th Ave 340B00935100SV,Topeka,SHAWNEE,GERO-PSYCH-6WEST,*Unspecified,,66604,20177003603.0
2272,1500 SW 10th Ave 340B00935100SV,Topeka,SHAWNEE,GERO-PSYCH-6WEST,*Unspecified,,66604,20177003603.0
2273,1500 SW 10th Ave 340B00935100SV,Topeka,SHAWNEE,GERO-PSYCH-6WEST,*Unspecified,,66604,20177003603.0
2274,1500 SW 10th Ave 340B00935100SV,Topeka,SHAWNEE,GERO-PSYCH-6WEST,*Unspecified,,66604,20177003603.0
2275,1500 SW 10th Ave 340B00935100SV,Topeka,SHAWNEE,GERO-PSYCH-6WEST,*Unspecified,,66604,20177003603.0
2276,1500 SW 10th Ave 340B00935100SV,Topeka,SHAWNEE,GERO-PSYCH-6WEST,*Unspecified,,66604,20177003603.0
2277,1500 SW 10th Ave 340B00935100SV,Topeka,SHAWNEE,GERO-PSYCH-6WEST,*Unspecified,,66604,20177003603.0
2278,1500 SW 10th Ave 340B00935100SV,Topeka,SHAWNEE,GERO-PSYCH-6WEST,*Unspecified,,66604,20177003603.0
2279,1500 SW 10th Ave 340B00935100SV,Topeka,SHAWNEE,GERO-PSYCH-6WEST,*Unspecified,,66604,20177003603.0
2280,1979 Milky Way,VERONA,*Unspecified,EHS URGENT CARE,Urgent Care,ED,53593,55025012700.0
2281,1500 SW 10th Ave 340B00935100SV,Topeka,SHAWNEE,GERO-PSYCH-6WEST,*Unspecified,,66604,20177003603.0
2282,1500 SW 10th Ave,Topeka,SHAWNEE,7 NORTH,*Unspecified,,66604,20177003603.0
2283,1500 SW 10th Ave,Topeka,SHAWNEE,7 NORTH,*Unspecified,,66604,20177003603.0
2284,1500 SW 10th Ave,Topeka,SHAWNEE,7 NORTH,*Unspecified,,66604,20177003603.0
2285,1500 SW 10th Ave,Topeka,SHAWNEE,7 NORTH,*Unspecified,,66604,20177003603.0
2286,1500 SW 10th Ave,Topeka,SHAWNEE,7 NORTH,*Unspecified,,66604,20177003603.0
2287,1500 SW 10th Ave,Topeka,SHAWNEE,7 NORTH,*Unspecified,,66604,20177003603.0
2288,1500 SW 10th Ave,Topeka,SHAWNEE,7 NORTH,*Unspecified,,66604,20177003603.0
2289,1500 SW 10th Ave,Topeka,SHAWNEE,7 NORTH,*Unspecified,,66604,20177003603.0
2290,1500 SW 10th Ave,Topeka,SHAWNEE,7 NORTH,*Unspecified,,66604,20177003603.0
2291,1979 Milky Way,VERONA,*Unspecified,EHS URGENT CARE,Urgent Care,ED,53593,55025012700.0
2292,1500 SW 10th Ave,Topeka,SHAWNEE,7 NORTH,*Unspecified,,66604,20177003603.0
2293,1500 SW 10th Ave,Topeka,SHAWNEE,7 NORTH,*Unspecified,,66604,20177003603.0
2294,1500 SW 10th Ave,Topeka,SHAWNEE,7 NORTH,*Unspecified,,66604,20177003603.0
2295,1500 SW 10th Ave,Topeka,SHAWNEE,7 NORTH,*Unspecified,,66604,20177003603.0
2296,1500 SW 10th Ave,Topeka,SHAWNEE,7 NORTH,*Unspecified,,66604,20177003603.0
2297,1500 SW 10th Ave,Topeka,SHAWNEE,7 NORTH,*Unspecified,,66604,20177003603.0
2298,1500 SW 10th Ave,Topeka,SHAWNEE,7 NORTH,*Unspecified,,66604,20177003603.0
2299,1500 SW 10th Ave,Topeka,SHAWNEE,7 NORTH,*Unspecified,,66604,20177003603.0
2300,1500 SW 10th Ave,Topeka,SHAWNEE,7 NORTH,*Unspecified,,66604,20177003603.0
2301,1500 SW 10th Ave,Topeka,SHAWNEE,7 NORTH,*Unspecified,,66604,20177003603.0
2302,1979 Milky Way,VERONA,*Unspecified,EHS URGENT CARE,Urgent Care,ED,53593,55025012700.0
2303,1500 SW 10th Ave,Topeka,SHAWNEE,7 NORTH,*Unspecified,,66604,20177003603.0
2304,1500 SW 10th Ave,Topeka,SHAWNEE,7 NORTH,*Unspecified,,66604,20177003603.0
2305,1500 SW 10th Ave,Topeka,SHAWNEE,7 NORTH,*Unspecified,,66604,20177003603.0
2306,1500 SW 10th Ave,Topeka,SHAWNEE,7 NORTH,*Unspecified,,66604,20177003603.0
2307,1500 SW 10th Ave,Topeka,SHAWNEE,7 NORTH,*Unspecified,,66604,20177003603.0
2308,1500 SW 10th Ave,Topeka,SHAWNEE,7 NORTH,*Unspecified,,66604,20177003603.0
2309,1500 SW 10th Ave,Topeka,SHAWNEE,7 NORTH,*Unspecified,,66604,20177003603.0
2310,1500 SW 10th Ave,Topeka,SHAWNEE,7 NORTH,*Unspecified,,66604,20177003603.0
2311,1500 SW 10th Ave,Topeka,SHAWNEE,7 NORTH,*Unspecified,,66604,20177003603.0
2312,1500 SW 10th Ave,Topeka,SHAWNEE,7 NORTH,*Unspecified,,66604,20177003603.0
2313,1979 Milky Way,VERONA,*Unspecified,EMH EMERGENCY,Emergency Medicine,ED,53593,55025012700.0
2314,1500 SW 10th Ave,Topeka,SHAWNEE,7 NORTH,*Unspecified,,66604,20177003603.0
2315,1500 SW 10th Ave,Topeka,SHAWNEE,7 NORTH,*Unspecified,,66604,20177003603.0
2316,1500 SW 10th Ave,Topeka,SHAWNEE,7 NORTH,*Unspecified,,66604,20177003603.0
2317,1500 SW 10th Ave,Topeka,SHAWNEE,7 NORTH,*Unspecified,,66604,20177003603.0
2318,1500 SW 10th Ave,Topeka,SHAWNEE,7 NORTH,*Unspecified,,66604,20177003603.0
2319,1500 SW 10th Ave,Topeka,SHAWNEE,POST-SURGICAL-7 SOUTH,*Unspecified,,66604,20177003603.0
2320,1414 SW 8th Ave,Topeka,SHAWNEE,INFUSION CENTER,Infusion Therapy,HOD,66606,20177000500.0
2321,1414 SW 8th Ave,Topeka,SHAWNEE,INFUSION CENTER,Infusion Therapy,HOD,66606,20177000500.0
2322,1414 SW 8th Ave,Topeka,SHAWNEE,INFUSION CENTER,Infusion Therapy,HOD,66606,20177000500.0
2323,1414 SW 8th Ave,Topeka,SHAWNEE,INFUSION CENTER,Infusion Therapy,HOD,66606,20177000500.0
2324,1979 Milky Way,VERONA,*Unspecified,EMH EMERGENCY,Emergency Medicine,ED,53593,55025012700.0
2325,1414 SW 8th Ave,Topeka,SHAWNEE,INFUSION CENTER,Infusion Therapy,HOD,66606,20177000500.0
2326,1414 SW 8th Ave,Topeka,SHAWNEE,INFUSION CENTER,Infusion Therapy,HOD,66606,20177000500.0
2327,1414 SW 8th Ave,Topeka,SHAWNEE,INFUSION CENTER,Infusion Therapy,HOD,66606,20177000500.0
2328,1414 SW 8th Ave,Topeka,SHAWNEE,INFUSION CENTER,Infusion Therapy,HOD,66606,20177000500.0
2329,1414 SW 8th Ave,Topeka,SHAWNEE,INFUSION CENTER,Infusion Therapy,HOD,66606,20177000500.0
2330,1500 SW 10th Ave,Topeka,SHAWNEE,POST-SURGICAL-7 SOUTH,*Unspecified,,66604,20177003603.0
2331,1500 SW 10th Ave,Topeka,SHAWNEE,POST-SURGICAL-7 SOUTH,*Unspecified,,66604,20177003603.0
2332,1500 SW 10th Ave,Topeka,SHAWNEE,POST-SURGICAL-7 SOUTH,*Unspecified,,66604,20177003603.0
2333,1500 SW 10th Ave,Topeka,SHAWNEE,POST-SURGICAL-7 SOUTH,*Unspecified,,66604,20177003603.0
2334,1500 SW 10th Ave,Topeka,SHAWNEE,POST-SURGICAL-7 SOUTH,*Unspecified,,66604,20177003603.0
2335,1979 Milky Way,VERONA,*Unspecified,EMH EMERGENCY,Emergency Medicine,ED,53593,55025012700.0
2336,1500 SW 10th Ave,Topeka,SHAWNEE,POST-SURGICAL-7 SOUTH,*Unspecified,,66604,20177003603.0
2337,1500 SW 10th Ave,Topeka,SHAWNEE,POST-SURGICAL-7 SOUTH,*Unspecified,,66604,20177003603.0
2338,1500 SW 10th Ave,Topeka,SHAWNEE,POST-SURGICAL-7 SOUTH,*Unspecified,,66604,20177003603.0
2339,1500 SW 10th Ave,Topeka,SHAWNEE,POST-SURGICAL-7 SOUTH,*Unspecified,,66604,20177003603.0
2340,1500 SW 10th Ave,Topeka,SHAWNEE,POST-SURGICAL-7 SOUTH,*Unspecified,,66604,20177003603.0
2341,1500 SW 10th Ave,Topeka,SHAWNEE,POST-SURGICAL-7 SOUTH,*Unspecified,,66604,20177003603.0
2342,1500 SW 10th Ave,Topeka,SHAWNEE,POST-SURGICAL-7 SOUTH,*Unspecified,,66604,20177003603.0
2343,1500 SW 10th Ave,Topeka,SHAWNEE,POST-SURGICAL-7 SOUTH,*Unspecified,,66604,20177003603.0
2344,1500 SW 10th Ave,Topeka,SHAWNEE,POST-SURGICAL-7 SOUTH,*Unspecified,,66604,20177003603.0
2345,1500 SW 10th Ave,Topeka,SHAWNEE,POST-SURGICAL-7 SOUTH,*Unspecified,,66604,20177003603.0
2346,1979 Milky Way,VERONA,*Unspecified,EMH EMERGENCY,Emergency Medicine,ED,53593,55025012700.0
2347,1500 SW 10th Ave,Topeka,SHAWNEE,POST-SURGICAL-7 SOUTH,*Unspecified,,66604,20177003603.0
2348,1500 SW 10th Ave 340B00935100SV,Topeka,SHAWNEE,OP OBSERV UNIT,*Unspecified,,66604,20177003603.0
2349,1500 SW 10th Ave 340B00935100SV,Topeka,SHAWNEE,OP OBSERV UNIT,*Unspecified,,66604,20177003603.0
2350,1500 SW 10th Ave 340B00935100SV,Topeka,SHAWNEE,OP OBSERV UNIT,*Unspecified,,66604,20177003603.0
2351,1500 SW 10th Ave 340B00935100SV,Topeka,SHAWNEE,OP OBSERV UNIT,*Unspecified,,66604,20177003603.0
2352,1500 SW 10th Ave 340B00935100SV,Topeka,SHAWNEE,OP OBSERV UNIT,*Unspecified,,66604,20177003603.0
2353,1500 SW 10th Ave 340B00935100SV,Topeka,SHAWNEE,OP OBSERV UNIT,*Unspecified,,66604,20177003603.0
2354,1500 SW 10th Ave 340B00935100SV,Topeka,SHAWNEE,OP OBSERV UNIT,*Unspecified,,66604,20177003603.0
2355,1500 SW 10th Ave 340B00935100SV,Topeka,SHAWNEE,OP OBSERV UNIT,*Unspecified,,66604,20177003603.0
2356,1500 SW 10th Ave,Topeka,SHAWNEE,NIC,Neonatology,ICU,66604,20177003603.0
2357,1979 Milky Way,VERONA,*Unspecified,EMH EMERGENCY,Emergency Medicine,ED,53593,55025012700.0
2358,1500 SW 10th Ave,Topeka,SHAWNEE,NIC,Neonatology,ICU,66604,20177003603.0
2359,1500 SW 10th Ave,Topeka,SHAWNEE,NIC,Neonatology,ICU,66604,20177003603.0
2360,1500 SW 10th Ave,Topeka,SHAWNEE,NIC,Neonatology,ICU,66604,20177003603.0
2361,1500 SW 10th Ave,Topeka,SHAWNEE,NIC,Neonatology,ICU,66604,20177003603.0
2362,1500 SW 10th Ave,Topeka,SHAWNEE,NIC,Neonatology,ICU,66604,20177003603.0
2363,1500 SW 10th Ave,Topeka,SHAWNEE,NIC,Neonatology,ICU,66604,20177003603.0
2364,1500 SW 10th Ave,Topeka,SHAWNEE,NIC,Neonatology,ICU,66604,20177003603.0
2365,1500 SW 10th Ave,Topeka,SHAWNEE,NIC,Neonatology,ICU,66604,20177003603.0
2366,1500 SW 10th Ave,Topeka,SHAWNEE,NIC,Neonatology,ICU,66604,20177003603.0
2367,1500 SW 10th Ave,Topeka,SHAWNEE,NIC,Neonatology,ICU,66604,20177003603.0
2368,1979 Milky Way,VERONA,*Unspecified,EMH EMERGENCY,Emergency Medicine,ED,53593,55025012700.0
2369,1500 SW 10th Ave,Topeka,SHAWNEE,NIC,Neonatology,ICU,66604,20177003603.0
2370,1500 SW 10th Ave,Topeka,SHAWNEE,NIC,Neonatology,ICU,66604,20177003603.0
2371,1500 SW 10th Ave,Topeka,SHAWNEE,NIC,Neonatology,ICU,66604,20177003603.0
2372,1500 SW 10th Ave,Topeka,SHAWNEE,NIC,Neonatology,ICU,66604,20177003603.0
2373,1500 SW 10th Ave,Topeka,SHAWNEE,NIC,Neonatology,ICU,66604,20177003603.0
2374,1500 SW 10th Ave,Topeka,SHAWNEE,NIC,Neonatology,ICU,66604,20177003603.0
2375,1500 SW 10th Ave,Topeka,SHAWNEE,NIC,Neonatology,ICU,66604,20177003603.0
2376,1500 SW 10th Ave,Topeka,SHAWNEE,NIC,Neonatology,ICU,66604,20177003603.0
2377,1500 SW 10th Ave,Topeka,SHAWNEE,NIC,Neonatology,ICU,66604,20177003603.0
2378,1500 SW 10th Ave,Topeka,SHAWNEE,NIC,Neonatology,ICU,66604,20177003603.0
2379,1979 Milky Way,VERONA,*Unspecified,EMH EMERGENCY,Emergency Medicine,ED,53593,55025012700.0
2380,1500 SW 10th Ave,Topeka,SHAWNEE,NIC,Neonatology,ICU,66604,20177003603.0
2381,1500 SW 10th Ave,Topeka,SHAWNEE,NIC,Neonatology,ICU,66604,20177003603.0
2382,1500 SW 10th Ave,Topeka,SHAWNEE,NIC,Neonatology,ICU,66604,20177003603.0
2383,1500 SW 10th Ave,Topeka,SHAWNEE,NIC,Neonatology,ICU,66604,20177003603.0
2384,1500 SW 10th Ave,Topeka,SHAWNEE,NIC,Neonatology,ICU,66604,20177003603.0
2385,1500 SW 10th Ave,Topeka,SHAWNEE,NIC,Neonatology,ICU,66604,20177003603.0
2386,1500 SW 10th Ave,Topeka,SHAWNEE,NIC,Neonatology,ICU,66604,20177003603.0
2387,1500 SW 10th Ave,Topeka,SHAWNEE,NIC,Neonatology,ICU,66604,20177003603.0
2388,1500 SW 10th Ave,Topeka,SHAWNEE,NIC,Neonatology,ICU,66604,20177003603.0
2389,1500 SW 10th Ave,Topeka,SHAWNEE,NIC,Neonatology,ICU,66604,20177003603.0
2390,1979 Milky Way,VERONA,*Unspecified,EMH EMERGENCY,Emergency Medicine,ED,53593,55025012700.0
2391,1500 SW 10th Ave,Topeka,SHAWNEE,NIC,Neonatology,ICU,66604,20177003603.0
2392,1500 SW 10th Ave,Topeka,SHAWNEE,NIC,Neonatology,ICU,66604,20177003603.0
2393,1500 SW 10th Ave,Topeka,SHAWNEE,NIC,Neonatology,ICU,66604,20177003603.0
2394,1500 SW 10th Ave,Topeka,SHAWNEE,NIC,Neonatology,ICU,66604,20177003603.0
2395,1500 SW 10th Ave,Topeka,SHAWNEE,NIC,Neonatology,ICU,66604,20177003603.0
2396,1500 SW 10th Ave,Topeka,SHAWNEE,NIC,Neonatology,ICU,66604,20177003603.0
2397,1500 SW 10th Ave,Topeka,SHAWNEE,NIC,Neonatology,ICU,66604,20177003603.0
2398,1500 SW 10th Ave,Topeka,SHAWNEE,NIC,Neonatology,ICU,66604,20177003603.0
2399,1500 SW 10th Ave,Topeka,SHAWNEE,NIC,Neonatology,ICU,66604,20177003603.0
2400,1500 SW 10th Ave,Topeka,SHAWNEE,NIC,Neonatology,ICU,66604,20177003603.0
2401,1979 Milky Way,VERONA,*Unspecified,EMH EMERGENCY,Emergency Medicine,ED,53593,55025012700.0
2402,1500 SW 10th Ave,Topeka,SHAWNEE,NIC,Neonatology,ICU,66604,20177003603.0
2403,1500 SW 10th Ave,Topeka,SHAWNEE,NIC,Neonatology,ICU,66604,20177003603.0
2404,1500 SW 10th Ave,Topeka,SHAWNEE,NIC,Neonatology,ICU,66604,20177003603.0
2405,1500 SW 10th Ave,Topeka,SHAWNEE,NIC,Neonatology,ICU,66604,20177003603.0
2406,1500 SW 10th Ave,Topeka,SHAWNEE,NIC,Neonatology,ICU,66604,20177003603.0
2407,1500 SW 10th Ave,Topeka,SHAWNEE,NIC,Neonatology,ICU,66604,20177003603.0
2408,1500 SW 10th Ave,Topeka,SHAWNEE,NIC,Neonatology,ICU,66604,20177003603.0
2409,1500 SW 10th Ave,Topeka,SHAWNEE,NIC,Neonatology,ICU,66604,20177003603.0
2410,1500 SW 10th Ave,Topeka,SHAWNEE,NIC,Neonatology,ICU,66604,20177003603.0
2411,1500 SW 10th Ave,Topeka,SHAWNEE,NIC,Neonatology,ICU,66604,20177003603.0
2412,1979 Milky Way,VERONA,*Unspecified,EMH EMERGENCY,Emergency Medicine,ED,53593,55025012700.0
2413,1500 SW 10th Ave,Topeka,SHAWNEE,NIC,Neonatology,ICU,66604,20177003603.0
2414,1500 SW 10th Ave,Topeka,SHAWNEE,NIC,Neonatology,ICU,66604,20177003603.0
2415,1500 SW 10th Ave,Topeka,SHAWNEE,NIC,Neonatology,ICU,66604,20177003603.0
2416,1500 SW 10th Ave,Topeka,SHAWNEE,NIC,Neonatology,ICU,66604,20177003603.0
2417,1500 SW 10th Ave,Topeka,SHAWNEE,NIC,Neonatology,ICU,66604,20177003603.0
2418,1500 SW 10th Ave,Topeka,SHAWNEE,NIC,Neonatology,ICU,66604,20177003603.0
2419,1500 SW 10th Ave,Topeka,SHAWNEE,NIC,Neonatology,ICU,66604,20177003603.0
2420,1500 SW 10th Ave,Topeka,SHAWNEE,NIC,Neonatology,ICU,66604,20177003603.0
2421,1500 SW 10th Ave,Topeka,SHAWNEE,NIC,Neonatology,ICU,66604,20177003603.0
2422,1500 SW 10th Ave,Topeka,SHAWNEE,NIC,Neonatology,ICU,66604,20177003603.0
2423,1979 Milky Way,VERONA,*Unspecified,EMH EMERGENCY,Emergency Medicine,ED,53593,55025012700.0
2424,1500 SW 10th Ave,Topeka,SHAWNEE,NIC,Neonatology,ICU,66604,20177003603.0
2425,1500 SW 10th Ave,Topeka,SHAWNEE,NIC,Neonatology,ICU,66604,20177003603.0
2426,1500 SW 10th Ave,Topeka,SHAWNEE,NIC,Neonatology,ICU,66604,20177003603.0
2427,1500 SW 10th Ave,Topeka,SHAWNEE,NIC,Neonatology,ICU,66604,20177003603.0
2428,1500 SW 10th Ave,Topeka,SHAWNEE,NIC,Neonatology,ICU,66604,20177003603.0
2429,1500 SW 10th Ave,Topeka,SHAWNEE,NIC,Neonatology,ICU,66604,20177003603.0
2430,1500 SW 10th Ave,Topeka,SHAWNEE,NIC,Neonatology,ICU,66604,20177003603.0
2431,1500 SW 10th Ave,Topeka,SHAWNEE,NIC,Neonatology,ICU,66604,20177003603.0
2432,1500 SW 10th Ave,Topeka,SHAWNEE,NURSERY,*Unspecified,L&D,66604,20177003603.0
2433,1500 SW 10th Ave,Topeka,SHAWNEE,NURSERY,*Unspecified,L&D,66604,20177003603.0
2434,1979 Milky Way,VERONA,*Unspecified,EMH NURSERY,*Unspecified,,53593,55025012700.0
2435,1500 SW 10th Ave,Topeka,SHAWNEE,NURSERY,*Unspecified,L&D,66604,20177003603.0
2436,1500 SW 10th Ave,Topeka,SHAWNEE,NURSERY,*Unspecified,L&D,66604,20177003603.0
2437,1500 SW 10th Ave,Topeka,SHAWNEE,NURSERY,*Unspecified,L&D,66604,20177003603.0
2438,1500 SW 10th Ave,Topeka,SHAWNEE,NURSERY,*Unspecified,L&D,66604,20177003603.0
2439,1500 SW 10th Ave,Topeka,SHAWNEE,NURSERY,*Unspecified,L&D,66604,20177003603.0
2440,1500 SW 10th Ave,Topeka,SHAWNEE,NURSERY,*Unspecified,L&D,66604,20177003603.0
2441,1500 SW 10th Ave,Topeka,SHAWNEE,NURSERY,*Unspecified,L&D,66604,20177003603.0
2442,1500 SW 10th Ave,Topeka,SHAWNEE,NURSERY,*Unspecified,L&D,66604,20177003603.0
2443,1500 SW 10th Ave,Topeka,SHAWNEE,NURSERY,*Unspecified,L&D,66604,20177003603.0
2444,1500 SW 10th Ave,Topeka,SHAWNEE,NURSERY,*Unspecified,L&D,66604,20177003603.0
2445,1979 Milky Way,VERONA,*Unspecified,EMH NURSERY,*Unspecified,,53593,55025012700.0
2446,1500 SW 10th Ave,Topeka,SHAWNEE,NURSERY,*Unspecified,L&D,66604,20177003603.0
2447,1500 SW 10th Ave,Topeka,SHAWNEE,NURSERY,*Unspecified,L&D,66604,20177003603.0
2448,1500 SW 10th Ave,Topeka,SHAWNEE,NURSERY,*Unspecified,L&D,66604,20177003603.0
2449,1500 SW 10th Ave,Topeka,SHAWNEE,NURSERY,*Unspecified,L&D,66604,20177003603.0
2450,1500 SW 10th Ave,Topeka,SHAWNEE,NURSERY,*Unspecified,L&D,66604,20177003603.0
2451,1500 SW 10th Ave,Topeka,SHAWNEE,NURSERY,*Unspecified,L&D,66604,20177003603.0
2452,1500 SW 10th Ave,Topeka,SHAWNEE,NURSERY,*Unspecified,L&D,66604,20177003603.0
2453,1500 SW 10th Ave,Topeka,SHAWNEE,NURSERY,*Unspecified,L&D,66604,20177003603.0
2454,1500 SW 10th Ave,Topeka,SHAWNEE,NURSERY,*Unspecified,L&D,66604,20177003603.0
2455,1500 SW 10th Ave,Topeka,SHAWNEE,NURSERY,*Unspecified,L&D,66604,20177003603.0
2456,1979 Milky Way,VERONA,*Unspecified,EMH NURSERY,*Unspecified,,53593,55025012700.0
2457,1500 SW 10th Ave,Topeka,SHAWNEE,NURSERY,*Unspecified,L&D,66604,20177003603.0
2458,1500 SW 10th Ave,Topeka,SHAWNEE,NURSERY,*Unspecified,L&D,66604,20177003603.0
2459,1500 SW 10th Ave,Topeka,SHAWNEE,NURSERY,*Unspecified,L&D,66604,20177003603.0
2460,1500 SW 10th Ave,Topeka,SHAWNEE,NURSERY,*Unspecified,L&D,66604,20177003603.0
2461,1500 SW 10th Ave,Topeka,SHAWNEE,NURSERY,*Unspecified,L&D,66604,20177003603.0
2462,1500 SW 10th Ave,Topeka,SHAWNEE,NURSERY,*Unspecified,L&D,66604,20177003603.0
2463,1500 SW 10th Ave,Topeka,SHAWNEE,NURSERY,*Unspecified,L&D,66604,20177003603.0
2464,1500 SW 10th Ave,Topeka,SHAWNEE,NURSERY,*Unspecified,L&D,66604,20177003603.0
2465,1500 SW 10th Ave,Topeka,SHAWNEE,NURSERY,*Unspecified,L&D,66604,20177003603.0
2466,1500 SW 10th Ave,Topeka,SHAWNEE,NURSERY,*Unspecified,L&D,66604,20177003603.0
2467,1979 Milky Way,VERONA,*Unspecified,EMH EMERGENCY,Emergency Medicine,ED,53593,55025012700.0
2468,1500 SW 10th Ave,Topeka,SHAWNEE,NURSERY,*Unspecified,L&D,66604,20177003603.0
2469,1500 SW 10th Ave,Topeka,SHAWNEE,NURSERY,*Unspecified,L&D,66604,20177003603.0
2470,1500 SW 10th Ave,Topeka,SHAWNEE,NURSERY,*Unspecified,L&D,66604,20177003603.0
2471,1500 SW 10th Ave,Topeka,SHAWNEE,NURSERY,*Unspecified,L&D,66604,20177003603.0
2472,1500 SW 10th Ave,Topeka,SHAWNEE,NURSERY,*Unspecified,L&D,66604,20177003603.0
2473,1500 SW 10th Ave,Topeka,SHAWNEE,NURSERY,*Unspecified,L&D,66604,20177003603.0
2474,1500 SW 10th Ave,Topeka,SHAWNEE,NURSERY,*Unspecified,L&D,66604,20177003603.0
2475,1500 SW 10th Ave,Topeka,SHAWNEE,NURSERY,*Unspecified,L&D,66604,20177003603.0
2476,1500 SW 10th Ave,Topeka,SHAWNEE,NURSERY,*Unspecified,L&D,66604,20177003603.0
2477,1500 SW 10th Ave,Topeka,SHAWNEE,NURSERY,*Unspecified,L&D,66604,20177003603.0
2478,1979 Milky Way,VERONA,*Unspecified,EMH EMERGENCY,Emergency Medicine,ED,53593,55025012700.0
2479,1500 SW 10th Ave,Topeka,SHAWNEE,NURSERY,*Unspecified,L&D,66604,20177003603.0
2480,1500 SW 10th Ave,Topeka,SHAWNEE,NURSERY,*Unspecified,L&D,66604,20177003603.0
2481,1500 SW 10th Ave,Topeka,SHAWNEE,NURSERY,*Unspecified,L&D,66604,20177003603.0
2482,1500 SW 10th Ave,Topeka,SHAWNEE,NURSERY,*Unspecified,L&D,66604,20177003603.0
2483,1500 SW 10th Ave,Topeka,SHAWNEE,NURSERY,*Unspecified,L&D,66604,20177003603.0
2484,1500 SW 10th Ave,Topeka,SHAWNEE,NURSERY,*Unspecified,L&D,66604,20177003603.0
2485,1500 SW 10th Ave,Topeka,SHAWNEE,NURSERY,*Unspecified,L&D,66604,20177003603.0
2486,1500 SW 10th Ave,Topeka,SHAWNEE,NURSERY,*Unspecified,L&D,66604,20177003603.0
2487,1500 SW 10th Ave,Topeka,SHAWNEE,NURSERY,*Unspecified,L&D,66604,20177003603.0
2488,1500 SW 10th Ave,Topeka,SHAWNEE,PICU,*Unspecified,ICU,66604,20177003603.0
2489,1979 Milky Way,VERONA,*Unspecified,EMH EMERGENCY,Emergency Medicine,ED,53593,55025012700.0
2490,1500 SW 10th Ave,Topeka,SHAWNEE,PICU,*Unspecified,ICU,66604,20177003603.0
2491,1500 SW 10th Ave,Topeka,SHAWNEE,PICU,*Unspecified,ICU,66604,20177003603.0
2492,1500 SW 10th Ave,Topeka,SHAWNEE,PICU,*Unspecified,ICU,66604,20177003603.0
2493,1500 SW 10th Ave,Topeka,SHAWNEE,PICU,*Unspecified,ICU,66604,20177003603.0
2494,1500 SW 10th Ave,Topeka,SHAWNEE,PICU,*Unspecified,ICU,66604,20177003603.0
2495,3707 SW 6th Ave,Topeka,SHAWNEE,SVW-ADULT,*Unspecified,,66606,20177000500.0
2496,3707 SW 6th Ave,Topeka,SHAWNEE,SVW-ADULT,*Unspecified,,66606,20177000500.0
2497,3707 SW 6th Ave,Topeka,SHAWNEE,SVW-ADULT,*Unspecified,,66606,20177000500.0
2498,3707 SW 6th Ave,Topeka,SHAWNEE,SVW-ADULT,*Unspecified,,66606,20177000500.0
2499,3707 SW 6th Ave,Topeka,SHAWNEE,SVW-ADULT,*Unspecified,,66606,20177000500.0
2500,1979 Milky Way,VERONA,*Unspecified,EMH EMERGENCY,Emergency Medicine,ED,53593,55025012700.0
2501,3707 SW 6th Ave,Topeka,SHAWNEE,SVW-ADULT,*Unspecified,,66606,20177000500.0
2502,3707 SW 6th Ave,Topeka,SHAWNEE,SVW-ADULT,*Unspecified,,66606,20177000500.0
2503,3707 SW 6th Ave,Topeka,SHAWNEE,SVW-ADULT,*Unspecified,,66606,20177000500.0
2504,3707 SW 6th Ave,Topeka,SHAWNEE,SVW-ADULT,*Unspecified,,66606,20177000500.0
2505,3707 SW 6th Ave,Topeka,SHAWNEE,SVW-ADULT,*Unspecified,,66606,20177000500.0
2506,3707 SW 6th Ave,Topeka,SHAWNEE,SVW-ADULT,*Unspecified,,66606,20177000500.0
2507,3707 SW 6th Ave,Topeka,SHAWNEE,SVW-ADULT,*Unspecified,,66606,20177000500.0
2508,3707 SW 6th Ave,Topeka,SHAWNEE,SVW-ADULT,*Unspecified,,66606,20177000500.0
2509,3707 SW 6th Ave,Topeka,SHAWNEE,SVW-ADULT,*Unspecified,,66606,20177000500.0
2510,3707 SW 6th Ave,Topeka,SHAWNEE,SVW-ADULT,*Unspecified,,66606,20177000500.0
2511,1979 Milky Way,VERONA,*Unspecified,EMH EMERGENCY,Emergency Medicine,ED,53593,55025012700.0
2512,3707 SW 6th Ave,Topeka,SHAWNEE,SVW-ADULT,*Unspecified,,66606,20177000500.0
2513,3707 SW 6th Ave,Topeka,SHAWNEE,SVW-ADULT,*Unspecified,,66606,20177000500.0
2514,3707 SW 6th Ave,Topeka,SHAWNEE,SVW-ADULT,*Unspecified,,66606,20177000500.0
2515,3707 SW 6th Ave,Topeka,SHAWNEE,SVW-ADULT,*Unspecified,,66606,20177000500.0
2516,3707 SW 6th Ave,Topeka,SHAWNEE,SVW-ADULT,*Unspecified,,66606,20177000500.0
2517,3707 SW 6th Ave,Topeka,SHAWNEE,SVW-ADULT,*Unspecified,,66606,20177000500.0
2518,3707 SW 6th Ave,Topeka,SHAWNEE,SVW-ADULT,*Unspecified,,66606,20177000500.0
2519,3707 SW 6th Ave,Topeka,SHAWNEE,SVW-ADULT,*Unspecified,,66606,20177000500.0
2520,3707 SW 6th Ave,Topeka,SHAWNEE,SVW-ADULT,*Unspecified,,66606,20177000500.0
2521,3707 SW 6th Ave,Topeka,SHAWNEE,SVW-ADULT,*Unspecified,,66606,20177000500.0
2522,1979 Milky Way,VERONA,*Unspecified,EMH EMERGENCY,Emergency Medicine,ED,53593,55025012700.0
2523,3707 SW 6th Ave,Topeka,SHAWNEE,SVW-ADULT,*Unspecified,,66606,20177000500.0
2524,3707 SW 6th Ave,Topeka,SHAWNEE,SVW-ADULT,*Unspecified,,66606,20177000500.0
2525,3707 SW 6th Ave,Topeka,SHAWNEE,SVW-ADULT,*Unspecified,,66606,20177000500.0
2526,3707 SW 6th Ave,Topeka,SHAWNEE,SVW-ADULT,*Unspecified,,66606,20177000500.0
2527,3707 SW 6th Ave,Topeka,SHAWNEE,SVW-ADULT,*Unspecified,,66606,20177000500.0
2528,3707 SW 6th Ave,Topeka,SHAWNEE,SVW-ADULT,*Unspecified,,66606,20177000500.0
2529,3707 SW 6th Ave,Topeka,SHAWNEE,SVW-ADULT,*Unspecified,,66606,20177000500.0
2530,3707 SW 6th Ave,Topeka,SHAWNEE,SVW-ADULT,*Unspecified,,66606,20177000500.0
2531,3707 SW 6th Ave,Topeka,SHAWNEE,SVW-ADULT,*Unspecified,,66606,20177000500.0
2532,3707 SW 6th Ave,Topeka,SHAWNEE,SVW-ADULT,*Unspecified,,66606,20177000500.0
2533,1979 Milky Way,VERONA,*Unspecified,EMH EMERGENCY,Emergency Medicine,ED,53593,55025012700.0
2534,3707 SW 6th Ave,Topeka,SHAWNEE,SVW-ADULT,*Unspecified,,66606,20177000500.0
2535,3707 SW 6th Ave,Topeka,SHAWNEE,SVW-ADULT,*Unspecified,,66606,20177000500.0
2536,3707 SW 6th Ave,Topeka,SHAWNEE,SVW-ADULT,*Unspecified,,66606,20177000500.0
2537,3707 SW 6th Ave,Topeka,SHAWNEE,SVW-ADULT,*Unspecified,,66606,20177000500.0
2538,3707 SW 6th Ave,Topeka,SHAWNEE,SVW-ADULT,*Unspecified,,66606,20177000500.0
2539,3707 SW 6th Ave,Topeka,SHAWNEE,SVW-ADULT,*Unspecified,,66606,20177000500.0
2540,3707 SW 6th Ave,Topeka,SHAWNEE,SVW-CHILD/ADOLESCENT,*Unspecified,,66606,20177000500.0
2541,3707 SW 6th Ave,Topeka,SHAWNEE,SVW-CHILD/ADOLESCENT,*Unspecified,,66606,20177000500.0
2542,3707 SW 6th Ave,Topeka,SHAWNEE,SVW-CHILD/ADOLESCENT,*Unspecified,,66606,20177000500.0
2543,3707 SW 6th Ave,Topeka,SHAWNEE,SVW-CHILD/ADOLESCENT,*Unspecified,,66606,20177000500.0
2544,1979 Milky Way,VERONA,*Unspecified,EMH EMERGENCY,Emergency Medicine,ED,53593,55025012700.0
2545,3707 SW 6th Ave,Topeka,SHAWNEE,SVW-CHILD/ADOLESCENT,*Unspecified,,66606,20177000500.0
2546,3707 SW 6th Ave,Topeka,SHAWNEE,SVW-CHILD/ADOLESCENT,*Unspecified,,66606,20177000500.0
2547,3707 SW 6th Ave,Topeka,SHAWNEE,SVW-CHILD/ADOLESCENT,*Unspecified,,66606,20177000500.0
2548,3707 SW 6th Ave,Topeka,SHAWNEE,SVW-CHILD/ADOLESCENT,*Unspecified,,66606,20177000500.0
2549,3707 SW 6th Ave,Topeka,SHAWNEE,SVW-CHILD/ADOLESCENT,*Unspecified,,66606,20177000500.0
2550,3707 SW 6th Ave,Topeka,SHAWNEE,SVW-CHILD/ADOLESCENT,*Unspecified,,66606,20177000500.0
2551,3707 SW 6th Ave,Topeka,SHAWNEE,SVW-CHILD/ADOLESCENT,*Unspecified,,66606,20177000500.0
2552,3707 SW 6th Ave,Topeka,SHAWNEE,SVW-CHILD/ADOLESCENT,*Unspecified,,66606,20177000500.0
2553,3707 SW 6th Ave,Topeka,SHAWNEE,SVW-CHILD/ADOLESCENT,*Unspecified,,66606,20177000500.0
2554,3707 SW 6th Ave,Topeka,SHAWNEE,SVW-CHILD/ADOLESCENT,*Unspecified,,66606,20177000500.0
2555,1979 Milky Way,VERONA,*Unspecified,EMH EMERGENCY,Emergency Medicine,ED,53593,55025012700.0
2556,3707 SW 6th Ave,Topeka,SHAWNEE,SVW-CHILD/ADOLESCENT,*Unspecified,,66606,20177000500.0
2557,3707 SW 6th Ave,Topeka,SHAWNEE,SVW-CHILD/ADOLESCENT,*Unspecified,,66606,20177000500.0
2558,3707 SW 6th Ave,Topeka,SHAWNEE,SVW-CHILD/ADOLESCENT,*Unspecified,,66606,20177000500.0
2559,3707 SW 6th Ave,Topeka,SHAWNEE,SVW-CHILD/ADOLESCENT,*Unspecified,,66606,20177000500.0
2560,3707 SW 6th Ave,Topeka,SHAWNEE,SVW-CHILD/ADOLESCENT,*Unspecified,,66606,20177000500.0
2561,3707 SW 6th Ave,Topeka,SHAWNEE,SVW-CHILD/ADOLESCENT,*Unspecified,,66606,20177000500.0
2562,3707 SW 6th Ave,Topeka,SHAWNEE,SVW-CHILD/ADOLESCENT,*Unspecified,,66606,20177000500.0
2563,3707 SW 6th Ave,Topeka,SHAWNEE,SVW-CHILD/ADOLESCENT,*Unspecified,,66606,20177000500.0
2564,3707 SW 6th Ave,Topeka,SHAWNEE,SVW-CHILD/ADOLESCENT,*Unspecified,,66606,20177000500.0
2565,1500 SW 10th Ave,Topeka,SHAWNEE,YOUNG ADULT CENTER,*Unspecified,,66604,20177003603.0
2566,1979 Milky Way,VERONA,*Unspecified,EMH EMERGENCY,Emergency Medicine,ED,53593,55025012700.0
2567,1500 SW 10th Ave,Topeka,SHAWNEE,YOUNG ADULT CENTER,*Unspecified,,66604,20177003603.0
2568,1500 SW 10th Ave,Topeka,SHAWNEE,YOUNG ADULT CENTER,*Unspecified,,66604,20177003603.0
2569,1500 SW 10th Ave,Topeka,SHAWNEE,YOUNG ADULT CENTER,*Unspecified,,66604,20177003603.0
2570,1500 SW 10th Ave,Topeka,SHAWNEE,YOUNG ADULT CENTER,*Unspecified,,66604,20177003603.0
2571,1500 SW 10th Ave,Topeka,SHAWNEE,YOUNG ADULT CENTER,*Unspecified,,66604,20177003603.0
2572,1500 SW 10th Ave,Topeka,SHAWNEE,YOUNG ADULT CENTER,*Unspecified,,66604,20177003603.0
2573,1500 SW 10th Ave,Topeka,SHAWNEE,YOUNG ADULT CENTER,*Unspecified,,66604,20177003603.0
2574,1500 SW 10th Ave 340B00935100SV,Topeka,SHAWNEE,GERIPSYCH-6EAST,*Unspecified,,66604,20177003603.0
2575,1500 SW 10th Ave 340B00935100SV,Topeka,SHAWNEE,GERIPSYCH-6EAST,*Unspecified,,66604,20177003603.0
2576,1500 SW 10th Ave 340B00935100SV,Topeka,SHAWNEE,GERIPSYCH-6EAST,*Unspecified,,66604,20177003603.0
2577,1979 Milky Way,VERONA,*Unspecified,EMH EMERGENCY,Emergency Medicine,ED,53593,55025012700.0
2578,1500 SW 10th Ave 340B00935100SV,Topeka,SHAWNEE,GERIPSYCH-6EAST,*Unspecified,,66604,20177003603.0
2579,1500 SW 10th Ave 340B00935100SV,Topeka,SHAWNEE,GERIPSYCH-6EAST,*Unspecified,,66604,20177003603.0
2580,1500 SW 10th Ave 340B00935100SV,Topeka,SHAWNEE,GERIPSYCH-6EAST,*Unspecified,,66604,20177003603.0
2581,1500 SW 10th Ave 340B00935100SV,Topeka,SHAWNEE,GERIPSYCH-6EAST,*Unspecified,,66604,20177003603.0
2582,1500 SW 10th Ave 340B00935100SV,Topeka,SHAWNEE,GERIPSYCH-6EAST,*Unspecified,,66604,20177003603.0
2583,1500 SW 10th Ave 340B00935100SV,Topeka,SHAWNEE,GERIPSYCH-6EAST,*Unspecified,,66604,20177003603.0
2584,1500 SW 10th Ave 340B00935100SV,Topeka,SHAWNEE,GERIPSYCH-6EAST,*Unspecified,,66604,20177003603.0
2585,1500 SW 10th Ave 340B00935100SV,Topeka,SHAWNEE,GERIPSYCH-6EAST,*Unspecified,,66604,20177003603.0
2586,1500 SW 10th Ave 340B00935100SV,Topeka,SHAWNEE,GERIPSYCH-6EAST,*Unspecified,,66604,20177003603.0
2587,1500 SW 10th Ave 340B00935100SV,Topeka,SHAWNEE,GERIPSYCH-6EAST,*Unspecified,,66604,20177003603.0
2588,1979 Milky Way,VERONA,*Unspecified,EMH EMERGENCY,Emergency Medicine,ED,53593,55025012700.0
2589,1500 SW 10th Ave 340B00935100SV,Topeka,SHAWNEE,GERIPSYCH-6EAST,*Unspecified,,66604,20177003603.0
2590,1500 SW 10th Ave 340B00935100SV,Topeka,SHAWNEE,GERIPSYCH-6EAST,*Unspecified,,66604,20177003603.0
2591,1500 SW 10th Ave 340B00935100SV,Topeka,SHAWNEE,GERIPSYCH-6EAST,*Unspecified,,66604,20177003603.0
2592,1500 SW 10th Ave,Topeka,SHAWNEE,EMERGENCY DEPARTMENT,Emergency Medicine,ED,66604,20177003603.0
2593,1500 SW 10th Ave,Topeka,SHAWNEE,EMERGENCY DEPARTMENT,Emergency Medicine,ED,66604,20177003603.0
2594,1500 SW 10th Ave,Topeka,SHAWNEE,EMERGENCY DEPARTMENT,Emergency Medicine,ED,66604,20177003603.0
2595,1500 SW 10th Ave,Topeka,SHAWNEE,EMERGENCY DEPARTMENT,Emergency Medicine,ED,66604,20177003603.0
2596,1500 SW 10th Ave,Topeka,SHAWNEE,EMERGENCY DEPARTMENT,Emergency Medicine,ED,66604,20177003603.0
2597,1500 SW 10th Ave,Topeka,SHAWNEE,EMERGENCY DEPARTMENT,Emergency Medicine,ED,66604,20177003603.0
2598,1500 SW 10th Ave,Topeka,SHAWNEE,EMERGENCY DEPARTMENT,Emergency Medicine,ED,66604,20177003603.0
2599,1979 Milky Way,VERONA,*Unspecified,EMH EMERGENCY,Emergency Medicine,ED,53593,55025012700.0
2600,1500 SW 10th Ave,Topeka,SHAWNEE,EMERGENCY DEPARTMENT,Emergency Medicine,ED,66604,20177003603.0
2601,1500 SW 10th Ave,Topeka,SHAWNEE,EMERGENCY DEPARTMENT,Emergency Medicine,ED,66604,20177003603.0
2602,1500 SW 10th Ave,Topeka,SHAWNEE,EMERGENCY DEPARTMENT,Emergency Medicine,ED,66604,20177003603.0
2603,1500 SW 10th Ave,Topeka,SHAWNEE,EMERGENCY DEPARTMENT,Emergency Medicine,ED,66604,20177003603.0
2604,1500 SW 10th Ave,Topeka,SHAWNEE,EMERGENCY DEPARTMENT,Emergency Medicine,ED,66604,20177003603.0
2605,1500 SW 10th Ave,Topeka,SHAWNEE,EMERGENCY DEPARTMENT,Emergency Medicine,ED,66604,20177003603.0
2606,1500 SW 10th Ave,Topeka,SHAWNEE,EMERGENCY DEPARTMENT,Emergency Medicine,ED,66604,20177003603.0
2607,1500 SW 10th Ave,Topeka,SHAWNEE,EMERGENCY DEPARTMENT,Emergency Medicine,ED,66604,20177003603.0
2608,1500 SW 10th Ave,Topeka,SHAWNEE,EMERGENCY DEPARTMENT,Emergency Medicine,ED,66604,20177003603.0
2609,1500 SW 10th Ave,Topeka,SHAWNEE,EMERGENCY DEPARTMENT,Emergency Medicine,ED,66604,20177003603.0
2610,1979 Milky Way,VERONA,*Unspecified,EMH EMERGENCY,Emergency Medicine,ED,53593,55025012700.0
2611,1500 SW 10th Ave,Topeka,SHAWNEE,EMERGENCY DEPARTMENT,Emergency Medicine,ED,66604,20177003603.0
2612,1500 SW 10th Ave,Topeka,SHAWNEE,EMERGENCY DEPARTMENT,Emergency Medicine,ED,66604,20177003603.0
2613,1500 SW 10th Ave,Topeka,SHAWNEE,EMERGENCY DEPARTMENT,Emergency Medicine,ED,66604,20177003603.0
2614,1500 SW 10th Ave,Topeka,SHAWNEE,EMERGENCY DEPARTMENT,Emergency Medicine,ED,66604,20177003603.0
2615,1500 SW 10th Ave,Topeka,SHAWNEE,EMERGENCY DEPARTMENT,Emergency Medicine,ED,66604,20177003603.0
2616,1500 SW 10th Ave,Topeka,SHAWNEE,EMERGENCY DEPARTMENT,Emergency Medicine,ED,66604,20177003603.0
2617,1500 SW 10th Ave,Topeka,SHAWNEE,EMERGENCY DEPARTMENT,Emergency Medicine,ED,66604,20177003603.0
2618,1500 SW 10th Ave,Topeka,SHAWNEE,EMERGENCY DEPARTMENT,Emergency Medicine,ED,66604,20177003603.0
2619,1500 SW 10th Ave,Topeka,SHAWNEE,EMERGENCY DEPARTMENT,Emergency Medicine,ED,66604,20177003603.0
2620,1500 SW 10th Ave,Topeka,SHAWNEE,EMERGENCY DEPARTMENT,Emergency Medicine,ED,66604,20177003603.0
2621,1979 Milky Way,VERONA,*Unspecified,EMH EMERGENCY,Emergency Medicine,ED,53593,55025012700.0
2622,1500 SW 10th Ave,Topeka,SHAWNEE,EMERGENCY DEPARTMENT,Emergency Medicine,ED,66604,20177003603.0
2623,1500 SW 10th Ave,Topeka,SHAWNEE,EMERGENCY DEPARTMENT,Emergency Medicine,ED,66604,20177003603.0
2624,1500 SW 10th Ave,Topeka,SHAWNEE,EMERGENCY DEPARTMENT,Emergency Medicine,ED,66604,20177003603.0
2625,1500 SW 10th Ave,Topeka,SHAWNEE,EMERGENCY DEPARTMENT,Emergency Medicine,ED,66604,20177003603.0
2626,1500 SW 10th Ave,Topeka,SHAWNEE,EMERGENCY DEPARTMENT,Emergency Medicine,ED,66604,20177003603.0
2627,1500 SW 10th Ave,Topeka,SHAWNEE,EMERGENCY DEPARTMENT,Emergency Medicine,ED,66604,20177003603.0
2628,1500 SW 10th Ave,Topeka,SHAWNEE,EMERGENCY DEPARTMENT,Emergency Medicine,ED,66604,20177003603.0
2629,1500 SW 10th Ave,Topeka,SHAWNEE,EMERGENCY DEPARTMENT,Emergency Medicine,ED,66604,20177003603.0
2630,1500 SW 10th Ave,Topeka,SHAWNEE,EMERGENCY DEPARTMENT,Emergency Medicine,ED,66604,20177003603.0
2631,1500 SW 10th Ave,Topeka,SHAWNEE,EMERGENCY DEPARTMENT,Emergency Medicine,ED,66604,20177003603.0
2632,1979 Milky Way,VERONA,*Unspecified,EMH EMERGENCY,Emergency Medicine,ED,53593,55025012700.0
2633,1500 SW 10th Ave,Topeka,SHAWNEE,EMERGENCY DEPARTMENT,Emergency Medicine,ED,66604,20177003603.0
2634,1500 SW 10th Ave,Topeka,SHAWNEE,EMERGENCY DEPARTMENT,Emergency Medicine,ED,66604,20177003603.0
2635,1500 SW 10th Ave,Topeka,SHAWNEE,EMERGENCY DEPARTMENT,Emergency Medicine,ED,66604,20177003603.0
2636,1500 SW 10th Ave,Topeka,SHAWNEE,EMERGENCY DEPARTMENT,Emergency Medicine,ED,66604,20177003603.0
2637,1500 SW 10th Ave,Topeka,SHAWNEE,EMERGENCY DEPARTMENT,Emergency Medicine,ED,66604,20177003603.0
2638,1500 SW 10th Ave,Topeka,SHAWNEE,EMERGENCY DEPARTMENT,Emergency Medicine,ED,66604,20177003603.0
2639,1500 SW 10th Ave,Topeka,SHAWNEE,EMERGENCY DEPARTMENT,Emergency Medicine,ED,66604,20177003603.0
2640,1500 SW 10th Ave,Topeka,SHAWNEE,EMERGENCY DEPARTMENT,Emergency Medicine,ED,66604,20177003603.0
2641,1500 SW 10th Ave,Topeka,SHAWNEE,EMERGENCY DEPARTMENT,Emergency Medicine,ED,66604,20177003603.0
2642,1500 SW 10th Ave,Topeka,SHAWNEE,EMERGENCY DEPARTMENT,Emergency Medicine,ED,66604,20177003603.0
2643,1979 Milky Way,VERONA,*Unspecified,EMH EMERGENCY,Emergency Medicine,ED,53593,55025012700.0
2644,1500 SW 10th Ave,Topeka,SHAWNEE,EMERGENCY DEPARTMENT,Emergency Medicine,ED,66604,20177003603.0
2645,1500 SW 10th Ave,Topeka,SHAWNEE,EMERGENCY DEPARTMENT,Emergency Medicine,ED,66604,20177003603.0
2646,1500 SW 10th Ave,Topeka,SHAWNEE,EMERGENCY DEPARTMENT,Emergency Medicine,ED,66604,20177003603.0
2647,1500 SW 10th Ave,Topeka,SHAWNEE,EMERGENCY DEPARTMENT,Emergency Medicine,ED,66604,20177003603.0
2648,1500 SW 10th Ave,Topeka,SHAWNEE,EMERGENCY DEPARTMENT,Emergency Medicine,ED,66604,20177003603.0
2649,1500 SW 10th Ave,Topeka,SHAWNEE,EMERGENCY DEPARTMENT,Emergency Medicine,ED,66604,20177003603.0
2650,1500 SW 10th Ave,Topeka,SHAWNEE,EMERGENCY DEPARTMENT,Emergency Medicine,ED,66604,20177003603.0
2651,1500 SW 10th Ave,Topeka,SHAWNEE,EMERGENCY DEPARTMENT,Emergency Medicine,ED,66604,20177003603.0
2652,1500 SW 10th Ave,Topeka,SHAWNEE,EMERGENCY DEPARTMENT,Emergency Medicine,ED,66604,20177003603.0
2653,1500 SW 10th Ave,Topeka,SHAWNEE,EMERGENCY DEPARTMENT,Emergency Medicine,ED,66604,20177003603.0
2654,1979 Milky Way,VERONA,*Unspecified,EMH EMERGENCY,Emergency Medicine,ED,53593,55025012700.0
2655,1500 SW 10th Ave,Topeka,SHAWNEE,EMERGENCY DEPARTMENT,Emergency Medicine,ED,66604,20177003603.0
2656,1500 SW 10th Ave,Topeka,SHAWNEE,EMERGENCY DEPARTMENT,Emergency Medicine,ED,66604,20177003603.0
2657,1500 SW 10th Ave,Topeka,SHAWNEE,PRE-POST,*Unspecified,OR,66604,20177003603.0
2658,1500 SW 10th Ave,Topeka,SHAWNEE,PRE-POST,*Unspecified,OR,66604,20177003603.0
2659,1500 SW 10th Ave,Topeka,SHAWNEE,PRE-POST,*Unspecified,OR,66604,20177003603.0
2660,1500 SW 10th Ave,Topeka,SHAWNEE,PRE-POST,*Unspecified,OR,66604,20177003603.0
2661,1500 SW 10th Ave,Topeka,SHAWNEE,PRE-POST,*Unspecified,OR,66604,20177003603.0
2662,1500 SW 10th Ave,Topeka,SHAWNEE,PRE-POST,*Unspecified,OR,66604,20177003603.0
2663,1500 SW 10th Ave,Topeka,SHAWNEE,PRE-POST,*Unspecified,OR,66604,20177003603.0
2664,1500 SW 10th Ave,Topeka,SHAWNEE,PRE-POST,*Unspecified,OR,66604,20177003603.0
2665,1979 Milky Way,VERONA,*Unspecified,EMH EMERGENCY,Emergency Medicine,ED,53593,55025012700.0
2666,1500 SW 10th Ave,Topeka,SHAWNEE,PRE-POST,*Unspecified,OR,66604,20177003603.0
2667,1500 SW 10th Ave,Topeka,SHAWNEE,PRE-POST,*Unspecified,OR,66604,20177003603.0
2668,1500 SW 10th Ave,Topeka,SHAWNEE,PRE-POST,*Unspecified,OR,66604,20177003603.0
2669,1500 SW 10th Ave,Topeka,SHAWNEE,PRE-POST,*Unspecified,OR,66604,20177003603.0
2670,1500 SW 10th Ave,Topeka,SHAWNEE,PRE-POST,*Unspecified,OR,66604,20177003603.0
2671,1500 SW 10th Ave,Topeka,SHAWNEE,PRE-POST,*Unspecified,OR,66604,20177003603.0
2672,1500 SW 10th Ave,Topeka,SHAWNEE,PRE-POST,*Unspecified,OR,66604,20177003603.0
2673,1500 SW 10th Ave,Topeka,SHAWNEE,PRE-POST,*Unspecified,OR,66604,20177003603.0
2674,1500 SW 10th Ave,Topeka,SHAWNEE,PRE-POST,*Unspecified,OR,66604,20177003603.0
2675,1500 SW 10th Ave,Topeka,SHAWNEE,PRE-POST,*Unspecified,OR,66604,20177003603.0
2676,1979 Milky Way,VERONA,*Unspecified,EMH EMERGENCY,Emergency Medicine,ED,53593,55025012700.0
2677,1500 SW 10th Ave,Topeka,SHAWNEE,PRE-POST,*Unspecified,OR,66604,20177003603.0
2678,1500 SW 10th Ave,Topeka,SHAWNEE,PRE-POST,*Unspecified,OR,66604,20177003603.0
2679,1500 SW 10th Ave,Topeka,SHAWNEE,PRE-POST,*Unspecified,OR,66604,20177003603.0
2680,1500 SW 10th Ave,Topeka,SHAWNEE,PRE-POST,*Unspecified,OR,66604,20177003603.0
2681,1500 SW 10th Ave,Topeka,SHAWNEE,PRE-POST,*Unspecified,OR,66604,20177003603.0
2682,1500 SW 10th Ave,Topeka,SHAWNEE,PRE-POST,*Unspecified,OR,66604,20177003603.0
2683,1500 SW 10th Ave,Topeka,SHAWNEE,PRE-POST,*Unspecified,OR,66604,20177003603.0
2684,1500 SW 10th Ave,Topeka,SHAWNEE,PRE-POST,*Unspecified,OR,66604,20177003603.0
2685,1500 SW 10th Ave,Topeka,SHAWNEE,PRE-POST,*Unspecified,OR,66604,20177003603.0
2686,1500 SW 10th Ave,Topeka,SHAWNEE,PRE-POST,*Unspecified,OR,66604,20177003603.0
2687,1979 Milky Way,VERONA,*Unspecified,EMH EMERGENCY,Emergency Medicine,ED,53593,55025012700.0
2688,1500 SW 10th Ave,Topeka,SHAWNEE,PRE-POST,*Unspecified,OR,66604,20177003603.0
2689,1500 SW 10th Ave,Topeka,SHAWNEE,PRE-POST,*Unspecified,OR,66604,20177003603.0
2690,1500 SW 10th Ave,Topeka,SHAWNEE,PRE-POST,*Unspecified,OR,66604,20177003603.0
2691,1500 SW 10th Ave,Topeka,SHAWNEE,PRE-POST,*Unspecified,OR,66604,20177003603.0
2692,1500 SW 10th Ave,Topeka,SHAWNEE,PRE-POST,*Unspecified,OR,66604,20177003603.0
2693,1500 SW 10th Ave,Topeka,SHAWNEE,PRE-POST,*Unspecified,OR,66604,20177003603.0
2694,1500 SW 10th Ave,Topeka,SHAWNEE,PRE-POST,*Unspecified,OR,66604,20177003603.0
2695,1500 SW 10th Ave,Topeka,SHAWNEE,PRE-POST,*Unspecified,OR,66604,20177003603.0
2696,1500 SW 10th Ave,Topeka,SHAWNEE,PRE-POST,*Unspecified,OR,66604,20177003603.0
2697,1500 SW 10th Ave,Topeka,SHAWNEE,PRE-POST,*Unspecified,OR,66604,20177003603.0
2698,1979 Milky Way,VERONA,*Unspecified,EMH EMERGENCY,Emergency Medicine,ED,53593,55025012700.0
2699,1500 SW 10th Ave,Topeka,SHAWNEE,PRE-POST,*Unspecified,OR,66604,20177003603.0
2700,1500 SW 10th Ave,Topeka,SHAWNEE,PRE-POST,*Unspecified,OR,66604,20177003603.0
2701,1500 SW 10th Ave,Topeka,SHAWNEE,PRE-POST,*Unspecified,OR,66604,20177003603.0
2702,1500 SW 10th Ave,Topeka,SHAWNEE,PRE-POST,*Unspecified,OR,66604,20177003603.0
2703,1500 SW 10th Ave,Topeka,SHAWNEE,PRE-POST,*Unspecified,OR,66604,20177003603.0
2704,1500 SW 10th Ave,Topeka,SHAWNEE,PRE-POST,*Unspecified,OR,66604,20177003603.0
2705,1500 SW 10th Ave,Topeka,SHAWNEE,PRE-POST,*Unspecified,OR,66604,20177003603.0
2706,1500 SW 10th Ave,Topeka,SHAWNEE,PRE-POST,*Unspecified,OR,66604,20177003603.0
2707,1500 SW 10th Ave,Topeka,SHAWNEE,PRE-POST,*Unspecified,OR,66604,20177003603.0
2708,1500 SW 10th Ave,Topeka,SHAWNEE,PRE-POST,*Unspecified,OR,66604,20177003603.0
2709,1979 Milky Way,VERONA,*Unspecified,EMH NURSERY,*Unspecified,,53593,55025012700.0
2710,1500 SW 10th Ave,Topeka,SHAWNEE,PRE-POST,*Unspecified,OR,66604,20177003603.0
2711,1500 SW 10th Ave,Topeka,SHAWNEE,PRE-POST,*Unspecified,OR,66604,20177003603.0
2712,1500 SW 10th Ave,Topeka,SHAWNEE,PRE-POST,*Unspecified,OR,66604,20177003603.0
2713,1500 SW 10th Ave,Topeka,SHAWNEE,PRE-POST,*Unspecified,OR,66604,20177003603.0
2714,1500 SW 10th Ave,Topeka,SHAWNEE,PRE-POST,*Unspecified,OR,66604,20177003603.0
2715,1500 SW 10th Ave,Topeka,SHAWNEE,PRE-POST,*Unspecified,OR,66604,20177003603.0
2716,1500 SW 10th Ave,Topeka,SHAWNEE,PRE-POST,*Unspecified,OR,66604,20177003603.0
2717,1500 SW 10th Ave,Topeka,SHAWNEE,PRE-POST,*Unspecified,OR,66604,20177003603.0
2718,1500 SW 10th Ave,Topeka,SHAWNEE,PRE-POST,*Unspecified,OR,66604,20177003603.0
2719,1500 SW 10th Ave,Topeka,SHAWNEE,PRE-POST,*Unspecified,OR,66604,20177003603.0
2720,1979 Milky Way,VERONA,*Unspecified,EHS URGENT CARE,Urgent Care,ED,53593,55025012700.0
2721,1500 SW 10th Ave,Topeka,SHAWNEE,PRE-POST,*Unspecified,OR,66604,20177003603.0
2722,1500 SW 10th Ave,Topeka,SHAWNEE,PRE-POST,*Unspecified,OR,66604,20177003603.0
2723,1500 SW 10th Ave,Topeka,SHAWNEE,PRE-POST,*Unspecified,OR,66604,20177003603.0
2724,1500 SW 10th Ave,Topeka,SHAWNEE,PRE-POST,*Unspecified,OR,66604,20177003603.0
2725,1500 SW 10th Ave,Topeka,SHAWNEE,PRE-POST,*Unspecified,OR,66604,20177003603.0
2726,1500 SW 10th Ave,Topeka,SHAWNEE,PRE-POST,*Unspecified,OR,66604,20177003603.0
2727,1500 SW 10th Ave,Topeka,SHAWNEE,PRE-POST,*Unspecified,OR,66604,20177003603.0
2728,1500 SW 10th Ave,Topeka,SHAWNEE,PRE-POST,*Unspecified,OR,66604,20177003603.0
2729,1500 SW 10th Ave,Topeka,SHAWNEE,PRE-POST,*Unspecified,OR,66604,20177003603.0
2730,1500 SW 10th Ave,Topeka,SHAWNEE,PRE-POST,*Unspecified,OR,66604,20177003603.0
2731,1979 Milky Way,VERONA,*Unspecified,EHS URGENT CARE,Urgent Care,ED,53593,55025012700.0
2732,1500 SW 10th Ave,Topeka,SHAWNEE,PRE-POST,*Unspecified,OR,66604,20177003603.0
2733,1500 SW 10th Ave,Topeka,SHAWNEE,PRE-POST,*Unspecified,OR,66604,20177003603.0
2734,1500 SW 10th Ave,Topeka,SHAWNEE,PRE-POST,*Unspecified,OR,66604,20177003603.0
2735,1500 SW 10th Ave,Topeka,SHAWNEE,PRE-POST,*Unspecified,OR,66604,20177003603.0
2736,1500 SW 10th Ave,Topeka,SHAWNEE,PRE-POST,*Unspecified,OR,66604,20177003603.0
2737,1500 SW 10th Ave,Topeka,SHAWNEE,PRE-POST,*Unspecified,OR,66604,20177003603.0
2738,1500 SW 10th Ave,Topeka,SHAWNEE,PRE-POST,*Unspecified,OR,66604,20177003603.0
2739,1500 SW 10th Ave,Topeka,SHAWNEE,PRE-POST,*Unspecified,OR,66604,20177003603.0
2740,1500 SW 10th Ave,Topeka,SHAWNEE,PRE-POST,*Unspecified,OR,66604,20177003603.0
2741,1500 SW 10th Ave,Topeka,SHAWNEE,PRE-POST,*Unspecified,OR,66604,20177003603.0
2742,1979 Milky Way,VERONA,*Unspecified,EHS URGENT CARE,Urgent Care,ED,53593,55025012700.0
2743,1500 SW 10th Ave,Topeka,SHAWNEE,PRE-POST,*Unspecified,OR,66604,20177003603.0
2744,1500 SW 10th Ave,Topeka,SHAWNEE,PRE-POST,*Unspecified,OR,66604,20177003603.0
2745,1500 SW 10th Ave,Topeka,SHAWNEE,PRE-POST,*Unspecified,OR,66604,20177003603.0
2746,1500 SW 10th Ave,Topeka,SHAWNEE,PRE-POST,*Unspecified,OR,66604,20177003603.0
2747,1500 SW 10th Ave,Topeka,SHAWNEE,PRE-POST,*Unspecified,OR,66604,20177003603.0
2748,1500 SW 10th Ave,Topeka,SHAWNEE,PRE-POST,*Unspecified,OR,66604,20177003603.0
2749,1500 SW 10th Ave,Topeka,SHAWNEE,PRE-POST,*Unspecified,OR,66604,20177003603.0
2750,1500 SW 10th Ave,Topeka,SHAWNEE,PRE-POST,*Unspecified,OR,66604,20177003603.0
2751,1500 SW 10th Ave,Topeka,SHAWNEE,PRE-POST,*Unspecified,OR,66604,20177003603.0
2752,1500 SW 10th Ave,Topeka,SHAWNEE,PRE-POST,*Unspecified,OR,66604,20177003603.0
2753,1979 Milky Way,VERONA,*Unspecified,EHS URGENT CARE,Urgent Care,ED,53593,55025012700.0
2754,1500 SW 10th Ave,Topeka,SHAWNEE,PRE-POST,*Unspecified,OR,66604,20177003603.0
2755,1615 SW 8th Avenue,Topeka,SHAWNEE,SLEEP CENTER,Sleep Medicine,HOD,66606,20177000500.0
2756,1615 SW 8th Avenue,Topeka,SHAWNEE,SLEEP CENTER,Sleep Medicine,HOD,66606,20177000500.0
2757,1615 SW 8th Avenue,Topeka,SHAWNEE,SLEEP CENTER,Sleep Medicine,HOD,66606,20177000500.0
2758,1615 SW 8th Avenue,Topeka,SHAWNEE,SLEEP CENTER,Sleep Medicine,HOD,66606,20177000500.0
2759,1615 SW 8th Avenue,Topeka,SHAWNEE,SLEEP CENTER,Sleep Medicine,HOD,66606,20177000500.0
2760,1615 SW 8th Avenue,Topeka,SHAWNEE,SLEEP CENTER,Sleep Medicine,HOD,66606,20177000500.0
2761,1500 SW 10th Ave 340B00935100SV,Topeka,SHAWNEE,SR PARTIAL HOSP PROG,*Unspecified,HOD,,
2762,1500 SW 10th Ave 340B00935100SV,Topeka,SHAWNEE,SR PARTIAL HOSP PROG,*Unspecified,HOD,,
2763,1500 SW 10th Ave 340B00935100SV,Topeka,SHAWNEE,SR PARTIAL HOSP PROG,*Unspecified,HOD,,
2764,1979 Milky Way,VERONA,*Unspecified,EHS URGENT CARE,Urgent Care,ED,53593,55025012700.0
2765,1500 SW 10th Ave 340B00935100SV,Topeka,SHAWNEE,SR PARTIAL HOSP PROG,*Unspecified,HOD,,
2766,1500 SW 10th Ave 340B00935100SV,Topeka,SHAWNEE,SR PARTIAL HOSP PROG,*Unspecified,HOD,,
2767,1500 SW 10th Ave 340B00935100SV,Topeka,SHAWNEE,SR PARTIAL HOSP PROG,*Unspecified,HOD,,
2768,1500 SW 10th Ave 340B00935100SV,Topeka,SHAWNEE,SR PARTIAL HOSP PROG,*Unspecified,HOD,,
2769,1500 SW 10th Ave 340B00935100SV,Topeka,SHAWNEE,SR PARTIAL HOSP PROG,*Unspecified,HOD,,
2770,1500 SW 10th Ave 340B00935100SV,Topeka,SHAWNEE,SR PARTIAL HOSP PROG,*Unspecified,HOD,,
2771,1500 SW 10th Ave 340B00935100SV,Topeka,SHAWNEE,SR PARTIAL HOSP PROG,*Unspecified,HOD,,
2772,1500 SW 10th Ave 340B00935100SV,Topeka,SHAWNEE,SR PARTIAL HOSP PROG,*Unspecified,HOD,,
2773,1500 SW 10th Ave 340B00935100SV,Topeka,SHAWNEE,SR PARTIAL HOSP PROG,*Unspecified,HOD,,
2774,1500 SW 10th Ave 340B00935100SV,Topeka,SHAWNEE,SR PARTIAL HOSP PROG,*Unspecified,HOD,,
2775,1979 Milky Way,VERONA,*Unspecified,EMH NURSERY,*Unspecified,,53593,55025012700.0
2776,1500 SW 10th Ave 340B00935100SV,Topeka,SHAWNEE,SR PARTIAL HOSP PROG,*Unspecified,HOD,,
2777,1500 SW 10th Ave 340B00935100SV,Topeka,SHAWNEE,SR PARTIAL HOSP PROG,*Unspecified,HOD,,
2778,1500 SW 10th Ave 340B00935100SV,Topeka,SHAWNEE,SR PARTIAL HOSP PROG,*Unspecified,HOD,,
2779,920 SW Washburn Ave 340B00935100SV,Topeka,SHAWNEE,SLEEP LAB,*Unspecified,HOD,,
2780,920 SW Washburn Ave 340B00935100SV,Topeka,SHAWNEE,SLEEP LAB,*Unspecified,HOD,,
2781,920 SW Washburn Ave 340B00935100SV,Topeka,SHAWNEE,SLEEP LAB,*Unspecified,HOD,,
2782,920 SW Washburn Ave 340B00935100SV,Topeka,SHAWNEE,SLEEP LAB,*Unspecified,HOD,,
2783,920 SW Washburn Ave 340B00935100SV,Topeka,SHAWNEE,SLEEP LAB,*Unspecified,HOD,,
2784,920 SW Washburn Ave 340B00935100SV,Topeka,SHAWNEE,SLEEP LAB,*Unspecified,HOD,,
2785,920 SW Washburn Ave 340B00935100SV,Topeka,SHAWNEE,SLEEP LAB,*Unspecified,HOD,,
2786,1979 Milky Way,VERONA,*Unspecified,EMH NURSERY,*Unspecified,,53593,55025012700.0
2787,920 SW Washburn Ave 340B00935100SV,Topeka,SHAWNEE,SLEEP LAB,*Unspecified,HOD,,
2788,920 SW Washburn Ave 340B00935100SV,Topeka,SHAWNEE,SLEEP LAB,*Unspecified,HOD,,
2789,920 SW Washburn Ave 340B00935100SV,Topeka,SHAWNEE,SLEEP LAB,*Unspecified,HOD,,
2790,920 SW Washburn Ave 340B00935100SV,Topeka,SHAWNEE,SLEEP LAB,*Unspecified,HOD,,
2791,920 SW Washburn Ave 340B00935100SV,Topeka,SHAWNEE,SLEEP LAB,*Unspecified,HOD,,
2792,920 SW Washburn Ave 340B00935100SV,Topeka,SHAWNEE,SLEEP LAB,*Unspecified,HOD,,
2793,920 SW Washburn Ave 340B00935100SV,Topeka,SHAWNEE,SLEEP LAB,*Unspecified,HOD,,
2794,920 SW Washburn Ave 340B00935100SV,Topeka,SHAWNEE,SLEEP LAB,*Unspecified,HOD,,
2795,920 SW Washburn Ave 340B00935100SV,Topeka,SHAWNEE,SLEEP LAB,*Unspecified,HOD,,
2796,920 SW Washburn Ave 340B00935100SV,Topeka,SHAWNEE,SLEEP LAB,*Unspecified,HOD,,
2797,1979 Milky Way,VERONA,*Unspecified,EMH NURSERY,*Unspecified,,53593,55025012700.0
2798,920 SW Washburn Ave 340B00935100SV,Topeka,SHAWNEE,SLEEP LAB,*Unspecified,HOD,,
2799,920 SW Washburn Ave 340B00935100SV,Topeka,SHAWNEE,SLEEP LAB,*Unspecified,HOD,,
2800,920 SW Washburn Ave 340B00935100SV,Topeka,SHAWNEE,SLEEP LAB,*Unspecified,HOD,,
2801,1500 SW 10th Ave,Topeka,SHAWNEE,ULTRASOUND,Radiology,HOD,66604,20177003603.0
2802,1500 SW 10th Ave,Topeka,SHAWNEE,ULTRASOUND,Radiology,HOD,66604,20177003603.0
2803,1500 SW 10th Ave,Topeka,SHAWNEE,ULTRASOUND,Radiology,HOD,66604,20177003603.0
2804,1500 SW 10th Ave,Topeka,SHAWNEE,ULTRASOUND,Radiology,HOD,66604,20177003603.0
2805,1500 SW 10th Ave,Topeka,SHAWNEE,ULTRASOUND,Radiology,HOD,66604,20177003603.0
2806,1500 SW 10th Ave,Topeka,SHAWNEE,ULTRASOUND,Radiology,HOD,66604,20177003603.0
2807,1500 SW 10th Ave,Topeka,SHAWNEE,ULTRASOUND,Radiology,HOD,66604,20177003603.0
2808,1979 Milky Way,VERONA,*Unspecified,EMH NURSERY,*Unspecified,,53593,55025012700.0
2809,1500 SW 10th Ave,Topeka,SHAWNEE,ULTRASOUND,Radiology,HOD,66604,20177003603.0
2810,1500 SW 10th Ave,Topeka,SHAWNEE,ULTRASOUND,Radiology,HOD,66604,20177003603.0
2811,1500 SW 10th Ave,Topeka,SHAWNEE,ULTRASOUND,Radiology,HOD,66604,20177003603.0
2812,1500 SW 10th Ave,Topeka,SHAWNEE,ULTRASOUND,Radiology,HOD,66604,20177003603.0
2813,1500 SW 10th Ave,Topeka,SHAWNEE,ULTRASOUND,Radiology,HOD,66604,20177003603.0
2814,1500 SW 10th Ave,Topeka,SHAWNEE,ULTRASOUND,Radiology,HOD,66604,20177003603.0
2815,1500 SW 10th Ave,Topeka,SHAWNEE,ULTRASOUND,Radiology,HOD,66604,20177003603.0
2816,1500 SW 10th Ave,Topeka,SHAWNEE,ULTRASOUND,Radiology,HOD,66604,20177003603.0
2817,1500 SW 10th Ave,Topeka,SHAWNEE,ULTRASOUND,Radiology,HOD,66604,20177003603.0
2818,1500 SW 10th Ave,Topeka,SHAWNEE,ULTRASOUND,Radiology,HOD,66604,20177003603.0
2819,1979 Milky Way,VERONA,*Unspecified,EMH NURSERY,*Unspecified,,53593,55025012700.0
2820,1500 SW 10th Ave,Topeka,SHAWNEE,ULTRASOUND,Radiology,HOD,66604,20177003603.0
2821,1500 SW 10th Ave,Topeka,SHAWNEE,ULTRASOUND,Radiology,HOD,66604,20177003603.0
2822,1500 SW 10th Ave,Topeka,SHAWNEE,ULTRASOUND,Radiology,HOD,66604,20177003603.0
2823,1500 SW 10th Street,Topeka,SHAWNEE,WOUND CARE CENTER,Wound Care,,66604,20177003603.0
2824,1500 SW 10th Street,Topeka,SHAWNEE,WOUND CARE CENTER,Wound Care,,66604,20177003603.0
2825,1500 SW 10th Street,Topeka,SHAWNEE,WOUND CARE CENTER,Wound Care,,66604,20177003603.0
2826,1500 SW 10th Street,Topeka,SHAWNEE,WOUND CARE CENTER,Wound Care,,66604,20177003603.0
2827,1500 SW 10th Street,Topeka,SHAWNEE,WOUND CARE CENTER,Wound Care,,66604,20177003603.0
2828,1500 SW 10th Street,Topeka,SHAWNEE,WOUND CARE CENTER,Wound Care,,66604,20177003603.0
2829,1500 SW 10th Street,Topeka,SHAWNEE,WOUND CARE CENTER,Wound Care,,66604,20177003603.0
2830,1979 Milky Way,VERONA,*Unspecified,EMH NURSERY,*Unspecified,,53593,55025012700.0
2831,1500 SW 10th Street,Topeka,SHAWNEE,WOUND CARE CENTER,Wound Care,,66604,20177003603.0
2832,1500 SW 10th Street,Topeka,SHAWNEE,WOUND CARE CENTER,Wound Care,,66604,20177003603.0
2833,1500 SW 10th Street,Topeka,SHAWNEE,WOUND CARE CENTER,Wound Care,,66604,20177003603.0
2834,1500 SW 10th Street,Topeka,SHAWNEE,WOUND CARE CENTER,Wound Care,,66604,20177003603.0
2835,1500 SW 10th Street,Topeka,SHAWNEE,WOUND CARE CENTER,Wound Care,,66604,20177003603.0
2836,1500 SW 10th Street,Topeka,SHAWNEE,WOUND CARE CENTER,Wound Care,,66604,20177003603.0
2837,1500 SW 10th Street,Topeka,SHAWNEE,WOUND CARE CENTER,Wound Care,,66604,20177003603.0
2838,1500 SW 10th Street,Topeka,SHAWNEE,WOUND CARE CENTER,Wound Care,,66604,20177003603.0
2839,1500 SW 10th Street,Topeka,SHAWNEE,WOUND CARE CENTER,Wound Care,,66604,20177003603.0
2840,1500 SW 10th Street,Topeka,SHAWNEE,WOUND CARE CENTER,Wound Care,,66604,20177003603.0
2841,1979 Milky Way,VERONA,*Unspecified,EMH EMERGENCY,Emergency Medicine,ED,53593,55025012700.0
2842,1500 SW 10th Street,Topeka,SHAWNEE,WOUND CARE CENTER,Wound Care,,66604,20177003603.0
2843,1500 SW 10th Street,Topeka,SHAWNEE,WOUND CARE CENTER,Wound Care,,66604,20177003603.0
2844,1500 SW 10th Street,Topeka,SHAWNEE,WOUND CARE CENTER,Wound Care,,66604,20177003603.0
2845,1500 SW 10th Ave,Topeka,SHAWNEE,SURGERY,*Unspecified,OR,66606,20177000500.0
2846,1500 SW 10th Ave,Topeka,SHAWNEE,SURGERY,*Unspecified,OR,66606,20177000500.0
2847,1500 SW 10th Ave,Topeka,SHAWNEE,SURGERY,*Unspecified,OR,66606,20177000500.0
2848,1500 SW 10th Ave,Topeka,SHAWNEE,SURGERY,*Unspecified,OR,66606,20177000500.0
2849,1500 SW 10th Ave,Topeka,SHAWNEE,SURGERY,*Unspecified,OR,66606,20177000500.0
2850,1500 SW 10th Ave,Topeka,SHAWNEE,SURGERY,*Unspecified,OR,66606,20177000500.0
2851,1500 SW 10th Ave,Topeka,SHAWNEE,SURGERY,*Unspecified,OR,66606,20177000500.0
2852,1979 Milky Way,VERONA,*Unspecified,EMH EMERGENCY,Emergency Medicine,ED,53593,55025012700.0
2853,1500 SW 10th Ave,Topeka,SHAWNEE,SURGERY,*Unspecified,OR,66606,20177000500.0
2854,1500 SW 10th Ave,Topeka,SHAWNEE,SURGERY,*Unspecified,OR,66606,20177000500.0
2855,1500 SW 10th Ave,Topeka,SHAWNEE,SURGERY,*Unspecified,OR,66606,20177000500.0
2856,1500 SW 10th Ave,Topeka,SHAWNEE,SURGERY,*Unspecified,OR,66606,20177000500.0
2857,1500 SW 10th Ave,Topeka,SHAWNEE,SURGERY,*Unspecified,OR,66606,20177000500.0
2858,1500 SW 10th Ave,Topeka,SHAWNEE,SURGERY,*Unspecified,OR,66606,20177000500.0
2859,1500 SW 10th Ave,Topeka,SHAWNEE,SURGERY,*Unspecified,OR,66606,20177000500.0
2860,1500 SW 10th Ave,Topeka,SHAWNEE,SURGERY,*Unspecified,OR,66606,20177000500.0
2861,1500 SW 10th Ave,Topeka,SHAWNEE,SURGERY,*Unspecified,OR,66606,20177000500.0
2862,1500 SW 10th Ave,Topeka,SHAWNEE,SURGERY,*Unspecified,OR,66606,20177000500.0
2863,1979 Milky Way,VERONA,*Unspecified,EMH NURSERY,*Unspecified,,53593,55025012700.0
2864,1500 SW 10th Ave,Topeka,SHAWNEE,SURGERY,*Unspecified,OR,66606,20177000500.0
2865,1500 SW 10th Ave,Topeka,SHAWNEE,SURGERY,*Unspecified,OR,66606,20177000500.0
2866,1500 SW 10th Ave,Topeka,SHAWNEE,SURGERY,*Unspecified,OR,66606,20177000500.0
2867,,Topeka,SHAWNEE,OPL CRIT CARE-2 SOUTH,*Unspecified,HOD,,
2868,,Topeka,SHAWNEE,OPL CRIT CARE-2 SOUTH,*Unspecified,HOD,,
2869,,Topeka,SHAWNEE,OPL CRIT CARE-2 SOUTH,*Unspecified,HOD,,
2870,,Topeka,SHAWNEE,OPL CRIT CARE-2 SOUTH,*Unspecified,HOD,,
2871,,Topeka,SHAWNEE,OPL CRIT CARE-2 SOUTH,*Unspecified,HOD,,
2872,,Topeka,SHAWNEE,OPL CRIT CARE-2 SOUTH,*Unspecified,HOD,,
2873,,Topeka,SHAWNEE,OPL CRIT CARE-2 SOUTH,*Unspecified,HOD,,
2874,1979 Milky Way,VERONA,*Unspecified,EMH NURSERY,*Unspecified,,53593,55025012700.0
2875,,Topeka,SHAWNEE,OPL CRIT CARE-2 SOUTH,*Unspecified,HOD,,
2876,,Topeka,SHAWNEE,OPL CRIT CARE-2 SOUTH,*Unspecified,HOD,,
2877,,Topeka,SHAWNEE,OPL CRIT CARE-2 SOUTH,*Unspecified,HOD,,
2878,,Topeka,SHAWNEE,OPL CRIT CARE-2 SOUTH,*Unspecified,HOD,,
2879,,Topeka,SHAWNEE,OPL CRIT CARE-2 SOUTH,*Unspecified,HOD,,
2880,,Topeka,SHAWNEE,OPL CRIT CARE-2 SOUTH,*Unspecified,HOD,,
2881,,Topeka,SHAWNEE,OPL CRIT CARE-2 SOUTH,*Unspecified,HOD,,
2882,,Topeka,SHAWNEE,OPL CRIT CARE-2 SOUTH,*Unspecified,HOD,,
2883,,Topeka,SHAWNEE,OPL CRIT CARE-2 SOUTH,*Unspecified,HOD,,
2884,,Topeka,SHAWNEE,OPL CRIT CARE-2 SOUTH,*Unspecified,HOD,,
2885,1979 Milky Way,VERONA,*Unspecified,EMH NURSERY,*Unspecified,,53593,55025012700.0
2886,,Topeka,SHAWNEE,OPL CRIT CARE-2 SOUTH,*Unspecified,HOD,,
2887,,Topeka,SHAWNEE,OPL CRIT CARE-2 SOUTH,*Unspecified,HOD,,
2888,,Topeka,SHAWNEE,OPL CRIT CARE-2 SOUTH,*Unspecified,HOD,,
2889,,Topeka,SHAWNEE,OPL JOINT CENTER-3EAST,*Unspecified,HOD,,
2890,,Topeka,SHAWNEE,OPL JOINT CENTER-3EAST,*Unspecified,HOD,,
2891,,Topeka,SHAWNEE,OPL JOINT CENTER-3EAST,*Unspecified,HOD,,
2892,,Topeka,SHAWNEE,OPL JOINT CENTER-3EAST,*Unspecified,HOD,,
2893,,Topeka,SHAWNEE,OPL JOINT CENTER-3EAST,*Unspecified,HOD,,
2894,,Topeka,SHAWNEE,OPL JOINT CENTER-3EAST,*Unspecified,HOD,,
2895,,Topeka,SHAWNEE,OPL JOINT CENTER-3EAST,*Unspecified,HOD,,
2896,1979 Milky Way,VERONA,*Unspecified,EMH NURSERY,*Unspecified,,53593,55025012700.0
2897,,Topeka,SHAWNEE,OPL JOINT CENTER-3EAST,*Unspecified,HOD,,
2898,,Topeka,SHAWNEE,OPL JOINT CENTER-3EAST,*Unspecified,HOD,,
2899,,Topeka,SHAWNEE,OPL JOINT CENTER-3EAST,*Unspecified,HOD,,
2900,,Topeka,SHAWNEE,OPL JOINT CENTER-3EAST,*Unspecified,HOD,,
2901,,Topeka,SHAWNEE,OPL JOINT CENTER-3EAST,*Unspecified,HOD,,
2902,,Topeka,SHAWNEE,OPL JOINT CENTER-3EAST,*Unspecified,HOD,,
2903,,Topeka,SHAWNEE,OPL JOINT CENTER-3EAST,*Unspecified,HOD,,
2904,,Topeka,SHAWNEE,OPL JOINT CENTER-3EAST,*Unspecified,HOD,,
2905,,Topeka,SHAWNEE,OPL JOINT CENTER-3EAST,*Unspecified,HOD,,
2906,,Topeka,SHAWNEE,OPL JOINT CENTER-3EAST,*Unspecified,HOD,,
2907,1979 Milky Way,VERONA,*Unspecified,EMH NURSERY,*Unspecified,,53593,55025012700.0
2908,,Topeka,SHAWNEE,OPL JOINT CENTER-3EAST,*Unspecified,HOD,,
2909,,Topeka,SHAWNEE,OPL JOINT CENTER-3EAST,*Unspecified,HOD,,
2910,,Topeka,SHAWNEE,OPL JOINT CENTER-3EAST,*Unspecified,HOD,,
2911,,Topeka,SHAWNEE,OPL 5 EAST (PEDS),*Unspecified,HOD,,
2912,,Topeka,SHAWNEE,OPL 5 EAST (PEDS),*Unspecified,HOD,,
2913,,Topeka,SHAWNEE,OPL 5 EAST (PEDS),*Unspecified,HOD,,
2914,,Topeka,SHAWNEE,OPL 5 EAST (PEDS),*Unspecified,HOD,,
2915,,Topeka,SHAWNEE,OPL 5 EAST (PEDS),*Unspecified,HOD,,
2916,,Topeka,SHAWNEE,OPL 5 EAST (PEDS),*Unspecified,HOD,,
2917,,Topeka,SHAWNEE,OPL 5 EAST (PEDS),*Unspecified,HOD,,
2918,1979 Milky Way,VERONA,*Unspecified,EMH NURSERY,*Unspecified,,53593,55025012700.0
2919,,Topeka,SHAWNEE,OPL 5 EAST (PEDS),*Unspecified,HOD,,
2920,,Topeka,SHAWNEE,OPL 5 EAST (PEDS),*Unspecified,HOD,,
2921,,Topeka,SHAWNEE,OPL 5 EAST (PEDS),*Unspecified,HOD,,
2922,,Topeka,SHAWNEE,OPL 5 EAST (PEDS),*Unspecified,HOD,,
2923,,Topeka,SHAWNEE,OPL 5 EAST (PEDS),*Unspecified,HOD,,
2924,,Topeka,SHAWNEE,OPL 5 EAST (PEDS),*Unspecified,HOD,,
2925,,Topeka,SHAWNEE,OPL 5 EAST (PEDS),*Unspecified,HOD,,
2926,,Topeka,SHAWNEE,OPL 5 EAST (PEDS),*Unspecified,HOD,,
2927,,Topeka,SHAWNEE,OPL 5 EAST (PEDS),*Unspecified,HOD,,
2928,,Topeka,SHAWNEE,OPL 5 EAST (PEDS),*Unspecified,HOD,,
2929,1979 Milky Way,VERONA,*Unspecified,EMH NURSERY,*Unspecified,,53593,55025012700.0
2930,,Topeka,SHAWNEE,OPL 5 EAST (PEDS),*Unspecified,HOD,,
2931,,Topeka,SHAWNEE,OPL 5 EAST (PEDS),*Unspecified,HOD,,
2932,,Topeka,SHAWNEE,OPL 5 EAST (PEDS),*Unspecified,HOD,,
2933,,Topeka,SHAWNEE,OPL 5 NORTH,*Unspecified,HOD,,
2934,,Topeka,SHAWNEE,OPL 5 NORTH,*Unspecified,HOD,,
2935,,Topeka,SHAWNEE,OPL 5 NORTH,*Unspecified,HOD,,
2936,,Topeka,SHAWNEE,OPL 5 NORTH,*Unspecified,HOD,,
2937,,Topeka,SHAWNEE,OPL 5 NORTH,*Unspecified,HOD,,
2938,,Topeka,SHAWNEE,OPL 5 NORTH,*Unspecified,HOD,,
2939,,Topeka,SHAWNEE,OPL 5 NORTH,*Unspecified,HOD,,
2940,1979 Milky Way,VERONA,*Unspecified,EMH NURSERY,*Unspecified,,53593,55025012700.0
2941,,Topeka,SHAWNEE,OPL 5 NORTH,*Unspecified,HOD,,
2942,,Topeka,SHAWNEE,OPL 5 NORTH,*Unspecified,HOD,,
2943,,Topeka,SHAWNEE,OPL 5 NORTH,*Unspecified,HOD,,
2944,,Topeka,SHAWNEE,OPL 5 NORTH,*Unspecified,HOD,,
2945,,Topeka,SHAWNEE,OPL 5 NORTH,*Unspecified,HOD,,
2946,,Topeka,SHAWNEE,OPL 5 NORTH,*Unspecified,HOD,,
2947,,Topeka,SHAWNEE,OPL 5 NORTH,*Unspecified,HOD,,
2948,,Topeka,SHAWNEE,OPL 5 NORTH,*Unspecified,HOD,,
2949,,Topeka,SHAWNEE,OPL 5 NORTH,*Unspecified,HOD,,
2950,,Topeka,SHAWNEE,OPL 5 NORTH,*Unspecified,HOD,,
2951,1979 Milky Way,VERONA,*Unspecified,EMH NURSERY,*Unspecified,,53593,55025012700.0
2952,,Topeka,SHAWNEE,OPL 5 NORTH,*Unspecified,HOD,,
2953,,Topeka,SHAWNEE,OPL 5 NORTH,*Unspecified,HOD,,
2954,,Topeka,SHAWNEE,OPL 5 NORTH,*Unspecified,HOD,,
2955,,Topeka,SHAWNEE,OPL 6 NORTH,*Unspecified,HOD,,
2956,,Topeka,SHAWNEE,OPL 6 NORTH,*Unspecified,HOD,,
2957,,Topeka,SHAWNEE,OPL 6 NORTH,*Unspecified,HOD,,
2958,,Topeka,SHAWNEE,OPL 6 NORTH,*Unspecified,HOD,,
2959,,Topeka,SHAWNEE,OPL 6 NORTH,*Unspecified,HOD,,
2960,,Topeka,SHAWNEE,OPL 6 NORTH,*Unspecified,HOD,,
2961,,Topeka,SHAWNEE,OPL 6 NORTH,*Unspecified,HOD,,
2962,1979 Milky Way,VERONA,*Unspecified,EMH NURSERY,*Unspecified,,53593,55025012700.0
2963,,Topeka,SHAWNEE,OPL 6 NORTH,*Unspecified,HOD,,
2964,,Topeka,SHAWNEE,OPL 6 NORTH,*Unspecified,HOD,,
2965,,Topeka,SHAWNEE,OPL 6 NORTH,*Unspecified,HOD,,
2966,,Topeka,SHAWNEE,OPL 6 NORTH,*Unspecified,HOD,,
2967,,Topeka,SHAWNEE,OPL 6 NORTH,*Unspecified,HOD,,
2968,,Topeka,SHAWNEE,OPL 6 NORTH,*Unspecified,HOD,,
2969,,Topeka,SHAWNEE,OPL 6 NORTH,*Unspecified,HOD,,
2970,,Topeka,SHAWNEE,OPL 6 NORTH,*Unspecified,HOD,,
2971,,Topeka,SHAWNEE,OPL 6 NORTH,*Unspecified,HOD,,
2972,,Topeka,SHAWNEE,OPL 6 NORTH,*Unspecified,HOD,,
2973,1979 Milky Way,VERONA,*Unspecified,EMH NURSERY,*Unspecified,,53593,55025012700.0
2974,,Topeka,SHAWNEE,OPL 6 NORTH,*Unspecified,HOD,,
2975,,Topeka,SHAWNEE,OPL 6 NORTH,*Unspecified,HOD,,
2976,,Topeka,SHAWNEE,OPL 6 NORTH,*Unspecified,HOD,,
2977,,Topeka,SHAWNEE,OPL GERO-PSYCH-6WEST,*Unspecified,HOD,,
2978,,Topeka,SHAWNEE,OPL GERO-PSYCH-6WEST,*Unspecified,HOD,,
2979,,Topeka,SHAWNEE,OPL GERO-PSYCH-6WEST,*Unspecified,HOD,,
2980,,Topeka,SHAWNEE,OPL GERO-PSYCH-6WEST,*Unspecified,HOD,,
2981,,Topeka,SHAWNEE,OPL GERO-PSYCH-6WEST,*Unspecified,HOD,,
2982,,Topeka,SHAWNEE,OPL GERO-PSYCH-6WEST,*Unspecified,HOD,,
2983,,Topeka,SHAWNEE,OPL GERO-PSYCH-6WEST,*Unspecified,HOD,,
2984,1979 Milky Way,VERONA,*Unspecified,EMH NURSERY,*Unspecified,,53593,55025012700.0
2985,,Topeka,SHAWNEE,OPL GERO-PSYCH-6WEST,*Unspecified,HOD,,
2986,,Topeka,SHAWNEE,OPL GERO-PSYCH-6WEST,*Unspecified,HOD,,
2987,,Topeka,SHAWNEE,OPL GERO-PSYCH-6WEST,*Unspecified,HOD,,
2988,,Topeka,SHAWNEE,OPL GERO-PSYCH-6WEST,*Unspecified,HOD,,
2989,,Topeka,SHAWNEE,OPL GERO-PSYCH-6WEST,*Unspecified,HOD,,
2990,,Topeka,SHAWNEE,OPL GERO-PSYCH-6WEST,*Unspecified,HOD,,
2991,,Topeka,SHAWNEE,OPL GERO-PSYCH-6WEST,*Unspecified,HOD,,
2992,,Topeka,SHAWNEE,OPL GERO-PSYCH-6WEST,*Unspecified,HOD,,
2993,,Topeka,SHAWNEE,OPL GERO-PSYCH-6WEST,*Unspecified,HOD,,
2994,,Topeka,SHAWNEE,OPL GERO-PSYCH-6WEST,*Unspecified,HOD,,
2995,1979 Milky Way,VERONA,*Unspecified,EMH NURSERY,*Unspecified,,53593,55025012700.0
2996,,Topeka,SHAWNEE,OPL GERO-PSYCH-6WEST,*Unspecified,HOD,,
2997,,Topeka,SHAWNEE,OPL GERO-PSYCH-6WEST,*Unspecified,HOD,,
2998,,Topeka,SHAWNEE,OPL GERO-PSYCH-6WEST,*Unspecified,HOD,,
2999,,Topeka,SHAWNEE,OPL POST-SURG-7 WEST,*Unspecified,HOD,,
3000,,Topeka,SHAWNEE,OPL POST-SURG-7 WEST,*Unspecified,HOD,,
3001,,Topeka,SHAWNEE,OPL POST-SURG-7 WEST,*Unspecified,HOD,,
3002,,Topeka,SHAWNEE,OPL POST-SURG-7 WEST,*Unspecified,HOD,,
3003,,Topeka,SHAWNEE,OPL POST-SURG-7 WEST,*Unspecified,HOD,,
3004,,Topeka,SHAWNEE,OPL POST-SURG-7 WEST,*Unspecified,HOD,,
3005,,Topeka,SHAWNEE,OPL POST-SURG-7 WEST,*Unspecified,HOD,,
3006,1979 Milky Way,VERONA,*Unspecified,EMH NURSERY,*Unspecified,,53593,55025012700.0
3007,,Topeka,SHAWNEE,OPL POST-SURG-7 WEST,*Unspecified,HOD,,
3008,,Topeka,SHAWNEE,OPL POST-SURG-7 WEST,*Unspecified,HOD,,
3009,,Topeka,SHAWNEE,OPL POST-SURG-7 WEST,*Unspecified,HOD,,
3010,,Topeka,SHAWNEE,OPL POST-SURG-7 WEST,*Unspecified,HOD,,
3011,,Topeka,SHAWNEE,OPL POST-SURG-7 WEST,*Unspecified,HOD,,
3012,,Topeka,SHAWNEE,OPL POST-SURG-7 WEST,*Unspecified,HOD,,
3013,,Topeka,SHAWNEE,OPL POST-SURG-7 WEST,*Unspecified,HOD,,
3014,,Topeka,SHAWNEE,OPL POST-SURG-7 WEST,*Unspecified,HOD,,
3015,,Topeka,SHAWNEE,OPL POST-SURG-7 WEST,*Unspecified,HOD,,
3016,,Topeka,SHAWNEE,OPL POST-SURG-7 WEST,*Unspecified,HOD,,
3017,1979 Milky Way,VERONA,*Unspecified,EMH NURSERY,*Unspecified,,53593,55025012700.0
3018,,Topeka,SHAWNEE,OPL POST-SURG-7 WEST,*Unspecified,HOD,,
3019,,Topeka,SHAWNEE,OPL POST-SURG-7 WEST,*Unspecified,HOD,,
3020,,Topeka,SHAWNEE,OPL POST-SURG-7 WEST,*Unspecified,HOD,,
3021,,Topeka,SHAWNEE,OPL 7 NORTH,*Unspecified,HOD,,
3022,,Topeka,SHAWNEE,OPL 7 NORTH,*Unspecified,HOD,,
3023,,Topeka,SHAWNEE,OPL 7 NORTH,*Unspecified,HOD,,
3024,,Topeka,SHAWNEE,OPL 7 NORTH,*Unspecified,HOD,,
3025,,Topeka,SHAWNEE,OPL 7 NORTH,*Unspecified,HOD,,
3026,,Topeka,SHAWNEE,OPL 7 NORTH,*Unspecified,HOD,,
3027,,Topeka,SHAWNEE,OPL 7 NORTH,*Unspecified,HOD,,
3028,1979 Milky Way,VERONA,*Unspecified,EMH NURSERY,*Unspecified,,53593,55025012700.0
3029,,Topeka,SHAWNEE,OPL 7 NORTH,*Unspecified,HOD,,
3030,,Topeka,SHAWNEE,OPL 7 NORTH,*Unspecified,HOD,,
3031,,Topeka,SHAWNEE,OPL 7 NORTH,*Unspecified,HOD,,
3032,,Topeka,SHAWNEE,OPL 7 NORTH,*Unspecified,HOD,,
3033,,Topeka,SHAWNEE,OPL 7 NORTH,*Unspecified,HOD,,
3034,,Topeka,SHAWNEE,OPL 7 NORTH,*Unspecified,HOD,,
3035,,Topeka,SHAWNEE,OPL 7 NORTH,*Unspecified,HOD,,
3036,,Topeka,SHAWNEE,OPL 7 NORTH,*Unspecified,HOD,,
3037,,Topeka,SHAWNEE,OPL 7 NORTH,*Unspecified,HOD,,
3038,,Topeka,SHAWNEE,OPL 7 NORTH,*Unspecified,HOD,,
3039,1979 Milky Way,VERONA,*Unspecified,EMH NURSERY,*Unspecified,,53593,55025012700.0
3040,,Topeka,SHAWNEE,OPL 7 NORTH,*Unspecified,HOD,,
3041,,Topeka,SHAWNEE,OPL 7 NORTH,*Unspecified,HOD,,
3042,,Topeka,SHAWNEE,OPL 7 NORTH,*Unspecified,HOD,,
3043,,Topeka,SHAWNEE,OPL 7 NORTH,*Unspecified,HOD,,
3044,,Topeka,SHAWNEE,OPL 7 NORTH,*Unspecified,HOD,,
3045,,Topeka,SHAWNEE,OPL 7 NORTH,*Unspecified,HOD,,
3046,,Topeka,SHAWNEE,OPL 7 NORTH,*Unspecified,HOD,,
3047,,Topeka,SHAWNEE,OPL BIRTHPLACE,*Unspecified,L&D,,
3048,,Topeka,SHAWNEE,OPL 7 NORTH,*Unspecified,HOD,,
3049,,Topeka,SHAWNEE,OPL BIRTHPLACE,*Unspecified,L&D,,
3050,1979 Milky Way,VERONA,*Unspecified,EMH NURSERY,*Unspecified,,53593,55025012700.0
3051,,Topeka,SHAWNEE,OPL 7 NORTH,*Unspecified,HOD,,
3052,,Topeka,SHAWNEE,OPL BIRTHPLACE,*Unspecified,L&D,,
3053,,Topeka,SHAWNEE,OPL 7 NORTH,*Unspecified,HOD,,
3054,,Topeka,SHAWNEE,OPL BIRTHPLACE,*Unspecified,L&D,,
3055,,Topeka,SHAWNEE,OPL 7 NORTH,*Unspecified,HOD,,
3056,,Topeka,SHAWNEE,OPL BIRTHPLACE,*Unspecified,L&D,,
3057,,Topeka,SHAWNEE,OPL 7 NORTH,*Unspecified,HOD,,
3058,,Topeka,SHAWNEE,OPL BIRTHPLACE,*Unspecified,L&D,,
3059,,Topeka,SHAWNEE,OPL 7 NORTH,*Unspecified,HOD,,
3060,,Topeka,SHAWNEE,OPL BIRTHPLACE,*Unspecified,L&D,,
3061,1979 Milky Way,VERONA,*Unspecified,EMH NURSERY,*Unspecified,,53593,55025012700.0
3062,,Topeka,SHAWNEE,OPL 7 NORTH,*Unspecified,HOD,,
3063,,Topeka,SHAWNEE,OPL BIRTHPLACE,*Unspecified,L&D,,
3064,,Topeka,SHAWNEE,OPL 7 NORTH,*Unspecified,HOD,,
3065,,Topeka,SHAWNEE,OPL BIRTHPLACE,*Unspecified,L&D,,
3066,,Topeka,SHAWNEE,OPL 7 NORTH,*Unspecified,HOD,,
3067,,Topeka,SHAWNEE,OPL 7 NORTH,*Unspecified,HOD,,
3068,,Topeka,SHAWNEE,OPL BIRTHPLACE,*Unspecified,L&D,,
3069,,Topeka,SHAWNEE,OPL BIRTHPLACE,*Unspecified,L&D,,
3070,,Topeka,SHAWNEE,OPL 7 NORTH,*Unspecified,HOD,,
3071,,Topeka,SHAWNEE,OPL BIRTHPLACE,*Unspecified,L&D,,
3072,1979 Milky Way,VERONA,*Unspecified,EMH NURSERY,*Unspecified,,53593,55025012700.0
3073,,Topeka,SHAWNEE,OPL 7 NORTH,*Unspecified,HOD,,
3074,,Topeka,SHAWNEE,OPL BIRTHPLACE,*Unspecified,L&D,,
3075,,Topeka,SHAWNEE,OPL 7 NORTH,*Unspecified,HOD,,
3076,,Topeka,SHAWNEE,OPL BIRTHPLACE,*Unspecified,L&D,,
3077,,Topeka,SHAWNEE,OPL 7 NORTH,*Unspecified,HOD,,
3078,,Topeka,SHAWNEE,OPL BIRTHPLACE,*Unspecified,L&D,,
3079,,Topeka,SHAWNEE,OPL 7 NORTH,*Unspecified,HOD,,
3080,,Topeka,SHAWNEE,OPL BIRTHPLACE,*Unspecified,L&D,,
3081,,Topeka,SHAWNEE,OPL 7 NORTH,*Unspecified,HOD,,
3082,,Topeka,SHAWNEE,OPL BIRTHPLACE,*Unspecified,L&D,,
3083,1979 Milky Way,VERONA,*Unspecified,EMH PERIOP SERVICES,*Unspecified,OR,53593,55025012700.0
3084,,Topeka,SHAWNEE,OPL BIRTHPLACE,*Unspecified,L&D,,
3085,,Topeka,SHAWNEE,OPL BIRTHPLACE,*Unspecified,L&D,,
3086,,Topeka,SHAWNEE,OPL BIRTHPLACE,*Unspecified,L&D,,
3087,,Topeka,SHAWNEE,OPL BIRTHPLACE,*Unspecified,L&D,,
3088,,Topeka,SHAWNEE,OPL BIRTHPLACE,*Unspecified,L&D,,
3089,,Topeka,SHAWNEE,OPL BIRTHPLACE,*Unspecified,L&D,,
3090,,Topeka,SHAWNEE,OPL BIRTHPLACE,*Unspecified,L&D,,
3091,,Topeka,SHAWNEE,OPL BIRTHPLACE,*Unspecified,L&D,,
3092,,Topeka,SHAWNEE,OPL CVOPC,*Unspecified,HOD,,
3093,,Topeka,SHAWNEE,OPL BIRTHPLACE,*Unspecified,L&D,,
3094,1979 Milky Way,VERONA,*Unspecified,EMH PERIOP SERVICES,*Unspecified,OR,53593,55025012700.0
3095,,Topeka,SHAWNEE,OPL CVOPC,*Unspecified,HOD,,
3096,,Topeka,SHAWNEE,OPL BIRTHPLACE,*Unspecified,L&D,,
3097,,Topeka,SHAWNEE,OPL CVOPC,*Unspecified,HOD,,
3098,,Topeka,SHAWNEE,OPL BIRTHPLACE,*Unspecified,L&D,,
3099,,Topeka,SHAWNEE,OPL CVOPC,*Unspecified,HOD,,
3100,,Topeka,SHAWNEE,OPL BIRTHPLACE,*Unspecified,L&D,,
3101,,Topeka,SHAWNEE,OPL CVOPC,*Unspecified,HOD,,
3102,,Topeka,SHAWNEE,OPL BIRTHPLACE,*Unspecified,L&D,,
3103,,Topeka,SHAWNEE,OPL CVOPC,*Unspecified,HOD,,
3104,,Topeka,SHAWNEE,OPL BIRTHPLACE,*Unspecified,L&D,,
3105,1979 Milky Way,VERONA,*Unspecified,EMH PERIOP SERVICES,*Unspecified,OR,53593,55025012700.0
3106,,Topeka,SHAWNEE,OPL CVOPC,*Unspecified,HOD,,
3107,,Topeka,SHAWNEE,OPL BIRTHPLACE,*Unspecified,L&D,,
3108,,Topeka,SHAWNEE,OPL CVOPC,*Unspecified,HOD,,
3109,,Topeka,SHAWNEE,OPL BIRTHPLACE,*Unspecified,L&D,,
3110,,Topeka,SHAWNEE,OPL CVOPC,*Unspecified,HOD,,
3111,,Topeka,SHAWNEE,OPL BIRTHPLACE,*Unspecified,L&D,,
3112,,Topeka,SHAWNEE,OPL CVOPC,*Unspecified,HOD,,
3113,,Topeka,SHAWNEE,OPL CVOPC,*Unspecified,HOD,,
3114,,Topeka,SHAWNEE,OPL BIRTHPLACE,*Unspecified,L&D,,
3115,,Topeka,SHAWNEE,OPL CVOPC,*Unspecified,HOD,,
3116,1979 Milky Way,VERONA,*Unspecified,EMH PERIOP SERVICES,*Unspecified,OR,53593,55025012700.0
3117,,Topeka,SHAWNEE,OPL BIRTHPLACE,*Unspecified,L&D,,
3118,,Topeka,SHAWNEE,OPL BIRTHPLACE,*Unspecified,L&D,,
3119,,Topeka,SHAWNEE,OPL CVOPC,*Unspecified,HOD,,
3120,,Topeka,SHAWNEE,OPL CVOPC,*Unspecified,HOD,,
3121,,Topeka,SHAWNEE,OPL BIRTHPLACE,*Unspecified,L&D,,
3122,,Topeka,SHAWNEE,OPL CVOPC,*Unspecified,HOD,,
3123,,Topeka,SHAWNEE,OPL BIRTHPLACE,*Unspecified,L&D,,
3124,,Topeka,SHAWNEE,OPL CVOPC,*Unspecified,HOD,,
3125,,Topeka,SHAWNEE,OPL BIRTHPLACE,*Unspecified,L&D,,
3126,,Topeka,SHAWNEE,OPL CVOPC,*Unspecified,HOD,,
3127,1979 Milky Way,VERONA,*Unspecified,EMH PERIOP SERVICES,*Unspecified,OR,53593,55025012700.0
3128,,Topeka,SHAWNEE,OPL CVOPC,*Unspecified,HOD,,
3129,,Topeka,SHAWNEE,OPL CVOPC,*Unspecified,HOD,,
3130,,Topeka,SHAWNEE,OPL CVOPC,*Unspecified,HOD,,
3131,,Topeka,SHAWNEE,OPL CVOPC,*Unspecified,HOD,,
3132,,Topeka,SHAWNEE,OPL CVOPC,*Unspecified,HOD,,
3133,,Topeka,SHAWNEE,OPL CVOPC,*Unspecified,HOD,,
3134,,Topeka,SHAWNEE,OPL CVOPC,*Unspecified,HOD,,
3135,,Topeka,SHAWNEE,OPL CVOPC,*Unspecified,HOD,,
3136,,Topeka,SHAWNEE,OPL PICU,*Unspecified,HOD,,
3137,,Topeka,SHAWNEE,OPL CVOPC,*Unspecified,HOD,,
3138,1979 Milky Way,VERONA,*Unspecified,EMH PERIOP SERVICES,*Unspecified,OR,53593,55025012700.0
3139,,Topeka,SHAWNEE,OPL PICU,*Unspecified,HOD,,
3140,,Topeka,SHAWNEE,OPL CVOPC,*Unspecified,HOD,,
3141,,Topeka,SHAWNEE,OPL PICU,*Unspecified,HOD,,
3142,,Topeka,SHAWNEE,OPL CVOPC,*Unspecified,HOD,,
3143,,Topeka,SHAWNEE,OPL PICU,*Unspecified,HOD,,
3144,,Topeka,SHAWNEE,OPL CVOPC,*Unspecified,HOD,,
3145,,Topeka,SHAWNEE,OPL PICU,*Unspecified,HOD,,
3146,,Topeka,SHAWNEE,OPL CVOPC,*Unspecified,HOD,,
3147,,Topeka,SHAWNEE,OPL PICU,*Unspecified,HOD,,
3148,,Topeka,SHAWNEE,OPL CVOPC,*Unspecified,HOD,,
3149,1979 Milky Way,VERONA,*Unspecified,EMH PERIOP SERVICES,*Unspecified,OR,53593,55025012700.0
3150,,Topeka,SHAWNEE,OPL PICU,*Unspecified,HOD,,
3151,,Topeka,SHAWNEE,OPL CVOPC,*Unspecified,HOD,,
3152,,Topeka,SHAWNEE,OPL PICU,*Unspecified,HOD,,
3153,,Topeka,SHAWNEE,OPL CVOPC,*Unspecified,HOD,,
3154,,Topeka,SHAWNEE,OPL PICU,*Unspecified,HOD,,
3155,,Topeka,SHAWNEE,OPL CVOPC,*Unspecified,HOD,,
3156,,Topeka,SHAWNEE,OPL PICU,*Unspecified,HOD,,
3157,,Topeka,SHAWNEE,OPL CVOPC,*Unspecified,HOD,,
3158,,Topeka,SHAWNEE,OPL PICU,*Unspecified,HOD,,
3159,,Topeka,SHAWNEE,OPL CVOPC,*Unspecified,HOD,,
3160,1979 Milky Way,VERONA,*Unspecified,EMH LABOR & DELIVERY,Obstetrics and Gynecology,L&D,53593,55025012700.0
3161,,Topeka,SHAWNEE,OPL PICU,*Unspecified,HOD,,
3162,,Topeka,SHAWNEE,OPL CVOPC,*Unspecified,HOD,,
3163,,Topeka,SHAWNEE,OPL PICU,*Unspecified,HOD,,
3164,,Topeka,SHAWNEE,OPL CVOPC,*Unspecified,HOD,,
3165,,Topeka,SHAWNEE,OPL PICU,*Unspecified,HOD,,
3166,,Topeka,SHAWNEE,OPL CVOPC,*Unspecified,HOD,,
3167,,Topeka,SHAWNEE,OPL PICU,*Unspecified,HOD,,
3168,,Topeka,SHAWNEE,OPL CVOPC,*Unspecified,HOD,,
3169,,Topeka,SHAWNEE,OPL PICU,*Unspecified,HOD,,
3170,,Topeka,SHAWNEE,OPL PICU,*Unspecified,HOD,,
3171,1979 Milky Way,VERONA,*Unspecified,EMH LABOR & DELIVERY,Obstetrics and Gynecology,L&D,53593,55025012700.0
3172,,Topeka,SHAWNEE,OPL PICU,*Unspecified,HOD,,
3173,,Topeka,SHAWNEE,OPL PICU,*Unspecified,HOD,,
3174,,Topeka,SHAWNEE,OPL PICU,*Unspecified,HOD,,
3175,,Topeka,SHAWNEE,OPL PICU,*Unspecified,HOD,,
3176,,Topeka,SHAWNEE,OPL PICU,*Unspecified,HOD,,
3177,,Topeka,SHAWNEE,OPL PICU,*Unspecified,HOD,,
3178,,Topeka,SHAWNEE,OPL PICU,*Unspecified,HOD,,
3179,,Topeka,SHAWNEE,OPL PICU,*Unspecified,HOD,,
3180,,Topeka,SHAWNEE,OPL PICU,*Unspecified,HOD,,
3181,2660 SW 3rd Street Suite 002,Topeka,SHAWNEE,SDS,*Unspecified,OR,66606,20177000500.0
3182,1979 Milky Way,VERONA,*Unspecified,EMH LABOR & DELIVERY,Obstetrics and Gynecology,L&D,53593,55025012700.0
3183,,Topeka,SHAWNEE,OPL PICU,*Unspecified,HOD,,
3184,2660 SW 3rd Street Suite 002,Topeka,SHAWNEE,SDS,*Unspecified,OR,66606,20177000500.0
3185,,Topeka,SHAWNEE,OPL PICU,*Unspecified,HOD,,
3186,2660 SW 3rd Street Suite 002,Topeka,SHAWNEE,SDS,*Unspecified,OR,66606,20177000500.0
3187,,Topeka,SHAWNEE,OPL PICU,*Unspecified,HOD,,
3188,2660 SW 3rd Street Suite 002,Topeka,SHAWNEE,SDS,*Unspecified,OR,66606,20177000500.0
3189,,Topeka,SHAWNEE,OPL PICU,*Unspecified,HOD,,
3190,,Topeka,SHAWNEE,OPL PICU,*Unspecified,HOD,,
3191,2660 SW 3rd Street Suite 002,Topeka,SHAWNEE,SDS,*Unspecified,OR,66606,20177000500.0
3192,,Topeka,SHAWNEE,OPL PICU,*Unspecified,HOD,,
3193,1979 Milky Way,VERONA,*Unspecified,EMH LABOR & DELIVERY,Obstetrics and Gynecology,L&D,53593,55025012700.0
3194,2660 SW 3rd Street Suite 002,Topeka,SHAWNEE,SDS,*Unspecified,OR,66606,20177000500.0
3195,,Topeka,SHAWNEE,OPL PICU,*Unspecified,HOD,,
3196,2660 SW 3rd Street Suite 002,Topeka,SHAWNEE,SDS,*Unspecified,OR,66606,20177000500.0
3197,,Topeka,SHAWNEE,OPL PICU,*Unspecified,HOD,,
3198,2660 SW 3rd Street Suite 002,Topeka,SHAWNEE,SDS,*Unspecified,OR,66606,20177000500.0
3199,,Topeka,SHAWNEE,OPL PICU,*Unspecified,HOD,,
3200,2660 SW 3rd Street Suite 002,Topeka,SHAWNEE,SDS,*Unspecified,OR,66606,20177000500.0
3201,,Topeka,SHAWNEE,OPL PICU,*Unspecified,HOD,,
3202,2660 SW 3rd Street Suite 002,Topeka,SHAWNEE,SDS,*Unspecified,OR,66606,20177000500.0
3203,,Topeka,SHAWNEE,OPL PICU,*Unspecified,HOD,,
3204,1979 Milky Way,VERONA,*Unspecified,EMH LABOR & DELIVERY,Obstetrics and Gynecology,L&D,53593,55025012700.0
3205,2660 SW 3rd Street Suite 002,Topeka,SHAWNEE,SDS,*Unspecified,OR,66606,20177000500.0
3206,,Topeka,SHAWNEE,OPL PICU,*Unspecified,HOD,,
3207,2660 SW 3rd Street Suite 002,Topeka,SHAWNEE,SDS,*Unspecified,OR,66606,20177000500.0
3208,,Topeka,SHAWNEE,OPL PICU,*Unspecified,HOD,,
3209,2660 SW 3rd Street Suite 002,Topeka,SHAWNEE,SDS,*Unspecified,OR,66606,20177000500.0
3210,,Topeka,SHAWNEE,OPL PICU,*Unspecified,HOD,,
3211,2660 SW 3rd Street Suite 002,Topeka,SHAWNEE,SDS,*Unspecified,OR,66606,20177000500.0
3212,2660 SW 3rd Street Suite 002,Topeka,SHAWNEE,SDS,*Unspecified,OR,66606,20177000500.0
3213,2660 SW 3rd Street Suite 002,Topeka,SHAWNEE,SDS,*Unspecified,OR,66606,20177000500.0
3214,2660 SW 3rd Street Suite 002,Topeka,SHAWNEE,SDS,*Unspecified,OR,66606,20177000500.0
3215,1979 Milky Way,VERONA,*Unspecified,EMH PERIOP SERVICES,*Unspecified,OR,53593,55025012700.0
3216,2660 SW 3rd Street Suite 002,Topeka,SHAWNEE,SDS,*Unspecified,OR,66606,20177000500.0
3217,2660 SW 3rd Street Suite 002,Topeka,SHAWNEE,SDS,*Unspecified,OR,66606,20177000500.0
3218,2660 SW 3rd Street Suite 002,Topeka,SHAWNEE,SDS,*Unspecified,OR,66606,20177000500.0
3219,2660 SW 3rd Street Suite 002,Topeka,SHAWNEE,SDS,*Unspecified,OR,66606,20177000500.0
3220,2660 SW 3rd Street Suite 002,Topeka,SHAWNEE,SDS,*Unspecified,OR,66606,20177000500.0
3221,2660 SW 3rd Street Suite 002,Topeka,SHAWNEE,SDS,*Unspecified,OR,66606,20177000500.0
3222,2660 SW 3rd Street Suite 002,Topeka,SHAWNEE,SDS,*Unspecified,OR,66606,20177000500.0
3223,2660 SW 3rd Street Suite 002,Topeka,SHAWNEE,SDS,*Unspecified,OR,66606,20177000500.0
3224,2660 SW 3rd Street Suite 002,Topeka,SHAWNEE,SDS,*Unspecified,OR,66606,20177000500.0
3225,2660 SW 3rd Street Suite 002,Topeka,SHAWNEE,SDS,*Unspecified,OR,66606,20177000500.0
3226,1979 Milky Way,VERONA,*Unspecified,EMH PERIOP SERVICES,*Unspecified,OR,53593,55025012700.0
3227,2660 SW 3rd Street Suite 002,Topeka,SHAWNEE,SDS,*Unspecified,OR,66606,20177000500.0
3228,2660 SW 3rd Street Suite 002,Topeka,SHAWNEE,SDS,*Unspecified,OR,66606,20177000500.0
3229,2660 SW 3rd Street Suite 002,Topeka,SHAWNEE,SDS,*Unspecified,OR,66606,20177000500.0
3230,2660 SW 3rd Street Suite 002,Topeka,SHAWNEE,SDS,*Unspecified,OR,66606,20177000500.0
3231,2660 SW 3rd Street Suite 002,Topeka,SHAWNEE,SDS,*Unspecified,OR,66606,20177000500.0
3232,2660 SW 3rd Street Suite 002,Topeka,SHAWNEE,SDS,*Unspecified,OR,66606,20177000500.0
3233,2660 SW 3rd Street Suite 002,Topeka,SHAWNEE,SDS,*Unspecified,OR,66606,20177000500.0
3234,2660 SW 3rd Street Suite 002,Topeka,SHAWNEE,SDS,*Unspecified,OR,66606,20177000500.0
3235,2660 SW 3rd Street Suite 002,Topeka,SHAWNEE,SDS,*Unspecified,OR,66606,20177000500.0
3236,1500 SW 10th Ave,Topeka,SHAWNEE,WOMEN'S CENTER,*Unspecified,HOD,66604,20177003603.0
3237,1979 Milky Way,VERONA,*Unspecified,EMH PERIOP SERVICES,*Unspecified,OR,53593,55025012700.0
3238,2660 SW 3rd Street Suite 002,Topeka,SHAWNEE,SDS,*Unspecified,OR,66606,20177000500.0
3239,1500 SW 10th Ave,Topeka,SHAWNEE,WOMEN'S CENTER,*Unspecified,HOD,66604,20177003603.0
3240,2660 SW 3rd Street Suite 002,Topeka,SHAWNEE,SDS,*Unspecified,OR,66606,20177000500.0
3241,1500 SW 10th Ave,Topeka,SHAWNEE,WOMEN'S CENTER,*Unspecified,HOD,66604,20177003603.0
3242,2660 SW 3rd Street Suite 002,Topeka,SHAWNEE,SDS,*Unspecified,OR,66606,20177000500.0
3243,1500 SW 10th Ave,Topeka,SHAWNEE,WOMEN'S CENTER,*Unspecified,HOD,66604,20177003603.0
3244,2660 SW 3rd Street Suite 002,Topeka,SHAWNEE,SDS,*Unspecified,OR,66606,20177000500.0
3245,1500 SW 10th Ave,Topeka,SHAWNEE,WOMEN'S CENTER,*Unspecified,HOD,66604,20177003603.0
3246,1500 SW 10th Ave,Topeka,SHAWNEE,WOMEN'S CENTER,*Unspecified,HOD,66604,20177003603.0
3247,1500 SW 10th Ave,Topeka,SHAWNEE,WOMEN'S CENTER,*Unspecified,HOD,66604,20177003603.0
3248,1979 Milky Way,VERONA,*Unspecified,EMH PERIOP SERVICES,*Unspecified,OR,53593,55025012700.0
3249,1500 SW 10th Ave,Topeka,SHAWNEE,WOMEN'S CENTER,*Unspecified,HOD,66604,20177003603.0
3250,1500 SW 10th Ave,Topeka,SHAWNEE,WOMEN'S CENTER,*Unspecified,HOD,66604,20177003603.0
3251,1500 SW 10th Ave,Topeka,SHAWNEE,WOMEN'S CENTER,*Unspecified,HOD,66604,20177003603.0
3252,1500 SW 10th Ave,Topeka,SHAWNEE,WOMEN'S CENTER,*Unspecified,HOD,66604,20177003603.0
3253,1500 SW 10th Ave,Topeka,SHAWNEE,WOMEN'S CENTER,*Unspecified,HOD,66604,20177003603.0
3254,1500 SW 10th Ave,Topeka,SHAWNEE,WOMEN'S CENTER,*Unspecified,HOD,66604,20177003603.0
3255,1500 SW 10th Ave,Topeka,SHAWNEE,WOMEN'S CENTER,*Unspecified,HOD,66604,20177003603.0
3256,1500 SW 10th Ave,Topeka,SHAWNEE,WOMEN'S CENTER,*Unspecified,HOD,66604,20177003603.0
3257,1500 SW 10th Ave,Topeka,SHAWNEE,WOMEN'S CENTER,*Unspecified,HOD,66604,20177003603.0
3258,1500 SW 10th Ave,Topeka,SHAWNEE,WOMEN'S CENTER,*Unspecified,HOD,66604,20177003603.0
3259,1979 Milky Way,VERONA,*Unspecified,EMH PERIOP SERVICES,*Unspecified,OR,53593,55025012700.0
3260,1500 SW 10th Ave,Topeka,SHAWNEE,WOMEN'S CENTER,*Unspecified,HOD,66604,20177003603.0
3261,1500 SW 10th Ave,Topeka,SHAWNEE,WOMEN'S CENTER,*Unspecified,HOD,66604,20177003603.0
3262,1500 SW 10th Ave,Topeka,SHAWNEE,WOMEN'S CENTER,*Unspecified,HOD,66604,20177003603.0
3263,1500 SW 10th Ave,Topeka,SHAWNEE,WOMEN'S CENTER,*Unspecified,HOD,66604,20177003603.0
3264,1500 SW 10th Ave,Topeka,SHAWNEE,WOMEN'S CENTER,*Unspecified,HOD,66604,20177003603.0
3265,1500 SW 10th Ave,Topeka,SHAWNEE,WOMEN'S CENTER,*Unspecified,HOD,66604,20177003603.0
3266,1500 SW 10th Ave,Topeka,SHAWNEE,WOMEN'S CENTER,*Unspecified,HOD,66604,20177003603.0
3267,1500 SW 10th Ave,Topeka,SHAWNEE,WOMEN'S CENTER,*Unspecified,HOD,66604,20177003603.0
3268,1500 SW 10th Ave,Topeka,SHAWNEE,WOMEN'S CENTER,*Unspecified,HOD,66604,20177003603.0
3269,1500 SW 10th Ave,Topeka,SHAWNEE,WOMEN'S CENTER,*Unspecified,HOD,66604,20177003603.0
3270,1979 Milky Way,VERONA,*Unspecified,EMH PERIOP SERVICES,*Unspecified,OR,53593,55025012700.0
3271,1500 SW 10th Ave,Topeka,SHAWNEE,WOMEN'S CENTER,*Unspecified,HOD,66604,20177003603.0
3272,1500 SW 10th Ave,Topeka,SHAWNEE,WOMEN'S CENTER,*Unspecified,HOD,66604,20177003603.0
3273,1500 SW 10th Ave,Topeka,SHAWNEE,WOMEN'S CENTER,*Unspecified,HOD,66604,20177003603.0
3274,1500 SW 10th Ave,Topeka,SHAWNEE,WOMEN'S CENTER,*Unspecified,HOD,66604,20177003603.0
3275,1500 SW 10th Ave,Topeka,SHAWNEE,WOMEN'S CENTER,*Unspecified,HOD,66604,20177003603.0
3276,1500 SW 10th Ave,Topeka,SHAWNEE,WOMEN'S CENTER,*Unspecified,HOD,66604,20177003603.0
3277,1500 SW 10th Ave,Topeka,SHAWNEE,WOMEN'S CENTER,*Unspecified,HOD,66604,20177003603.0
3278,1500 SW 10th Ave,Topeka,SHAWNEE,WOMEN'S CENTER,*Unspecified,HOD,66604,20177003603.0
3279,1500 SW 10th Ave,Topeka,SHAWNEE,WOMEN'S CENTER,*Unspecified,HOD,66604,20177003603.0
3280,1500 SW 10th Ave,Topeka,SHAWNEE,WOMEN'S CENTER,*Unspecified,HOD,66604,20177003603.0
3281,1979 Milky Way,VERONA,*Unspecified,EMH PERIOP SERVICES,*Unspecified,OR,53593,55025012700.0
3282,1500 SW 10th Ave,Topeka,SHAWNEE,WOMEN'S CENTER,*Unspecified,HOD,66604,20177003603.0
3283,1500 SW 10th Ave,Topeka,SHAWNEE,WOMEN'S CENTER,*Unspecified,HOD,66604,20177003603.0
3284,1500 SW 10th Ave,Topeka,SHAWNEE,WOMEN'S CENTER,*Unspecified,HOD,66604,20177003603.0
3285,1414 SW 8th Ave,Topeka,SHAWNEE,INFUSION CENTER,Infusion Therapy,HOD,66606,20177000500.0
3286,1500 SW 10th Ave,Topeka,SHAWNEE,PICU,*Unspecified,ICU,66604,20177003603.0
3287,1500 SW 10th Ave,Topeka,SHAWNEE,PICU,*Unspecified,ICU,66604,20177003603.0
3288,1500 SW 10th Ave,Topeka,SHAWNEE,PICU,*Unspecified,ICU,66604,20177003603.0
3289,1979 Milky Way,VERONA,*Unspecified,EMH PERIOP SERVICES,*Unspecified,OR,53593,55025012700.0
3290,1500 SW 10th Ave,Topeka,SHAWNEE,PICU,*Unspecified,ICU,66604,20177003603.0
3291,1500 SW 10th Ave,Topeka,SHAWNEE,PICU,*Unspecified,ICU,66604,20177003603.0
3292,1500 SW 10th Ave,Topeka,SHAWNEE,PICU,*Unspecified,ICU,66604,20177003603.0
3293,1500 SW 10th Ave,Topeka,SHAWNEE,EMERGENCY DEPARTMENT,Emergency Medicine,ED,66604,20177003603.0
3294,1500 SW 10th Ave,Topeka,SHAWNEE,CVOPC,*Unspecified,,66604,20177003603.0
3295,1500 SW 10th Ave,Topeka,SHAWNEE,CVOPC,*Unspecified,,66604,20177003603.0
3296,1500 SW 10th Ave,Topeka,SHAWNEE,CVOPC,*Unspecified,,66604,20177003603.0
3297,1500 SW 10th Ave,Topeka,SHAWNEE,CVOPC,*Unspecified,,66604,20177003603.0
3298,1500 SW 10th Ave,Topeka,SHAWNEE,CVOPC,*Unspecified,,66604,20177003603.0
3299,1500 SW 10th Ave,Topeka,SHAWNEE,CVOPC,*Unspecified,,66604,20177003603.0
3300,1979 Milky Way,VERONA,*Unspecified,EMH PERIOP SERVICES,*Unspecified,OR,53593,55025012700.0
3301,1500 SW 10th Ave,Topeka,SHAWNEE,CVOPC,*Unspecified,,66604,20177003603.0
3302,1500 SW 10th Ave,Topeka,SHAWNEE,CVOPC,*Unspecified,,66604,20177003603.0
3303,1500 SW 10th Ave,Topeka,SHAWNEE,CVOPC,*Unspecified,,66604,20177003603.0
3304,1500 SW 10th Ave,Topeka,SHAWNEE,CVOPC,*Unspecified,,66604,20177003603.0
3305,1500 SW 10th Ave,Topeka,SHAWNEE,CVOPC,*Unspecified,,66604,20177003603.0
3306,1500 SW 10th Ave,Topeka,SHAWNEE,CVOPC,*Unspecified,,66604,20177003603.0
3307,1500 SW 10th Ave,Topeka,SHAWNEE,CVOPC,*Unspecified,,66604,20177003603.0
3308,1500 SW 10th Ave,Topeka,SHAWNEE,CVOPC,*Unspecified,,66604,20177003603.0
3309,1500 SW 10th Ave,Topeka,SHAWNEE,CVOPC,*Unspecified,,66604,20177003603.0
3310,1500 SW 10th Ave,Topeka,SHAWNEE,CVOPC,*Unspecified,,66604,20177003603.0
3311,1979 Milky Way,VERONA,*Unspecified,EMH PERIOP SERVICES,*Unspecified,OR,53593,55025012700.0
3312,1500 SW 10th Ave,Topeka,SHAWNEE,CVOPC,*Unspecified,,66604,20177003603.0
3313,1500 SW 10th Ave,Topeka,SHAWNEE,CVOPC,*Unspecified,,66604,20177003603.0
3314,1500 SW 10th Ave,Topeka,SHAWNEE,CVOPC,*Unspecified,,66604,20177003603.0
3315,1500 SW 10th Ave,Topeka,SHAWNEE,CVOPC,*Unspecified,,66604,20177003603.0
3316,1500 SW 10th Ave,Topeka,SHAWNEE,CVOPC,*Unspecified,,66604,20177003603.0
3317,1500 SW 10th Ave,Topeka,SHAWNEE,CVOPC,*Unspecified,,66604,20177003603.0
3318,1500 SW 10th Ave,Topeka,SHAWNEE,BIRTHPLACE,Obstetrics,L&D,66604,20177003603.0
3319,1500 SW 10th Ave,Topeka,SHAWNEE,POST-SURGICAL-4WEST,*Unspecified,,66604,20177003603.0
3320,1500 SW 10th Ave,Topeka,SHAWNEE,5 NORTH,*Unspecified,,66604,20177003603.0
3321,1500 SW 10th Ave,Topeka,SHAWNEE,5 NORTH,*Unspecified,,66604,20177003603.0
3322,1979 Milky Way,VERONA,*Unspecified,EMH PERIOP SERVICES,*Unspecified,OR,53593,55025012700.0
3323,1500 SW 10th Ave 340B00935100SV,Topeka,SHAWNEE,GERIPSYCH-6EAST,*Unspecified,,66604,20177003603.0
3324,1500 SW 10th Ave 340B00935100SV,Topeka,SHAWNEE,GERO-PSYCH-6WEST,*Unspecified,,66604,20177003603.0
3325,1500 SW 10th Ave 340B00935100SV,Topeka,SHAWNEE,GERO-PSYCH-6WEST,*Unspecified,,66604,20177003603.0
3326,1500 SW 10th Ave 340B00935100SV,Topeka,SHAWNEE,GERO-PSYCH-6WEST,*Unspecified,,66604,20177003603.0
3327,1500 SW 10th Ave 340B00935100SV,Topeka,SHAWNEE,GERO-PSYCH-6WEST,*Unspecified,,66604,20177003603.0
3328,3707 SW 6th Ave,Topeka,SHAWNEE,SVW-CHILD/ADOLESCENT,*Unspecified,,66606,20177000500.0
3329,3707 SW 6th Ave,Topeka,SHAWNEE,SVW-CHILD/ADOLESCENT,*Unspecified,,66606,20177000500.0
3330,3707 SW 6th Ave,Topeka,SHAWNEE,SVW-CHILD/ADOLESCENT,*Unspecified,,66606,20177000500.0
3331,3707 SW 6th Ave,Topeka,SHAWNEE,SVW-CHILD/ADOLESCENT,*Unspecified,,66606,20177000500.0
3332,3707 SW 6th Ave,Topeka,SHAWNEE,SVW-CHILD/ADOLESCENT,*Unspecified,,66606,20177000500.0
3333,1979 Milky Way,VERONA,*Unspecified,EMH PERIOP SERVICES,*Unspecified,OR,53593,55025012700.0
3334,3707 SW 6th Ave,Topeka,SHAWNEE,SVW-CHILD/ADOLESCENT,*Unspecified,,66606,20177000500.0
3335,3707 SW 6th Ave,Topeka,SHAWNEE,SVW-CHILD/ADOLESCENT,*Unspecified,,66606,20177000500.0
3336,3707 SW 6th Ave,Topeka,SHAWNEE,SVW-CHILD/ADOLESCENT,*Unspecified,,66606,20177000500.0
3337,3707 SW 6th Ave,Topeka,SHAWNEE,SVW-CHILD/ADOLESCENT,*Unspecified,,66606,20177000500.0
3338,3707 SW 6th Ave,Topeka,SHAWNEE,SVW-CHILD/ADOLESCENT,*Unspecified,,66606,20177000500.0
3339,3707 SW 6th Ave,Topeka,SHAWNEE,SVW-CHILD/ADOLESCENT,*Unspecified,,66606,20177000500.0
3340,3707 SW 6th Ave,Topeka,SHAWNEE,SVW-CHILD/ADOLESCENT,*Unspecified,,66606,20177000500.0
3341,3707 SW 6th Ave,Topeka,SHAWNEE,SVW-CHILD/ADOLESCENT,*Unspecified,,66606,20177000500.0
3342,3707 SW 6th Ave,Topeka,SHAWNEE,SVW-CHILD/ADOLESCENT,*Unspecified,,66606,20177000500.0
3343,1500 SW 10th Ave,Topeka,SHAWNEE,CVOPC,*Unspecified,,66604,20177003603.0
3344,1979 Milky Way,VERONA,*Unspecified,EMH PERIOP SERVICES,*Unspecified,OR,53593,55025012700.0
3345,1500 SW 10th Ave,Topeka,SHAWNEE,CVOPC,*Unspecified,,66604,20177003603.0
3346,1500 SW 10th Ave,Topeka,SHAWNEE,CVOPC,*Unspecified,,66604,20177003603.0
3347,1500 SW 10th Ave 340B00935100SV,Topeka,SHAWNEE,INFUSION CENTER SERIES,*Unspecified,HOD,66604,20177003603.0
3348,1500 SW 10th Ave 340B00935100SV,Topeka,SHAWNEE,INFUSION CENTER SERIES,*Unspecified,HOD,66604,20177003603.0
3349,1500 SW 10th Ave 340B00935100SV,Topeka,SHAWNEE,INFUSION CENTER SERIES,*Unspecified,HOD,66604,20177003603.0
3350,1500 SW 10th Ave 340B00935100SV,Topeka,SHAWNEE,INFUSION CENTER SERIES,*Unspecified,HOD,66604,20177003603.0
3351,1500 SW 10th Ave 340B00935100SV,Topeka,SHAWNEE,INFUSION CENTER SERIES,*Unspecified,HOD,66604,20177003603.0
3352,1500 SW 10th Ave 340B00935100SV,Topeka,SHAWNEE,INFUSION CENTER SERIES,*Unspecified,HOD,66604,20177003603.0
3353,1500 SW 10th Ave 340B00935100SV,Topeka,SHAWNEE,INFUSION CENTER SERIES,*Unspecified,HOD,66604,20177003603.0
3354,1500 SW 10th Ave 340B00935100SV,Topeka,SHAWNEE,INFUSION CENTER SERIES,*Unspecified,HOD,66604,20177003603.0
3355,1979 Milky Way,VERONA,*Unspecified,EMH PRE-PROCEDURE,*Unspecified,OR,53593,55025012700.0
3356,1500 SW 10th Ave 340B00935100SV,Topeka,SHAWNEE,INFUSION CENTER SERIES,*Unspecified,HOD,66604,20177003603.0
3357,1500 SW 10th Ave 340B00935100SV,Topeka,SHAWNEE,INFUSION CENTER SERIES,*Unspecified,HOD,66604,20177003603.0
3358,1500 SW 10th Ave 340B00935100SV,Topeka,SHAWNEE,INFUSION CENTER SERIES,*Unspecified,HOD,66604,20177003603.0
3359,1500 SW 10th Ave 340B00935100SV,Topeka,SHAWNEE,INFUSION CENTER SERIES,*Unspecified,HOD,66604,20177003603.0
3360,1500 SW 10th Ave 340B00935100SV,Topeka,SHAWNEE,INFUSION CENTER SERIES,*Unspecified,HOD,66604,20177003603.0
3361,1500 SW 10th Ave 340B00935100SV,Topeka,SHAWNEE,INFUSION CENTER SERIES,*Unspecified,HOD,66604,20177003603.0
3362,1500 SW 10th Ave 340B00935100SV,Topeka,SHAWNEE,INFUSION CENTER SERIES,*Unspecified,HOD,66604,20177003603.0
3363,1500 SW 10th Ave 340B00935100SV,Topeka,SHAWNEE,INFUSION CENTER SERIES,*Unspecified,HOD,66604,20177003603.0
3364,1500 SW 10th Ave 340B00935100SV,Topeka,SHAWNEE,INFUSION CENTER SERIES,*Unspecified,HOD,66604,20177003603.0
3365,1500 SW 10th Ave 340B00935100SV,Topeka,SHAWNEE,INFUSION CENTER SERIES,*Unspecified,HOD,66604,20177003603.0
3366,1979 Milky Way,VERONA,*Unspecified,EMH PRE-PROCEDURE,*Unspecified,OR,53593,55025012700.0
3367,1500 SW 10th Ave 340B00935100SV,Topeka,SHAWNEE,INFUSION CENTER SERIES,*Unspecified,HOD,66604,20177003603.0
3368,1500 SW 10th Ave 340B00935100SV,Topeka,SHAWNEE,INFUSION CENTER SERIES,*Unspecified,HOD,66604,20177003603.0
3369,1500 SW 10th Ave,Topeka,SHAWNEE,PEDIATRICS,Pediatrics,HOD,66604,20177003603.0
3370,1500 SW 10th Ave,Topeka,SHAWNEE,CRITICAL CARE-2SOUTH,*Unspecified,ICU,66604,20177003603.0
3371,1500 SW 10th Ave,Topeka,SHAWNEE,CRITICAL CARE-2SOUTH,*Unspecified,ICU,66604,20177003603.0
3372,3707 SW 6th Ave,Topeka,SHAWNEE,SVW-CHILD/ADOLESCENT,*Unspecified,,66606,20177000500.0
3373,1500 SW 10th Ave,Topeka,SHAWNEE,5 NORTH,*Unspecified,,66604,20177003603.0
3374,1500 SW 10th Ave,Topeka,SHAWNEE,CRITICAL CARE-2SOUTH,*Unspecified,ICU,66604,20177003603.0
3375,1500 SW 10th Ave,Topeka,SHAWNEE,CRITICAL CARE-2SOUTH,*Unspecified,ICU,66604,20177003603.0
3376,1500 SW 10th Ave,Topeka,SHAWNEE,CRITICAL CARE-2SOUTH,*Unspecified,ICU,66604,20177003603.0
3377,1979 Milky Way,VERONA,*Unspecified,EMH PRE-PROCEDURE,*Unspecified,OR,53593,55025012700.0
3378,1500 SW 10th Ave,Topeka,SHAWNEE,CRITICAL CARE-2SOUTH,*Unspecified,ICU,66604,20177003603.0
3379,1500 SW 10th Ave,Topeka,SHAWNEE,CRITICAL CARE-2SOUTH,*Unspecified,ICU,66604,20177003603.0
3380,1500 SW 10th Ave,Topeka,SHAWNEE,SPINE CENTER,*Unspecified,,66604,20177003603.0
3381,1500 SW 10th Ave,Topeka,SHAWNEE,SPINE CENTER,*Unspecified,,66604,20177003603.0
3382,1500 SW 10th Ave,Topeka,SHAWNEE,SPINE CENTER,*Unspecified,,66604,20177003603.0
3383,1500 SW 10th Ave,Topeka,SHAWNEE,BIRTHPLACE,Obstetrics,L&D,66604,20177003603.0
3384,1500 SW 10th Ave,Topeka,SHAWNEE,BIRTHPLACE,Obstetrics,L&D,66604,20177003603.0
3385,1500 SW 10th Ave,Topeka,SHAWNEE,PEDIATRICS,Pediatrics,HOD,66604,20177003603.0
3386,1500 SW 10th Ave,Topeka,SHAWNEE,PACU,*Unspecified,OR,66604,20177003603.0
3387,1500 SW 10th Ave,Topeka,SHAWNEE,PACU,*Unspecified,OR,66604,20177003603.0
3388,1979 Milky Way,VERONA,*Unspecified,EMH PRE-PROCEDURE,*Unspecified,OR,53593,55025012700.0
3389,1500 SW 10th Ave,Topeka,SHAWNEE,PACU,*Unspecified,OR,66604,20177003603.0
3390,1500 SW 10th Ave,Topeka,SHAWNEE,PACU,*Unspecified,OR,66604,20177003603.0
3391,1500 SW 10th Ave,Topeka,SHAWNEE,BIRTHPLACE,Obstetrics,L&D,66604,20177003603.0
3392,1500 SW 10th Ave 340B00935100SV,Topeka,SHAWNEE,GERIPSYCH-6EAST,*Unspecified,,66604,20177003603.0
3393,1500 SW 10th Ave 340B00935100SV,Topeka,SHAWNEE,GERIPSYCH-6EAST,*Unspecified,,66604,20177003603.0
3394,1500 SW 10th Ave,Topeka,SHAWNEE,BIRTHPLACE,Obstetrics,L&D,66604,20177003603.0
3395,1500 SW 10th Ave,Topeka,SHAWNEE,BIRTHPLACE,Obstetrics,L&D,66604,20177003603.0
3396,1500 SW 10th Ave,Topeka,SHAWNEE,BIRTHPLACE,Obstetrics,L&D,66604,20177003603.0
3397,1500 SW 10th Ave,Topeka,SHAWNEE,BIRTHPLACE,Obstetrics,L&D,66604,20177003603.0
3398,3707 SW 6th Ave,Topeka,SHAWNEE,SVW-ADULT,*Unspecified,,66606,20177000500.0
3399,1979 Milky Way,VERONA,*Unspecified,EMH PRE-PROCEDURE,*Unspecified,OR,53593,55025012700.0
3400,1500 SW 10th Ave,Topeka,SHAWNEE,BIRTHPLACE,Obstetrics,L&D,66604,20177003603.0
3401,1500 SW 10th Ave,Topeka,SHAWNEE,BIRTHPLACE,Obstetrics,L&D,66604,20177003603.0
3402,1500 SW 10th Ave,Topeka,SHAWNEE,EMERGENCY DEPARTMENT,Emergency Medicine,ED,66604,20177003603.0
3403,1500 SW 10th Ave,Topeka,SHAWNEE,EMERGENCY DEPARTMENT,Emergency Medicine,ED,66604,20177003603.0
3404,1500 SW 10th Ave,Topeka,SHAWNEE,EMERGENCY DEPARTMENT,Emergency Medicine,ED,66604,20177003603.0
3405,1500 SW 10th Ave,Topeka,SHAWNEE,EMERGENCY DEPARTMENT,Emergency Medicine,ED,66604,20177003603.0
3406,1500 SW 10th Ave,Topeka,SHAWNEE,EMERGENCY DEPARTMENT,Emergency Medicine,ED,66604,20177003603.0
3407,1500 SW 10th Ave,Topeka,SHAWNEE,EMERGENCY DEPARTMENT,Emergency Medicine,ED,66604,20177003603.0
3408,1500 SW 10th Ave,Topeka,SHAWNEE,EMERGENCY DEPARTMENT,Emergency Medicine,ED,66604,20177003603.0
3409,1500 SW 10th Ave,Topeka,SHAWNEE,7 NORTH,*Unspecified,,66604,20177003603.0
3410,1979 Milky Way,VERONA,*Unspecified,EMH PRE-PROCEDURE,*Unspecified,OR,53593,55025012700.0
3411,1500 SW 10th Ave,Topeka,SHAWNEE,EMERGENCY DEPARTMENT,Emergency Medicine,ED,66604,20177003603.0
3412,1500 SW 10th Ave,Topeka,SHAWNEE,EMERGENCY DEPARTMENT,Emergency Medicine,ED,66604,20177003603.0
3413,1500 SW 10th Ave,Topeka,SHAWNEE,EMERGENCY DEPARTMENT,Emergency Medicine,ED,66604,20177003603.0
3414,1500 SW 10th Ave,Topeka,SHAWNEE,EMERGENCY DEPARTMENT,Emergency Medicine,ED,66604,20177003603.0
3415,1500 SW 10th Ave,Topeka,SHAWNEE,CRITICAL CARE-2SOUTH,*Unspecified,ICU,66604,20177003603.0
3416,1500 SW 10th Ave,Topeka,SHAWNEE,EMERGENCY DEPARTMENT,Emergency Medicine,ED,66604,20177003603.0
3417,1500 SW 10th Ave,Topeka,SHAWNEE,EMERGENCY DEPARTMENT,Emergency Medicine,ED,66604,20177003603.0
3418,1500 SW 10th Ave,Topeka,SHAWNEE,CRITICAL CARE-2SOUTH,*Unspecified,ICU,66604,20177003603.0
3419,1500 SW 10th Ave,Topeka,SHAWNEE,EMERGENCY DEPARTMENT,Emergency Medicine,ED,66604,20177003603.0
3420,1500 SW 10th Ave,Topeka,SHAWNEE,EMERGENCY DEPARTMENT,Emergency Medicine,ED,66604,20177003603.0
3421,1979 Milky Way,VERONA,*Unspecified,EMH PRE-PROCEDURE,*Unspecified,OR,53593,55025012700.0
3422,1500 SW 10th Ave,Topeka,SHAWNEE,7 NORTH,*Unspecified,,66604,20177003603.0
3423,1500 SW 10th Ave,Topeka,SHAWNEE,EMERGENCY DEPARTMENT,Emergency Medicine,ED,66604,20177003603.0
3424,1500 SW 10th Ave,Topeka,SHAWNEE,6 NORTH,*Unspecified,,66604,20177003603.0
3425,1500 SW 10th Ave,Topeka,SHAWNEE,6 NORTH,*Unspecified,,66604,20177003603.0
3426,1500 SW 10th Ave,Topeka,SHAWNEE,7 NORTH,*Unspecified,,66604,20177003603.0
3427,1500 SW 10th Ave,Topeka,SHAWNEE,7 NORTH,*Unspecified,,66604,20177003603.0
3428,1500 SW 10th Ave,Topeka,SHAWNEE,CRITICAL CARE-2SOUTH,*Unspecified,ICU,66604,20177003603.0
3429,1500 SW 10th Ave,Topeka,SHAWNEE,7 NORTH,*Unspecified,,66604,20177003603.0
3430,1500 SW 10th Ave,Topeka,SHAWNEE,7 NORTH,*Unspecified,,66604,20177003603.0
3431,1500 SW 10th Ave,Topeka,SHAWNEE,EMERGENCY DEPARTMENT,Emergency Medicine,ED,66604,20177003603.0
3432,1979 Milky Way,VERONA,*Unspecified,EMH PRE-PROCEDURE,*Unspecified,OR,53593,55025012700.0
3433,1500 SW 10th Ave,Topeka,SHAWNEE,EMERGENCY DEPARTMENT,Emergency Medicine,ED,66604,20177003603.0
3434,1500 SW 10th Ave,Topeka,SHAWNEE,NURSERY,*Unspecified,L&D,66604,20177003603.0
3435,1500 SW 10th Ave,Topeka,SHAWNEE,EMERGENCY DEPARTMENT,Emergency Medicine,ED,66604,20177003603.0
3436,1500 SW 10th Ave,Topeka,SHAWNEE,EMERGENCY DEPARTMENT,Emergency Medicine,ED,66604,20177003603.0
3437,1500 SW 10th Ave,Topeka,SHAWNEE,CVOPC,*Unspecified,,66604,20177003603.0
3438,1500 SW 10th Ave,Topeka,SHAWNEE,CVOPC,*Unspecified,,66604,20177003603.0
3439,1500 SW 10th Ave,Topeka,SHAWNEE,CRITICAL CARE-2SOUTH,*Unspecified,ICU,66604,20177003603.0
3440,1500 SW 10th Ave,Topeka,SHAWNEE,EMERGENCY DEPARTMENT,Emergency Medicine,ED,66604,20177003603.0
3441,1500 SW 10th Ave,Topeka,SHAWNEE,BIRTHPLACE,Obstetrics,L&D,66604,20177003603.0
3442,1500 SW 10th Ave,Topeka,SHAWNEE,BIRTHPLACE,Obstetrics,L&D,66604,20177003603.0
3443,1979 Milky Way,VERONA,*Unspecified,EMH PRE-PROCEDURE,*Unspecified,OR,53593,55025012700.0
3444,1500 SW 10th Ave,Topeka,SHAWNEE,PRE-POST,*Unspecified,OR,66604,20177003603.0
3445,1500 SW 10th Ave,Topeka,SHAWNEE,EMERGENCY DEPARTMENT,Emergency Medicine,ED,66604,20177003603.0
3446,1500 SW 10th Ave,Topeka,SHAWNEE,EMERGENCY DEPARTMENT,Emergency Medicine,ED,66604,20177003603.0
3447,1500 SW 10th Ave,Topeka,SHAWNEE,CVOPC,*Unspecified,,66604,20177003603.0
3448,1500 SW 10th Ave,Topeka,SHAWNEE,EMERGENCY DEPARTMENT,Emergency Medicine,ED,66604,20177003603.0
3449,1500 SW 10th Ave,Topeka,SHAWNEE,EMERGENCY DEPARTMENT,Emergency Medicine,ED,66604,20177003603.0
3450,1500 SW 10th Ave,Topeka,SHAWNEE,CVOPC,*Unspecified,,66604,20177003603.0
3451,- 340B00935100SV,,*Unspecified,ST OUTPATIENT CTR,*Unspecified,,,
3452,- 340B00935100SV,,*Unspecified,ST OUTPATIENT CTR,*Unspecified,,,
3453,- 340B00935100SV,,*Unspecified,ST OUTPATIENT CTR,*Unspecified,,,
3454,1979 Milky Way,VERONA,*Unspecified,EMH PRE-PROCEDURE,*Unspecified,OR,53593,55025012700.0
3455,- 340B00935100SV,,*Unspecified,ST OUTPATIENT CTR,*Unspecified,,,
3456,- 340B00935100SV,,*Unspecified,ST OUTPATIENT CTR,*Unspecified,,,
3457,- 340B00935100SV,,*Unspecified,ST OUTPATIENT CTR,*Unspecified,,,
3458,- 340B00935100SV,,*Unspecified,ST OUTPATIENT CTR,*Unspecified,,,
3459,- 340B00935100SV,,*Unspecified,ST OUTPATIENT CTR,*Unspecified,,,
3460,1500 SW 10th Ave,Topeka,SHAWNEE,EMERGENCY DEPARTMENT,Emergency Medicine,ED,66604,20177003603.0
3461,1500 SW 10th Ave,Topeka,SHAWNEE,EMERGENCY DEPARTMENT,Emergency Medicine,ED,66604,20177003603.0
3462,1500 SW 10th Ave,Topeka,SHAWNEE,EMERGENCY DEPARTMENT,Emergency Medicine,ED,66604,20177003603.0
3463,1500 SW 10th Ave,Topeka,SHAWNEE,EMERGENCY DEPARTMENT,Emergency Medicine,ED,66604,20177003603.0
3464,1500 SW 10th Ave,Topeka,SHAWNEE,EMERGENCY DEPARTMENT,Emergency Medicine,ED,66604,20177003603.0
3465,1979 Milky Way,VERONA,*Unspecified,EMH PRE-PROCEDURE,*Unspecified,OR,53593,55025012700.0
3466,1500 SW 10th Ave,Topeka,SHAWNEE,EMERGENCY DEPARTMENT,Emergency Medicine,ED,66604,20177003603.0
3467,1500 SW 10th Ave,Topeka,SHAWNEE,EMERGENCY DEPARTMENT,Emergency Medicine,ED,66604,20177003603.0
3468,1500 SW 10th Ave,Topeka,SHAWNEE,EMERGENCY DEPARTMENT,Emergency Medicine,ED,66604,20177003603.0
3469,1500 SW 10th Ave,Topeka,SHAWNEE,EMERGENCY DEPARTMENT,Emergency Medicine,ED,66604,20177003603.0
3470,1500 SW 10th Ave,Topeka,SHAWNEE,EMERGENCY DEPARTMENT,Emergency Medicine,ED,66604,20177003603.0
3471,1500 SW 10th Ave,Topeka,SHAWNEE,EMERGENCY DEPARTMENT,Emergency Medicine,ED,66604,20177003603.0
3472,1500 SW 10th Ave,Topeka,SHAWNEE,EMERGENCY DEPARTMENT,Emergency Medicine,ED,66604,20177003603.0
3473,1500 SW 10th Ave,Topeka,SHAWNEE,EMERGENCY DEPARTMENT,Emergency Medicine,ED,66604,20177003603.0
3474,1500 SW 10th Ave,Topeka,SHAWNEE,EMERGENCY DEPARTMENT,Emergency Medicine,ED,66604,20177003603.0
3475,1500 SW 10th Ave,Topeka,SHAWNEE,EMERGENCY DEPARTMENT,Emergency Medicine,ED,66604,20177003603.0
3476,1979 Milky Way,VERONA,*Unspecified,EMH PRE-PROCEDURE,*Unspecified,OR,53593,55025012700.0
3477,1500 SW 10th Ave,Topeka,SHAWNEE,EMERGENCY DEPARTMENT,Emergency Medicine,ED,66604,20177003603.0
3478,1500 SW 10th Ave,Topeka,SHAWNEE,EMERGENCY DEPARTMENT,Emergency Medicine,ED,66604,20177003603.0
3479,1500 SW 10th Ave,Topeka,SHAWNEE,EMERGENCY DEPARTMENT,Emergency Medicine,ED,66604,20177003603.0
3480,1500 SW 10th Ave,Topeka,SHAWNEE,EMERGENCY DEPARTMENT,Emergency Medicine,ED,66604,20177003603.0
3481,1500 SW 10th Ave,Topeka,SHAWNEE,EMERGENCY DEPARTMENT,Emergency Medicine,ED,66604,20177003603.0
3482,1500 SW 10th Ave,Topeka,SHAWNEE,EMERGENCY DEPARTMENT,Emergency Medicine,ED,66604,20177003603.0
3483,1500 SW 10th Ave,Topeka,SHAWNEE,EMERGENCY DEPARTMENT,Emergency Medicine,ED,66604,20177003603.0
3484,1500 SW 10th Ave,Topeka,SHAWNEE,EMERGENCY DEPARTMENT,Emergency Medicine,ED,66604,20177003603.0
3485,1500 SW 10th Ave,Topeka,SHAWNEE,EMERGENCY DEPARTMENT,Emergency Medicine,ED,66604,20177003603.0
3486,1500 SW 10th Ave,Topeka,SHAWNEE,EMERGENCY DEPARTMENT,Emergency Medicine,ED,66604,20177003603.0
3487,1979 Milky Way,VERONA,*Unspecified,EMH PRE-PROCEDURE,*Unspecified,OR,53593,55025012700.0
3488,1500 SW 10th Ave,Topeka,SHAWNEE,EMERGENCY DEPARTMENT,Emergency Medicine,ED,66604,20177003603.0
3489,1500 SW 10th Ave,Topeka,SHAWNEE,EMERGENCY DEPARTMENT,Emergency Medicine,ED,66604,20177003603.0
3490,1500 SW 10th Ave,Topeka,SHAWNEE,EMERGENCY DEPARTMENT,Emergency Medicine,ED,66604,20177003603.0
3491,1500 SW 10th Ave,Topeka,SHAWNEE,EMERGENCY DEPARTMENT,Emergency Medicine,ED,66604,20177003603.0
3492,1500 SW 10th Ave,Topeka,SHAWNEE,EMERGENCY DEPARTMENT,Emergency Medicine,ED,66604,20177003603.0
3493,1500 SW 10th Ave,Topeka,SHAWNEE,EMERGENCY DEPARTMENT,Emergency Medicine,ED,66604,20177003603.0
3494,1500 SW 10th Ave,Topeka,SHAWNEE,EMERGENCY DEPARTMENT,Emergency Medicine,ED,66604,20177003603.0
3495,1500 SW 10th Ave,Topeka,SHAWNEE,EMERGENCY DEPARTMENT,Emergency Medicine,ED,66604,20177003603.0
3496,1500 SW 10th Ave,Topeka,SHAWNEE,EMERGENCY DEPARTMENT,Emergency Medicine,ED,66604,20177003603.0
3497,1500 SW 10th Ave,Topeka,SHAWNEE,EMERGENCY DEPARTMENT,Emergency Medicine,ED,66604,20177003603.0
3498,1979 Milky Way,VERONA,*Unspecified,EMH PRE-PROCEDURE,*Unspecified,OR,53593,55025012700.0
3499,1500 SW 10th Ave,Topeka,SHAWNEE,EMERGENCY DEPARTMENT,Emergency Medicine,ED,66604,20177003603.0
3500,1500 SW 10th Ave,Topeka,SHAWNEE,EMERGENCY DEPARTMENT,Emergency Medicine,ED,66604,20177003603.0
3501,1500 SW 10th Ave,Topeka,SHAWNEE,EMERGENCY DEPARTMENT,Emergency Medicine,ED,66604,20177003603.0
3502,1500 SW 10th Ave,Topeka,SHAWNEE,EMERGENCY DEPARTMENT,Emergency Medicine,ED,66604,20177003603.0
3503,1500 SW 10th Ave,Topeka,SHAWNEE,EMERGENCY DEPARTMENT,Emergency Medicine,ED,66604,20177003603.0
3504,1500 SW 10th Ave,Topeka,SHAWNEE,EMERGENCY DEPARTMENT,Emergency Medicine,ED,66604,20177003603.0
3505,1500 SW 10th Ave,Topeka,SHAWNEE,EMERGENCY DEPARTMENT,Emergency Medicine,ED,66604,20177003603.0
3506,1500 SW 10th Ave,Topeka,SHAWNEE,EMERGENCY DEPARTMENT,Emergency Medicine,ED,66604,20177003603.0
3507,1500 SW 10th Ave,Topeka,SHAWNEE,EMERGENCY DEPARTMENT,Emergency Medicine,ED,66604,20177003603.0
3508,1500 SW 10th Ave,Topeka,SHAWNEE,EMERGENCY DEPARTMENT,Emergency Medicine,ED,66604,20177003603.0
3509,1979 Milky Way,VERONA,*Unspecified,EMH PRE-PROCEDURE,*Unspecified,OR,53593,55025012700.0
3510,1500 SW 10th Ave,Topeka,SHAWNEE,EMERGENCY DEPARTMENT,Emergency Medicine,ED,66604,20177003603.0
3511,1500 SW 10th Ave,Topeka,SHAWNEE,EMERGENCY DEPARTMENT,Emergency Medicine,ED,66604,20177003603.0
3512,1500 SW 10th Ave,Topeka,SHAWNEE,EMERGENCY DEPARTMENT,Emergency Medicine,ED,66604,20177003603.0
3513,1500 SW 10th Ave,Topeka,SHAWNEE,EMERGENCY DEPARTMENT,Emergency Medicine,ED,66604,20177003603.0
3514,1500 SW 10th Ave,Topeka,SHAWNEE,EMERGENCY DEPARTMENT,Emergency Medicine,ED,66604,20177003603.0
3515,1500 SW 10th Ave,Topeka,SHAWNEE,EMERGENCY DEPARTMENT,Emergency Medicine,ED,66604,20177003603.0
3516,1500 SW 10th Ave,Topeka,SHAWNEE,EMERGENCY DEPARTMENT,Emergency Medicine,ED,66604,20177003603.0
3517,1500 SW 10th Ave,Topeka,SHAWNEE,EMERGENCY DEPARTMENT,Emergency Medicine,ED,66604,20177003603.0
3518,1500 SW 10th Ave,Topeka,SHAWNEE,EMERGENCY DEPARTMENT,Emergency Medicine,ED,66604,20177003603.0
3519,1500 SW 10th Ave,Topeka,SHAWNEE,EMERGENCY DEPARTMENT,Emergency Medicine,ED,66604,20177003603.0
3520,1979 Milky Way,VERONA,*Unspecified,EMH PRE-PROCEDURE,*Unspecified,OR,53593,55025012700.0
3521,1500 SW 10th Ave,Topeka,SHAWNEE,EMERGENCY DEPARTMENT,Emergency Medicine,ED,66604,20177003603.0
3522,1500 SW 10th Ave,Topeka,SHAWNEE,EMERGENCY DEPARTMENT,Emergency Medicine,ED,66604,20177003603.0
3523,1500 SW 10th Ave,Topeka,SHAWNEE,EMERGENCY DEPARTMENT,Emergency Medicine,ED,66604,20177003603.0
3524,1500 SW 10th Ave,Topeka,SHAWNEE,EMERGENCY DEPARTMENT,Emergency Medicine,ED,66604,20177003603.0
3525,1500 SW 10th Ave,Topeka,SHAWNEE,PACU,*Unspecified,OR,66604,20177003603.0
3526,1500 SW 10th Ave,Topeka,SHAWNEE,PACU,*Unspecified,OR,66604,20177003603.0
3527,1500 SW 10th Ave,Topeka,SHAWNEE,PACU,*Unspecified,OR,66604,20177003603.0
3528,1500 SW 10th Ave,Topeka,SHAWNEE,PACU,*Unspecified,OR,66604,20177003603.0
3529,1500 SW 10th Ave,Topeka,SHAWNEE,PACU,*Unspecified,OR,66604,20177003603.0
3530,1500 SW 10th Ave,Topeka,SHAWNEE,EMERGENCY DEPARTMENT,Emergency Medicine,ED,66604,20177003603.0
3531,1979 Milky Way,VERONA,*Unspecified,EMH PRE-PROCEDURE,*Unspecified,OR,53593,55025012700.0
3532,1500 SW 10th Ave,Topeka,SHAWNEE,EMERGENCY DEPARTMENT,Emergency Medicine,ED,66604,20177003603.0
3533,1500 SW 10th Ave,Topeka,SHAWNEE,EMERGENCY DEPARTMENT,Emergency Medicine,ED,66604,20177003603.0
3534,1500 SW 10th Ave,Topeka,SHAWNEE,EMERGENCY DEPARTMENT,Emergency Medicine,ED,66604,20177003603.0
3535,1500 SW 10th Ave,Topeka,SHAWNEE,EMERGENCY DEPARTMENT,Emergency Medicine,ED,66604,20177003603.0
3536,1500 SW 10th Ave,Topeka,SHAWNEE,EMERGENCY DEPARTMENT,Emergency Medicine,ED,66604,20177003603.0
3537,1500 SW 10th Ave,Topeka,SHAWNEE,EMERGENCY DEPARTMENT,Emergency Medicine,ED,66604,20177003603.0
3538,1500 SW 10th Ave,Topeka,SHAWNEE,PRE-POST,*Unspecified,OR,66604,20177003603.0
3539,1500 SW 10th Ave,Topeka,SHAWNEE,EMERGENCY DEPARTMENT,Emergency Medicine,ED,66604,20177003603.0
3540,1500 SW 10th Ave,Topeka,SHAWNEE,BIRTHPLACE,Obstetrics,L&D,66604,20177003603.0
3541,1500 SW 10th Ave,Topeka,SHAWNEE,EMERGENCY DEPARTMENT,Emergency Medicine,ED,66604,20177003603.0
3542,1979 Milky Way,VERONA,*Unspecified,EMH PRE-PROCEDURE,*Unspecified,OR,53593,55025012700.0
3543,1500 SW 10th Ave,Topeka,SHAWNEE,EMERGENCY DEPARTMENT,Emergency Medicine,ED,66604,20177003603.0
3544,1500 SW 10th Ave,Topeka,SHAWNEE,EMERGENCY DEPARTMENT,Emergency Medicine,ED,66604,20177003603.0
3545,1500 SW 10th Ave,Topeka,SHAWNEE,EMERGENCY DEPARTMENT,Emergency Medicine,ED,66604,20177003603.0
3546,1500 SW 10th Ave,Topeka,SHAWNEE,EMERGENCY DEPARTMENT,Emergency Medicine,ED,66604,20177003603.0
3547,1500 SW 10th Ave,Topeka,SHAWNEE,EMERGENCY DEPARTMENT,Emergency Medicine,ED,66604,20177003603.0
3548,1500 SW 10th Ave,Topeka,SHAWNEE,EMERGENCY DEPARTMENT,Emergency Medicine,ED,66604,20177003603.0
3549,1500 SW 10th Ave,Topeka,SHAWNEE,BIRTHPLACE,Obstetrics,L&D,66604,20177003603.0
3550,1500 SW 10th Ave,Topeka,SHAWNEE,PRE-POST,*Unspecified,OR,66604,20177003603.0
3551,1500 SW 10th Ave,Topeka,SHAWNEE,EMERGENCY DEPARTMENT,Emergency Medicine,ED,66604,20177003603.0
3552,1500 SW 10th Ave,Topeka,SHAWNEE,CVOPC,*Unspecified,,66604,20177003603.0
3553,1979 Milky Way,VERONA,*Unspecified,EMH PRE-PROCEDURE,*Unspecified,OR,53593,55025012700.0
3554,1500 SW 10th Ave,Topeka,SHAWNEE,BIRTHPLACE,Obstetrics,L&D,66604,20177003603.0
3555,1500 SW 10th Ave,Topeka,SHAWNEE,EMERGENCY DEPARTMENT,Emergency Medicine,ED,66604,20177003603.0
3556,1500 SW 10th Ave,Topeka,SHAWNEE,5 NORTH,*Unspecified,,66604,20177003603.0
3557,1500 SW 10th Ave,Topeka,SHAWNEE,7 NORTH,*Unspecified,,66604,20177003603.0
3558,1500 SW 10th Ave,Topeka,SHAWNEE,EMERGENCY DEPARTMENT,Emergency Medicine,ED,66604,20177003603.0
3559,1500 SW 10th Ave,Topeka,SHAWNEE,BIRTHPLACE,Obstetrics,L&D,66604,20177003603.0
3560,1500 SW 10th Ave,Topeka,SHAWNEE,EMERGENCY DEPARTMENT,Emergency Medicine,ED,66604,20177003603.0
3561,1500 SW 10th Ave,Topeka,SHAWNEE,EMERGENCY DEPARTMENT,Emergency Medicine,ED,66604,20177003603.0
3562,1500 SW 10th Ave,Topeka,SHAWNEE,EMERGENCY DEPARTMENT,Emergency Medicine,ED,66604,20177003603.0
3563,1500 SW 10th Ave,Topeka,SHAWNEE,EMERGENCY DEPARTMENT,Emergency Medicine,ED,66604,20177003603.0
3564,1979 Milky Way,VERONA,*Unspecified,EMH PRE-PROCEDURE,*Unspecified,OR,53593,55025012700.0
3565,1414 SW 8th Ave,Topeka,SHAWNEE,INFUSION CENTER,Infusion Therapy,HOD,66606,20177000500.0
3566,1414 SW 8th Ave,Topeka,SHAWNEE,INFUSION CENTER,Infusion Therapy,HOD,66606,20177000500.0
3567,1500 SW 10th Ave,Topeka,SHAWNEE,EMERGENCY DEPARTMENT,Emergency Medicine,ED,66604,20177003603.0
3568,1414 SW 8th Ave,Topeka,SHAWNEE,INFUSION CENTER,Infusion Therapy,HOD,66606,20177000500.0
3569,1414 SW 8th Ave,Topeka,SHAWNEE,INFUSION CENTER,Infusion Therapy,HOD,66606,20177000500.0
3570,1414 SW 8th Ave,Topeka,SHAWNEE,INFUSION CENTER,Infusion Therapy,HOD,66606,20177000500.0
3571,1414 SW 8th Ave,Topeka,SHAWNEE,INFUSION CENTER,Infusion Therapy,HOD,66606,20177000500.0
3572,1414 SW 8th Ave,Topeka,SHAWNEE,INFUSION CENTER,Infusion Therapy,HOD,66606,20177000500.0
3573,1414 SW 8th Ave,Topeka,SHAWNEE,INFUSION CENTER,Infusion Therapy,HOD,66606,20177000500.0
3574,1414 SW 8th Ave,Topeka,SHAWNEE,INFUSION CENTER,Infusion Therapy,HOD,66606,20177000500.0
3575,1979 Milky Way,VERONA,*Unspecified,EMH MAIN OR,*Unspecified,OR,53593,55025012700.0
3576,1414 SW 8th Ave,Topeka,SHAWNEE,INFUSION CENTER,Infusion Therapy,HOD,66606,20177000500.0
3577,1500 SW 10th Ave,Topeka,SHAWNEE,EMERGENCY DEPARTMENT,Emergency Medicine,ED,66604,20177003603.0
3578,1615 SW 8th Avenue,Topeka,SHAWNEE,SLEEP CENTER,Sleep Medicine,HOD,66606,20177000500.0
3579,1500 SW 10th Ave,Topeka,SHAWNEE,EMERGENCY DEPARTMENT,Emergency Medicine,ED,66604,20177003603.0
3580,1414 SW 8th Ave,Topeka,SHAWNEE,INFUSION CENTER,Infusion Therapy,HOD,66606,20177000500.0
3581,1500 SW 10th Ave,Topeka,SHAWNEE,EMERGENCY DEPARTMENT,Emergency Medicine,ED,66604,20177003603.0
3582,1500 SW 10th Ave,Topeka,SHAWNEE,EMERGENCY DEPARTMENT,Emergency Medicine,ED,66604,20177003603.0
3583,1500 SW 10th Ave,Topeka,SHAWNEE,POST-SURGICAL-7 SOUTH,*Unspecified,,66604,20177003603.0
3584,1500 SW 10th Ave,Topeka,SHAWNEE,POST-SURGICAL-7 SOUTH,*Unspecified,,66604,20177003603.0
3585,1500 SW 10th Ave,Topeka,SHAWNEE,POST-SURGICAL-7 SOUTH,*Unspecified,,66604,20177003603.0
3586,1979 Milky Way,VERONA,*Unspecified,EMH MAIN OR,*Unspecified,OR,53593,55025012700.0
3587,1500 SW 10th Ave,Topeka,SHAWNEE,POST-SURGICAL-7 SOUTH,*Unspecified,,66604,20177003603.0
3588,1500 SW 10th Ave,Topeka,SHAWNEE,POST-SURGICAL-7 SOUTH,*Unspecified,,66604,20177003603.0
3589,1500 SW 10th Ave,Topeka,SHAWNEE,POST-SURGICAL-7 SOUTH,*Unspecified,,66604,20177003603.0
3590,1500 SW 10th Ave,Topeka,SHAWNEE,POST-SURGICAL-7 SOUTH,*Unspecified,,66604,20177003603.0
3591,1500 SW 10th Ave,Topeka,SHAWNEE,POST-SURGICAL-7 SOUTH,*Unspecified,,66604,20177003603.0
3592,1500 SW 10th Ave,Topeka,SHAWNEE,POST-SURGICAL-7 SOUTH,*Unspecified,,66604,20177003603.0
3593,1500 SW 10th Ave,Topeka,SHAWNEE,EMERGENCY DEPARTMENT,Emergency Medicine,ED,66604,20177003603.0
3594,1500 SW 10th Ave,Topeka,SHAWNEE,EMERGENCY DEPARTMENT,Emergency Medicine,ED,66604,20177003603.0
3595,1500 SW 10th Ave,Topeka,SHAWNEE,CRITICAL CARE-2SOUTH,*Unspecified,ICU,66604,20177003603.0
3596,1500 SW 10th Ave,Topeka,SHAWNEE,CRITICAL CARE-2SOUTH,*Unspecified,ICU,66604,20177003603.0
3597,1979 Milky Way,VERONA,*Unspecified,EMH MAIN OR,*Unspecified,OR,53593,55025012700.0
3598,1500 SW 10th Ave,Topeka,SHAWNEE,4 PAVILION,Hematology and Oncology,,66604,20177003603.0
3599,1500 SW 10th Ave,Topeka,SHAWNEE,EMERGENCY DEPARTMENT,Emergency Medicine,ED,66604,20177003603.0
3600,1500 SW 10th Ave,Topeka,SHAWNEE,EMERGENCY DEPARTMENT,Emergency Medicine,ED,66604,20177003603.0
3601,1500 SW 10th Ave,Topeka,SHAWNEE,EMERGENCY DEPARTMENT,Emergency Medicine,ED,66604,20177003603.0
3602,1500 SW 10th Ave,Topeka,SHAWNEE,EMERGENCY DEPARTMENT,Emergency Medicine,ED,66604,20177003603.0
3603,1500 SW 10th Ave,Topeka,SHAWNEE,EMERGENCY DEPARTMENT,Emergency Medicine,ED,66604,20177003603.0
3604,1500 SW 10th Ave,Topeka,SHAWNEE,CRITICAL CARE-2SOUTH,*Unspecified,ICU,66604,20177003603.0
3605,1500 SW 10th Ave,Topeka,SHAWNEE,CRITICAL CARE-2SOUTH,*Unspecified,ICU,66604,20177003603.0
3606,1500 SW 10th Ave,Topeka,SHAWNEE,CRITICAL CARE-2SOUTH,*Unspecified,ICU,66604,20177003603.0
3607,1500 SW 10th Ave,Topeka,SHAWNEE,CRITICAL CARE-2SOUTH,*Unspecified,ICU,66604,20177003603.0
3608,1979 Milky Way,VERONA,*Unspecified,EMH MAIN OR,*Unspecified,OR,53593,55025012700.0
3609,1500 SW 10th Ave,Topeka,SHAWNEE,EMERGENCY DEPARTMENT,Emergency Medicine,ED,66604,20177003603.0
3610,1500 SW 10th Ave,Topeka,SHAWNEE,EMERGENCY DEPARTMENT,Emergency Medicine,ED,66604,20177003603.0
3611,1500 SW 10th Ave,Topeka,SHAWNEE,EMERGENCY DEPARTMENT,Emergency Medicine,ED,66604,20177003603.0
3612,1500 SW 10th Ave,Topeka,SHAWNEE,EMERGENCY DEPARTMENT,Emergency Medicine,ED,66604,20177003603.0
3613,1500 SW 10th Ave,Topeka,SHAWNEE,PROCEDURE RADIOLOGY,*Unspecified,,66604,20177003603.0
3614,1500 SW 10th Ave,Topeka,SHAWNEE,PROCEDURE RADIOLOGY,*Unspecified,,66604,20177003603.0
3615,1500 SW 10th Ave,Topeka,SHAWNEE,BIRTHPLACE,Obstetrics,L&D,66604,20177003603.0
3616,1500 SW 10th Ave,Topeka,SHAWNEE,BIRTHPLACE,Obstetrics,L&D,66604,20177003603.0
3617,1500 SW 10th Ave,Topeka,SHAWNEE,EMERGENCY DEPARTMENT,Emergency Medicine,ED,66604,20177003603.0
3618,1500 SW 10th Ave,Topeka,SHAWNEE,EMERGENCY DEPARTMENT,Emergency Medicine,ED,66604,20177003603.0
3619,1979 Milky Way,VERONA,*Unspecified,EMH MAIN OR,*Unspecified,OR,53593,55025012700.0
3620,1414 SW 8th Ave,Topeka,SHAWNEE,INFUSION CENTER,Infusion Therapy,HOD,66606,20177000500.0
3621,1500 SW 10th Ave,Topeka,SHAWNEE,PRE-POST,*Unspecified,OR,66604,20177003603.0
3622,1500 SW 10th Ave,Topeka,SHAWNEE,PRE-POST,*Unspecified,OR,66604,20177003603.0
3623,1500 SW 10th Ave,Topeka,SHAWNEE,PRE-POST,*Unspecified,OR,66604,20177003603.0
3624,1500 SW 10th Ave,Topeka,SHAWNEE,PRE-POST,*Unspecified,OR,66604,20177003603.0
3625,3707 SW 6th Ave,Topeka,SHAWNEE,SVW-CHILD/ADOLESCENT,*Unspecified,,66606,20177000500.0
3626,1500 SW 10th Ave,Topeka,SHAWNEE,EMERGENCY DEPARTMENT,Emergency Medicine,ED,66604,20177003603.0
3627,1500 SW 10th Ave,Topeka,SHAWNEE,BIRTHPLACE,Obstetrics,L&D,66604,20177003603.0
3628,1500 SW 10th Ave,Topeka,SHAWNEE,EMERGENCY DEPARTMENT,Emergency Medicine,ED,66604,20177003603.0
3629,1500 SW 10th Ave,Topeka,SHAWNEE,EMERGENCY DEPARTMENT,Emergency Medicine,ED,66604,20177003603.0
3630,1979 Milky Way,VERONA,*Unspecified,EMH MAIN OR,*Unspecified,OR,53593,55025012700.0
3631,1500 SW 10th Ave,Topeka,SHAWNEE,EMERGENCY DEPARTMENT,Emergency Medicine,ED,66604,20177003603.0
3632,1500 SW 10th Ave,Topeka,SHAWNEE,EMERGENCY DEPARTMENT,Emergency Medicine,ED,66604,20177003603.0
3633,1500 SW 10th Ave,Topeka,SHAWNEE,EMERGENCY DEPARTMENT,Emergency Medicine,ED,66604,20177003603.0
3634,1414 SW 8th Ave,Topeka,SHAWNEE,INFUSION CENTER,Infusion Therapy,HOD,66606,20177000500.0
3635,1500 SW 10th Ave,Topeka,SHAWNEE,CVOPC,*Unspecified,,66604,20177003603.0
3636,1500 SW 10th Ave,Topeka,SHAWNEE,EMERGENCY DEPARTMENT,Emergency Medicine,ED,66604,20177003603.0
3637,1500 SW 10th Ave,Topeka,SHAWNEE,EMERGENCY DEPARTMENT,Emergency Medicine,ED,66604,20177003603.0
3638,1500 SW 10th Ave,Topeka,SHAWNEE,EMERGENCY DEPARTMENT,Emergency Medicine,ED,66604,20177003603.0
3639,1500 SW 10th Ave,Topeka,SHAWNEE,PRE-POST,*Unspecified,OR,66604,20177003603.0
3640,1500 SW 10th Ave,Topeka,SHAWNEE,3 PAVILION,*Unspecified,,66604,20177003603.0
3641,1979 Milky Way,VERONA,*Unspecified,EMH MAIN OR,*Unspecified,OR,53593,55025012700.0
3642,1500 SW 10th Ave,Topeka,SHAWNEE,EMERGENCY DEPARTMENT,Emergency Medicine,ED,66604,20177003603.0
3643,1500 SW 10th Ave,Topeka,SHAWNEE,PRE-POST,*Unspecified,OR,66604,20177003603.0
3644,1500 SW 10th Ave,Topeka,SHAWNEE,7 NORTH,*Unspecified,,66604,20177003603.0
3645,1500 SW 10th Ave,Topeka,SHAWNEE,7 NORTH,*Unspecified,,66604,20177003603.0
3646,1500 SW 10th Ave,Topeka,SHAWNEE,7 NORTH,*Unspecified,,66604,20177003603.0
3647,1500 SW 10th Ave,Topeka,SHAWNEE,POST-SURGICAL-4WEST,*Unspecified,,66604,20177003603.0
3648,1500 SW 10th Ave,Topeka,SHAWNEE,3 PAVILION,*Unspecified,,66604,20177003603.0
3649,1500 SW 10th Ave,Topeka,SHAWNEE,EMERGENCY DEPARTMENT,Emergency Medicine,ED,66604,20177003603.0
3650,1500 SW 10th Ave,Topeka,SHAWNEE,7 NORTH,*Unspecified,,66604,20177003603.0
3651,1500 SW 10th Ave,Topeka,SHAWNEE,POST-SURGICAL-7 SOUTH,*Unspecified,,66604,20177003603.0
3652,1979 Milky Way,VERONA,*Unspecified,EMH MAIN OR,*Unspecified,OR,53593,55025012700.0
3653,1500 SW 10th Ave,Topeka,SHAWNEE,POST-SURGICAL-7 SOUTH,*Unspecified,,66604,20177003603.0
3654,1500 SW 10th Ave,Topeka,SHAWNEE,POST-SURGICAL-7 SOUTH,*Unspecified,,66604,20177003603.0
3655,1500 SW 10th Ave,Topeka,SHAWNEE,POST-SURGICAL-7 SOUTH,*Unspecified,,66604,20177003603.0
3656,1500 SW 10th Ave,Topeka,SHAWNEE,POST-SURGICAL-7 SOUTH,*Unspecified,,66604,20177003603.0
3657,1500 SW 10th Ave,Topeka,SHAWNEE,POST-SURGICAL-7 SOUTH,*Unspecified,,66604,20177003603.0
3658,1500 SW 10th Ave,Topeka,SHAWNEE,POST-SURGICAL-7 SOUTH,*Unspecified,,66604,20177003603.0
3659,1500 SW 10th Ave,Topeka,SHAWNEE,POST-SURGICAL-7 SOUTH,*Unspecified,,66604,20177003603.0
3660,1500 SW 10th Ave,Topeka,SHAWNEE,POST-SURGICAL-7 SOUTH,*Unspecified,,66604,20177003603.0
3661,1500 SW 10th Ave,Topeka,SHAWNEE,POST-SURGICAL-7 SOUTH,*Unspecified,,66604,20177003603.0
3662,1500 SW 10th Ave,Topeka,SHAWNEE,POST-SURGICAL-7 SOUTH,*Unspecified,,66604,20177003603.0
3663,1979 Milky Way,VERONA,*Unspecified,EMH MAIN OR,*Unspecified,OR,53593,55025012700.0
3664,1500 SW 10th Ave,Topeka,SHAWNEE,POST-SURGICAL-7 SOUTH,*Unspecified,,66604,20177003603.0
3665,1500 SW 10th Ave,Topeka,SHAWNEE,POST-SURGICAL-7 SOUTH,*Unspecified,,66604,20177003603.0
3666,1500 SW 10th Ave,Topeka,SHAWNEE,POST-SURGICAL-7 SOUTH,*Unspecified,,66604,20177003603.0
3667,1500 SW 10th Ave,Topeka,SHAWNEE,POST-SURGICAL-7 SOUTH,*Unspecified,,66604,20177003603.0
3668,1500 SW 10th Ave,Topeka,SHAWNEE,POST-SURGICAL-7 SOUTH,*Unspecified,,66604,20177003603.0
3669,1500 SW 10th Ave,Topeka,SHAWNEE,POST-SURGICAL-7 SOUTH,*Unspecified,,66604,20177003603.0
3670,1500 SW 10th Ave,Topeka,SHAWNEE,PEDIATRICS,Pediatrics,HOD,66604,20177003603.0
3671,3707 SW 6th Ave,Topeka,SHAWNEE,SVW-CHILD/ADOLESCENT,*Unspecified,,66606,20177000500.0
3672,- 340B00935100SV,,*Unspecified,ST OUTPATIENT CTR,*Unspecified,,,
3673,- 340B00935100SV,,*Unspecified,ST OUTPATIENT CTR,*Unspecified,,,
3674,1979 Milky Way,VERONA,*Unspecified,EMH MAIN OR,*Unspecified,OR,53593,55025012700.0
3675,- 340B00935100SV,,*Unspecified,ST OUTPATIENT CTR,*Unspecified,,,
3676,- 340B00935100SV,,*Unspecified,ST OUTPATIENT CTR,*Unspecified,,,
3677,- 340B00935100SV,,*Unspecified,ST OUTPATIENT CTR,*Unspecified,,,
3678,- 340B00935100SV,,*Unspecified,ST OUTPATIENT CTR,*Unspecified,,,
3679,- 340B00935100SV,,*Unspecified,ST OUTPATIENT CTR,*Unspecified,,,
3680,- 340B00935100SV,,*Unspecified,ST OUTPATIENT CTR,*Unspecified,,,
3681,- 340B00935100SV,,*Unspecified,ST OUTPATIENT CTR,*Unspecified,,,
3682,- 340B00935100SV,,*Unspecified,ST OUTPATIENT CTR,*Unspecified,,,
3683,- 340B00935100SV,,*Unspecified,ST OUTPATIENT CTR,*Unspecified,,,
3684,- 340B00935100SV,,*Unspecified,ST OUTPATIENT CTR,*Unspecified,,,
3685,1979 Milky Way,VERONA,*Unspecified,EMH MAIN OR,*Unspecified,OR,53593,55025012700.0
3686,- 340B00935100SV,,*Unspecified,ST OUTPATIENT CTR,*Unspecified,,,
3687,- 340B00935100SV,,*Unspecified,ST OUTPATIENT CTR,*Unspecified,,,
3688,- 340B00935100SV,,*Unspecified,ST OUTPATIENT CTR,*Unspecified,,,
3689,- 340B00935100SV,,*Unspecified,ST OUTPATIENT CTR,*Unspecified,,,
3690,1500 SW 10th Ave,Topeka,SHAWNEE,BIRTHPLACE,Obstetrics,L&D,66604,20177003603.0
3691,1500 SW 10th Ave,Topeka,SHAWNEE,BIRTHPLACE,Obstetrics,L&D,66604,20177003603.0
3692,1414 SW 8th Ave,Topeka,SHAWNEE,INFUSION CENTER,Infusion Therapy,HOD,66606,20177000500.0
3693,1500 SW 10th Ave,Topeka,SHAWNEE,PRE-POST,*Unspecified,OR,66604,20177003603.0
3694,,Topeka,SHAWNEE,MULTIPLE TESTS,*Unspecified,HOD,,
3695,1500 SW 10th Ave,Topeka,SHAWNEE,CT SCAN,Radiology,HOD,66604,20177003603.0
3696,1979 Milky Way,VERONA,*Unspecified,EMH MAIN OR,*Unspecified,OR,53593,55025012700.0
3697,1500 SW 10th Ave,Topeka,SHAWNEE,CT SCAN,Radiology,HOD,66604,20177003603.0
3698,1500 SW 10th Ave,TOPEKA,SHAWNEE,LABORATORY,Lab,Normal,66606,20177000500.0
3699,1500 SW 10th Ave,Topeka,SHAWNEE,CT SCAN,Radiology,HOD,66604,20177003603.0
3700,1500 SW 10th Ave,TOPEKA,SHAWNEE,LABORATORY,Lab,Normal,66606,20177000500.0
3701,1500 SW 10th Ave,TOPEKA,SHAWNEE,LABORATORY,Lab,Normal,66606,20177000500.0
3702,1500 SW 10th Ave,Topeka,SHAWNEE,MRI,Radiology,HOD,66604,20177003603.0
3703,1414 SW 8th Ave,Topeka,SHAWNEE,INFUSION CENTER,Infusion Therapy,HOD,66606,20177000500.0
3704,1500 SW 10th Ave,Topeka,SHAWNEE,NIC,Neonatology,ICU,66604,20177003603.0
3705,1500 SW 10th Ave,Topeka,SHAWNEE,PRE-POST,*Unspecified,OR,66604,20177003603.0
3706,1500 SW 10th Ave,Topeka,SHAWNEE,PRE-POST,*Unspecified,OR,66604,20177003603.0
3707,1979 Milky Way,VERONA,*Unspecified,EMH MAIN OR,*Unspecified,OR,53593,55025012700.0
3708,1500 SW 10th Ave,Topeka,SHAWNEE,EMERGENCY DEPARTMENT,Emergency Medicine,ED,66604,20177003603.0
3709,1500 SW 10th Ave,Topeka,SHAWNEE,7 NORTH,*Unspecified,,66604,20177003603.0
3710,1500 SW 10th Ave,Topeka,SHAWNEE,PRE-POST,*Unspecified,OR,66604,20177003603.0
3711,1500 SW 10th Ave,Topeka,SHAWNEE,EMERGENCY DEPARTMENT,Emergency Medicine,ED,66604,20177003603.0
3712,1414 SW 8th Ave,Topeka,SHAWNEE,INFUSION CENTER,Infusion Therapy,HOD,66606,20177000500.0
3713,1500 SW 10th Ave,Topeka,SHAWNEE,EMERGENCY DEPARTMENT,Emergency Medicine,ED,66604,20177003603.0
3714,1500 SW 10th Ave,Topeka,SHAWNEE,PEDIATRICS,Pediatrics,HOD,66604,20177003603.0
3715,1500 SW 10th Ave,Topeka,SHAWNEE,POST-SURGICAL-7 SOUTH,*Unspecified,,66604,20177003603.0
3716,1500 SW 10th Ave,Topeka,SHAWNEE,NIC,Neonatology,ICU,66604,20177003603.0
3717,1500 SW 10th Ave,Topeka,SHAWNEE,NIC,Neonatology,ICU,66604,20177003603.0
3718,1979 Milky Way,VERONA,*Unspecified,EMH MAIN OR,*Unspecified,OR,53593,55025012700.0
3719,1500 SW 10th Ave,Topeka,SHAWNEE,BIRTHPLACE,Obstetrics,L&D,66604,20177003603.0
3720,1500 SW 10th Ave,Topeka,SHAWNEE,EMERGENCY DEPARTMENT,Emergency Medicine,ED,66604,20177003603.0
3721,1500 SW 10th Ave,Topeka,SHAWNEE,EMERGENCY DEPARTMENT,Emergency Medicine,ED,66604,20177003603.0
3722,1500 SW 10th Ave,Topeka,SHAWNEE,POST-SURGICAL-7 SOUTH,*Unspecified,,66604,20177003603.0
3723,1414 SW 8th Ave,Topeka,SHAWNEE,RADIATION THERAPY,Radiation Therapy,HOD,66606,20177000500.0
3724,1414 SW 8th Ave,Topeka,SHAWNEE,RADIATION THERAPY,Radiation Therapy,HOD,66606,20177000500.0
3725,1414 SW 8th Ave,Topeka,SHAWNEE,RADIATION THERAPY,Radiation Therapy,HOD,66606,20177000500.0
3726,1414 SW 8th Ave,Topeka,SHAWNEE,RADIATION THERAPY,Radiation Therapy,HOD,66606,20177000500.0
3727,1414 SW 8th Ave,Topeka,SHAWNEE,RADIATION THERAPY,Radiation Therapy,HOD,66606,20177000500.0
3728,1414 SW 8th Ave,Topeka,SHAWNEE,RADIATION THERAPY,Radiation Therapy,HOD,66606,20177000500.0
3729,1979 Milky Way,VERONA,*Unspecified,EMH MAIN OR,*Unspecified,OR,53593,55025012700.0
3730,1414 SW 8th Ave,Topeka,SHAWNEE,RADIATION THERAPY,Radiation Therapy,HOD,66606,20177000500.0
3731,1414 SW 8th Ave,Topeka,SHAWNEE,RADIATION THERAPY,Radiation Therapy,HOD,66606,20177000500.0
3732,1414 SW 8th Ave,Topeka,SHAWNEE,RADIATION THERAPY,Radiation Therapy,HOD,66606,20177000500.0
3733,1414 SW 8th Ave,Topeka,SHAWNEE,RADIATION THERAPY,Radiation Therapy,HOD,66606,20177000500.0
3734,1414 SW 8th Ave,Topeka,SHAWNEE,RADIATION THERAPY,Radiation Therapy,HOD,66606,20177000500.0
3735,1414 SW 8th Ave,Topeka,SHAWNEE,RADIATION THERAPY,Radiation Therapy,HOD,66606,20177000500.0
3736,1414 SW 8th Ave,Topeka,SHAWNEE,RADIATION THERAPY,Radiation Therapy,HOD,66606,20177000500.0
3737,1414 SW 8th Ave,Topeka,SHAWNEE,RADIATION THERAPY,Radiation Therapy,HOD,66606,20177000500.0
3738,1414 SW 8th Ave,Topeka,SHAWNEE,RADIATION THERAPY,Radiation Therapy,HOD,66606,20177000500.0
3739,1414 SW 8th Ave,Topeka,SHAWNEE,RADIATION THERAPY,Radiation Therapy,HOD,66606,20177000500.0
3740,1979 Milky Way,VERONA,*Unspecified,EMH MAIN OR,*Unspecified,OR,53593,55025012700.0
3741,1414 SW 8th Ave,Topeka,SHAWNEE,RADIATION THERAPY,Radiation Therapy,HOD,66606,20177000500.0
3742,1414 SW 8th Ave,Topeka,SHAWNEE,RADIATION THERAPY,Radiation Therapy,HOD,66606,20177000500.0
3743,1414 SW 8th Ave,Topeka,SHAWNEE,RADIATION THERAPY,Radiation Therapy,HOD,66606,20177000500.0
3744,1414 SW 8th Ave,Topeka,SHAWNEE,RADIATION THERAPY,Radiation Therapy,HOD,66606,20177000500.0
3745,1414 SW 8th Ave,Topeka,SHAWNEE,CANCER CENTER PET/CT,Radiology,HOD,66606,20177000500.0
3746,1414 SW 8th Ave,Topeka,SHAWNEE,CANCER CENTER PET/CT,Radiology,HOD,66606,20177000500.0
3747,1414 SW 8th Ave,Topeka,SHAWNEE,CANCER CENTER PET/CT,Radiology,HOD,66606,20177000500.0
3748,1414 SW 8th Ave,Topeka,SHAWNEE,CANCER CENTER PET/CT,Radiology,HOD,66606,20177000500.0
3749,901 SW Garfield Ave,Topeka,SHAWNEE,CANCER CENTER,*Unspecified,HOD,66606,20177000500.0
3750,901 SW Garfield Ave,Topeka,SHAWNEE,CANCER CENTER,*Unspecified,HOD,66606,20177000500.0
3751,1979 Milky Way,VERONA,*Unspecified,EMH MAIN OR,*Unspecified,OR,53593,55025012700.0
3752,901 SW Garfield Ave,Topeka,SHAWNEE,CANCER CENTER,*Unspecified,HOD,66606,20177000500.0
3753,901 SW Garfield Ave,Topeka,SHAWNEE,CANCER CENTER,*Unspecified,HOD,66606,20177000500.0
3754,901 SW Garfield Ave,Topeka,SHAWNEE,CANCER CENTER,*Unspecified,HOD,66606,20177000500.0
3755,,Topeka,SHAWNEE,MRI CENTER,*Unspecified,HOD,,
3756,,Topeka,SHAWNEE,MRI CENTER,*Unspecified,HOD,,
3757,1414 SW 8th Ave,Topeka,SHAWNEE,CANCER CENTER PET/CT,Radiology,HOD,66606,20177000500.0
3758,1414 SW 8th Ave,Topeka,SHAWNEE,CANCER CENTER PET/CT,Radiology,HOD,66606,20177000500.0
3759,1414 SW 8th Ave,Topeka,SHAWNEE,CANCER CENTER PET/CT,Radiology,HOD,66606,20177000500.0
3760,1414 SW 8th Ave,Topeka,SHAWNEE,CANCER CENTER PET/CT,Radiology,HOD,66606,20177000500.0
3761,1414 SW 8th Ave,Topeka,SHAWNEE,CANCER CENTER PET/CT,Radiology,HOD,66606,20177000500.0
3762,1979 Milky Way,VERONA,*Unspecified,EMH MAIN OR,*Unspecified,OR,53593,55025012700.0
3763,1414 SW 8th Ave,Topeka,SHAWNEE,CANCER CENTER PET/CT,Radiology,HOD,66606,20177000500.0
3764,1414 SW 8th Ave,Topeka,SHAWNEE,CANCER CENTER PET/CT,Radiology,HOD,66606,20177000500.0
3765,1414 SW 8th Ave,Topeka,SHAWNEE,CANCER CENTER PET/CT,Radiology,HOD,66606,20177000500.0
3766,1414 SW 8th Ave,Topeka,SHAWNEE,CANCER CENTER PET/CT,Radiology,HOD,66606,20177000500.0
3767,1414 SW 8th Ave,Topeka,SHAWNEE,CANCER CENTER PET/CT,Radiology,HOD,66606,20177000500.0
3768,1414 SW 8th Ave,Topeka,SHAWNEE,CANCER CENTER PET/CT,Radiology,HOD,66606,20177000500.0
3769,1414 SW 8th Ave,Topeka,SHAWNEE,CANCER CENTER PET/CT,Radiology,HOD,66606,20177000500.0
3770,1414 SW 8th Ave,Topeka,SHAWNEE,CANCER CENTER PET/CT,Radiology,HOD,66606,20177000500.0
3771,1414 SW 8th Ave,Topeka,SHAWNEE,CANCER CENTER PET/CT,Radiology,HOD,66606,20177000500.0
3772,1414 SW 8th Ave,Topeka,SHAWNEE,CANCER CENTER PET/CT,Radiology,HOD,66606,20177000500.0
3773,1979 Milky Way,VERONA,*Unspecified,EMH MAIN OR,*Unspecified,OR,53593,55025012700.0
3774,1414 SW 8th Ave,Topeka,SHAWNEE,CANCER CENTER PET/CT,Radiology,HOD,66606,20177000500.0
3775,1500 SW 10th Ave 340B00935100SV,Topeka,SHAWNEE,CHEMOTHERAPY/INFUSION,*Unspecified,HOD,66604,20177003603.0
3776,1500 SW 10th Ave 340B00935100SV,Topeka,SHAWNEE,CHEMOTHERAPY/INFUSION,*Unspecified,HOD,66604,20177003603.0
3777,1500 SW 10th Ave 340B00935100SV,Topeka,SHAWNEE,CHEMOTHERAPY/INFUSION,*Unspecified,HOD,66604,20177003603.0
3778,1500 SW 10th Ave 340B00935100SV,Topeka,SHAWNEE,CHEMOTHERAPY/INFUSION,*Unspecified,HOD,66604,20177003603.0
3779,1500 SW 10th Ave,Topeka,SHAWNEE,NIC,Neonatology,ICU,66604,20177003603.0
3780,1500 SW 10th Ave,Topeka,SHAWNEE,NIC,Neonatology,ICU,66604,20177003603.0
3781,1500 SW 10th Ave,Topeka,SHAWNEE,NIC,Neonatology,ICU,66604,20177003603.0
3782,1500 SW 10th Ave,Topeka,SHAWNEE,NIC,Neonatology,ICU,66604,20177003603.0
3783,1500 SW 10th Ave,Topeka,SHAWNEE,NIC,Neonatology,ICU,66604,20177003603.0
3784,1979 Milky Way,VERONA,*Unspecified,EMH MAIN OR,*Unspecified,OR,53593,55025012700.0
3785,1500 SW 10th Ave,Topeka,SHAWNEE,NIC,Neonatology,ICU,66604,20177003603.0
3786,1500 SW 10th Ave 340B00935100SV,Topeka,SHAWNEE,CHEMOTHERAPY/INFUSION,*Unspecified,HOD,66604,20177003603.0
3787,1500 SW 10th Ave 340B00935100SV,Topeka,SHAWNEE,CHEMOTHERAPY/INFUSION,*Unspecified,HOD,66604,20177003603.0
3788,1500 SW 10th Ave 340B00935100SV,Topeka,SHAWNEE,CHEMOTHERAPY/INFUSION,*Unspecified,HOD,66604,20177003603.0
3789,1500 SW 10th Ave 340B00935100SV,Topeka,SHAWNEE,CHEMOTHERAPY/INFUSION,*Unspecified,HOD,66604,20177003603.0
3790,1500 SW 10th Ave 340B00935100SV,Topeka,SHAWNEE,CHEMOTHERAPY/INFUSION,*Unspecified,HOD,66604,20177003603.0
3791,1500 SW 10th Ave 340B00935100SV,Topeka,SHAWNEE,CHEMOTHERAPY/INFUSION,*Unspecified,HOD,66604,20177003603.0
3792,1500 SW 10th Ave 340B00935100SV,Topeka,SHAWNEE,CHEMOTHERAPY/INFUSION,*Unspecified,HOD,66604,20177003603.0
3793,1500 SW 10th Ave 340B00935100SV,Topeka,SHAWNEE,CHEMOTHERAPY/INFUSION,*Unspecified,HOD,66604,20177003603.0
3794,1500 SW 10th Ave 340B00935100SV,Topeka,SHAWNEE,CHEMOTHERAPY/INFUSION,*Unspecified,HOD,66604,20177003603.0
3795,1979 Milky Way,VERONA,*Unspecified,EMH RECOVERY,*Unspecified,OR,53593,55025012700.0
3796,1500 SW 10th Ave 340B00935100SV,Topeka,SHAWNEE,CHEMOTHERAPY/INFUSION,*Unspecified,HOD,66604,20177003603.0
3797,1500 SW 10th Ave 340B00935100SV,Topeka,SHAWNEE,CHEMOTHERAPY/INFUSION,*Unspecified,HOD,66604,20177003603.0
3798,1500 SW 10th Ave 340B00935100SV,Topeka,SHAWNEE,CHEMOTHERAPY/INFUSION,*Unspecified,HOD,66604,20177003603.0
3799,1500 SW 10th Ave 340B00935100SV,Topeka,SHAWNEE,CHEMOTHERAPY/INFUSION,*Unspecified,HOD,66604,20177003603.0
3800,1500 SW 10th Ave 340B00935100SV,Topeka,SHAWNEE,CHEMOTHERAPY/INFUSION,*Unspecified,HOD,66604,20177003603.0
3801,1500 SW 10th Ave 340B00935100SV,Topeka,SHAWNEE,CHEMOTHERAPY/INFUSION,*Unspecified,HOD,66604,20177003603.0
3802,1500 SW 10th Ave 340B00935100SV,Topeka,SHAWNEE,CHEMOTHERAPY/INFUSION,*Unspecified,HOD,66604,20177003603.0
3803,731 SW Mulvane St,Topeka,SHAWNEE,SV IMAGING CENTER,Radiology,HOD,66604,20177003603.0
3804,731 SW Mulvane St,Topeka,SHAWNEE,SV IMAGING CENTER,Radiology,HOD,66604,20177003603.0
3805,731 SW Mulvane St,Topeka,SHAWNEE,SV IMAGING CENTER,Radiology,HOD,66604,20177003603.0
3806,1979 Milky Way,VERONA,*Unspecified,EMH RECOVERY,*Unspecified,OR,53593,55025012700.0
3807,731 SW Mulvane St,Topeka,SHAWNEE,SV IMAGING CENTER,Radiology,HOD,66604,20177003603.0
3808,731 SW Mulvane St,Topeka,SHAWNEE,SV IMAGING CENTER,Radiology,HOD,66604,20177003603.0
3809,731 SW Mulvane St,Topeka,SHAWNEE,SV IMAGING CENTER,Radiology,HOD,66604,20177003603.0
3810,731 SW Mulvane St,Topeka,SHAWNEE,SV IMAGING CENTER,Radiology,HOD,66604,20177003603.0
3811,731 SW Mulvane St,Topeka,SHAWNEE,SV IMAGING CENTER,Radiology,HOD,66604,20177003603.0
3812,731 SW Mulvane St,Topeka,SHAWNEE,SV IMAGING CENTER,Radiology,HOD,66604,20177003603.0
3813,731 SW Mulvane St,Topeka,SHAWNEE,SV IMAGING CENTER,Radiology,HOD,66604,20177003603.0
3814,731 SW Mulvane St,Topeka,SHAWNEE,SV IMAGING CENTER,Radiology,HOD,66604,20177003603.0
3815,731 SW Mulvane St,Topeka,SHAWNEE,SV IMAGING CENTER,Radiology,HOD,66604,20177003603.0
3816,731 SW Mulvane St,Topeka,SHAWNEE,SV IMAGING CENTER,Radiology,HOD,66604,20177003603.0
3817,1979 Milky Way,VERONA,*Unspecified,EMH RECOVERY,*Unspecified,OR,53593,55025012700.0
3818,731 SW Mulvane St,Topeka,SHAWNEE,SV IMAGING CENTER,Radiology,HOD,66604,20177003603.0
3819,731 SW Mulvane St,Topeka,SHAWNEE,SV IMAGING CENTER,Radiology,HOD,66604,20177003603.0
3820,731 SW Mulvane St,Topeka,SHAWNEE,SV IMAGING CENTER,Radiology,HOD,66604,20177003603.0
3821,731 SW Mulvane St,Topeka,SHAWNEE,SV IMAGING CENTER,Radiology,HOD,66604,20177003603.0
3822,731 SW Mulvane St,Topeka,SHAWNEE,SV IMAGING CENTER,Radiology,HOD,66604,20177003603.0
3823,731 SW Mulvane St,Topeka,SHAWNEE,SV IMAGING CENTER,Radiology,HOD,66604,20177003603.0
3824,731 SW Mulvane St,Topeka,SHAWNEE,SV IMAGING CENTER,Radiology,HOD,66604,20177003603.0
3825,1500 SW 10th Ave,Topeka,SHAWNEE,POST-SURGICAL-4WEST,*Unspecified,,66604,20177003603.0
3826,1500 SW 10th Ave,Topeka,SHAWNEE,EMERGENCY DEPARTMENT,Emergency Medicine,ED,66604,20177003603.0
3827,1500 SW 10th Ave,Topeka,SHAWNEE,BIRTHPLACE,Obstetrics,L&D,66604,20177003603.0
3828,1979 Milky Way,VERONA,*Unspecified,EMH RECOVERY,*Unspecified,OR,53593,55025012700.0
3829,1500 SW 10th Ave,Topeka,SHAWNEE,BIRTHPLACE,Obstetrics,L&D,66604,20177003603.0
3830,1500 SW 10th Ave,Topeka,SHAWNEE,5 NORTH,*Unspecified,,66604,20177003603.0
3831,1500 SW 10th Ave,Topeka,SHAWNEE,EMERGENCY DEPARTMENT,Emergency Medicine,ED,66604,20177003603.0
3832,1500 SW 10th Ave,Topeka,SHAWNEE,7 NORTH,*Unspecified,,66604,20177003603.0
3833,1500 SW 10th Ave,Topeka,SHAWNEE,3 PAVILION,*Unspecified,,66604,20177003603.0
3834,1500 SW 10th Ave,Topeka,SHAWNEE,4 PAVILION,Hematology and Oncology,,66604,20177003603.0
3835,1500 SW 10th Ave,Topeka,SHAWNEE,PEDIATRICS,Pediatrics,HOD,66604,20177003603.0
3836,1500 SW 10th Ave,Topeka,SHAWNEE,PEDIATRICS,Pediatrics,HOD,66604,20177003603.0
3837,920 SW Lane St,Topeka,*Unspecified,EXCELLENT SURGERY,*Unspecified,,66606,20177000500.0
3838,920 SW Lane St,Topeka,*Unspecified,EXCELLENT SURGERY,*Unspecified,,66606,20177000500.0
3839,1979 Milky Way,VERONA,*Unspecified,EMH RECOVERY,*Unspecified,OR,53593,55025012700.0
3840,920 SW Lane St,Topeka,*Unspecified,EXCELLENT SURGERY,*Unspecified,,66606,20177000500.0
3841,920 SW Lane St,Topeka,*Unspecified,EXCELLENT SURGERY,*Unspecified,,66606,20177000500.0
3842,920 SW Lane St,Topeka,*Unspecified,EXCELLENT SURGERY,*Unspecified,,66606,20177000500.0
3843,920 SW Lane St,Topeka,*Unspecified,EXCELLENT SURGERY,*Unspecified,,66606,20177000500.0
3844,920 SW Lane St,Topeka,*Unspecified,EXCELLENT SURGERY,*Unspecified,,66606,20177000500.0
3845,920 SW Lane St,Topeka,*Unspecified,EXCELLENT SURGERY,*Unspecified,,66606,20177000500.0
3846,920 SW Lane St,Topeka,*Unspecified,EXCELLENT SURGERY,*Unspecified,,66606,20177000500.0
3847,920 SW Lane St,Topeka,*Unspecified,EXCELLENT SURGERY,*Unspecified,,66606,20177000500.0
3848,920 SW Lane St,Topeka,*Unspecified,EXCELLENT SURGERY,*Unspecified,,66606,20177000500.0
3849,920 SW Lane St,Topeka,*Unspecified,EXCELLENT SURGERY,*Unspecified,,66606,20177000500.0
3850,1979 Milky Way,VERONA,*Unspecified,EMH RECOVERY,*Unspecified,OR,53593,55025012700.0
3851,920 SW Lane St,Topeka,*Unspecified,EXCELLENT SURGERY,*Unspecified,,66606,20177000500.0
3852,920 SW Lane St,Topeka,*Unspecified,EXCELLENT SURGERY,*Unspecified,,66606,20177000500.0
3853,920 SW Lane St,Topeka,*Unspecified,EXCELLENT SURGERY,*Unspecified,,66606,20177000500.0
3854,920 SW Lane St,Topeka,*Unspecified,EXCELLENT SURGERY,*Unspecified,,66606,20177000500.0
3855,920 SW Lane St,Topeka,*Unspecified,EXCELLENT SURGERY,*Unspecified,,66606,20177000500.0
3856,920 SW Lane St,Topeka,*Unspecified,EXCELLENT SURGERY,*Unspecified,,66606,20177000500.0
3857,920 SW Lane St,Topeka,*Unspecified,EXCELLENT SURGERY,*Unspecified,,66606,20177000500.0
3858,920 SW Lane St,Topeka,*Unspecified,EXCELLENT SURGERY,*Unspecified,,66606,20177000500.0
3859,920 SW Lane St,Topeka,*Unspecified,EXCELLENT SURGERY,*Unspecified,,66606,20177000500.0
3860,920 SW Lane St,Topeka,*Unspecified,EXCELLENT SURGERY,*Unspecified,,66606,20177000500.0
3861,1979 Milky Way,VERONA,*Unspecified,EMH RECOVERY,*Unspecified,OR,53593,55025012700.0
3862,920 SW Lane St,Topeka,*Unspecified,EXCELLENT SURGERY,*Unspecified,,66606,20177000500.0
3863,920 SW Lane St,Topeka,*Unspecified,EXCELLENT SURGERY,*Unspecified,,66606,20177000500.0
3864,920 SW Lane St,Topeka,*Unspecified,EXCELLENT SURGERY,*Unspecified,,66606,20177000500.0
3865,920 SW Lane St,Topeka,*Unspecified,EXCELLENT SURGERY,*Unspecified,,66606,20177000500.0
3866,920 SW Lane St,Topeka,*Unspecified,EXCELLENT SURGERY,*Unspecified,,66606,20177000500.0
3867,920 SW Lane St,Topeka,*Unspecified,EXCELLENT SURGERY,*Unspecified,,66606,20177000500.0
3868,920 SW Lane St,Topeka,*Unspecified,EXCELLENT SURGERY,*Unspecified,,66606,20177000500.0
3869,920 SW Lane St,Topeka,*Unspecified,EXCELLENT SURGERY,*Unspecified,,66606,20177000500.0
3870,920 SW Lane St 340B00935100SV,Topeka,SHAWNEE,EXCELLENT SURG OP,*Unspecified,,66606,20177000500.0
3871,920 SW Lane St 340B00935100SV,Topeka,SHAWNEE,EXCELLENT SURG OP,*Unspecified,,66606,20177000500.0
3872,1979 Milky Way,VERONA,*Unspecified,EMH ANTEPARTUM,Obstetrics,L&D,53593,55025012700.0
3873,920 SW Lane St 340B00935100SV,Topeka,SHAWNEE,EXCELLENT SURG OP,*Unspecified,,66606,20177000500.0
3874,920 SW Lane St 340B00935100SV,Topeka,SHAWNEE,EXCELLENT SURG OP,*Unspecified,,66606,20177000500.0
3875,920 SW Lane St 340B00935100SV,Topeka,SHAWNEE,EXCELLENT SURG OP,*Unspecified,,66606,20177000500.0
3876,920 SW Lane St 340B00935100SV,Topeka,SHAWNEE,EXCELLENT SURG OP,*Unspecified,,66606,20177000500.0
3877,920 SW Lane St 340B00935100SV,Topeka,SHAWNEE,EXCELLENT SURG OP,*Unspecified,,66606,20177000500.0
3878,920 SW Lane St 340B00935100SV,Topeka,SHAWNEE,EXCELLENT SURG OP,*Unspecified,,66606,20177000500.0
3879,920 SW Lane St 340B00935100SV,Topeka,SHAWNEE,EXCELLENT SURG OP,*Unspecified,,66606,20177000500.0
3880,920 SW Lane St 340B00935100SV,Topeka,SHAWNEE,EXCELLENT SURG OP,*Unspecified,,66606,20177000500.0
3881,920 SW Lane St 340B00935100SV,Topeka,SHAWNEE,EXCELLENT SURG OP,*Unspecified,,66606,20177000500.0
3882,920 SW Lane St 340B00935100SV,Topeka,SHAWNEE,EXCELLENT SURG OP,*Unspecified,,66606,20177000500.0
3883,1979 Milky Way,VERONA,*Unspecified,EMH ANTEPARTUM,Obstetrics,L&D,53593,55025012700.0
3884,920 SW Lane St 340B00935100SV,Topeka,SHAWNEE,EXCELLENT SURG OP,*Unspecified,,66606,20177000500.0
3885,920 SW Lane St 340B00935100SV,Topeka,SHAWNEE,EXCELLENT SURG OP,*Unspecified,,66606,20177000500.0
3886,920 SW Lane St 340B00935100SV,Topeka,SHAWNEE,EXCELLENT SURG OP,*Unspecified,,66606,20177000500.0
3887,920 SW Lane St 340B00935100SV,Topeka,SHAWNEE,EXCELLENT SURG OP,*Unspecified,,66606,20177000500.0
3888,920 SW Lane St 340B00935100SV,Topeka,SHAWNEE,EXCELLENT SURG OP,*Unspecified,,66606,20177000500.0
3889,920 SW Lane St 340B00935100SV,Topeka,SHAWNEE,EXCELLENT SURG OP,*Unspecified,,66606,20177000500.0
3890,920 SW Lane St 340B00935100SV,Topeka,SHAWNEE,EXCELLENT SURG OP,*Unspecified,,66606,20177000500.0
3891,920 SW Lane St 340B00935100SV,Topeka,SHAWNEE,EXCELLENT SURG OP,*Unspecified,,66606,20177000500.0
3892,1500 SW 10th Ave,Topeka,SHAWNEE,EMERGENCY DEPARTMENT,Emergency Medicine,ED,66604,20177003603.0
3893,920 SW Lane St,Topeka,*Unspecified,EXCELLENT SURGERY,*Unspecified,,66606,20177000500.0
3894,1979 Milky Way,VERONA,*Unspecified,EMH ANTEPARTUM,Obstetrics,L&D,53593,55025012700.0
3895,1500 SW 10th Ave,Topeka,SHAWNEE,PEDIATRICS,Pediatrics,HOD,66604,20177003603.0
3896,1500 SW 10th Ave,Topeka,SHAWNEE,EMERGENCY DEPARTMENT,Emergency Medicine,ED,66604,20177003603.0
3897,1414 SW 8th Ave,Topeka,SHAWNEE,INFUSION CENTER,Infusion Therapy,HOD,66606,20177000500.0
3898,1500 SW 10th Ave,Topeka,SHAWNEE,PRE-POST,*Unspecified,OR,66604,20177003603.0
3899,1500 SW 10th Ave,Topeka,SHAWNEE,3 PAVILION,*Unspecified,,66604,20177003603.0
3900,3707 SW 6th Ave,Topeka,SHAWNEE,SVW-ADULT,*Unspecified,,66606,20177000500.0
3901,1500 SW 10th Ave,Topeka,SHAWNEE,POST-SURGICAL-7 SOUTH,*Unspecified,,66604,20177003603.0
3902,1500 SW 10th Ave,Topeka,SHAWNEE,POST-SURGICAL-7 SOUTH,*Unspecified,,66604,20177003603.0
3903,1500 SW 10th Ave,Topeka,SHAWNEE,POST-SURGICAL-7 SOUTH,*Unspecified,,66604,20177003603.0
3904,1500 SW 10th Ave,Topeka,SHAWNEE,EMERGENCY DEPARTMENT,Emergency Medicine,ED,66604,20177003603.0
3905,1979 Milky Way,VERONA,*Unspecified,EMH ANTEPARTUM,Obstetrics,L&D,53593,55025012700.0
3906,1500 SW 10th Ave,Topeka,SHAWNEE,EMERGENCY DEPARTMENT,Emergency Medicine,ED,66604,20177003603.0
3907,1500 SW 10th Ave,Topeka,SHAWNEE,PRE-POST,*Unspecified,OR,66604,20177003603.0
3908,1500 SW 10th Ave,Topeka,SHAWNEE,EMERGENCY DEPARTMENT,Emergency Medicine,ED,66604,20177003603.0
3909,1500 SW 10th Ave,Topeka,SHAWNEE,EMERGENCY DEPARTMENT,Emergency Medicine,ED,66604,20177003603.0
3910,1500 SW 10th Ave,Topeka,SHAWNEE,EMERGENCY DEPARTMENT,Emergency Medicine,ED,66604,20177003603.0
3911,1500 SW 10th Ave,Topeka,SHAWNEE,3 PAVILION,*Unspecified,,66604,20177003603.0
3912,1500 SW 10th Ave,Topeka,SHAWNEE,5 NORTH,*Unspecified,,66604,20177003603.0
3913,1500 SW 10th Ave,Topeka,SHAWNEE,EMERGENCY DEPARTMENT,Emergency Medicine,ED,66604,20177003603.0
3914,1500 SW 10th Ave,Topeka,SHAWNEE,PRE-POST,*Unspecified,OR,66604,20177003603.0
3915,1500 SW 10th Ave,Topeka,SHAWNEE,POST-SURGICAL-7 SOUTH,*Unspecified,,66604,20177003603.0
3916,1979 Milky Way,VERONA,*Unspecified,EMH ANTEPARTUM,Obstetrics,L&D,53593,55025012700.0
3917,1500 SW 10th Ave,Topeka,SHAWNEE,EMERGENCY DEPARTMENT,Emergency Medicine,ED,66604,20177003603.0
3918,1500 SW 10th Ave,Topeka,SHAWNEE,POST-SURGICAL-4WEST,*Unspecified,,66604,20177003603.0
3919,1500 SW 10th Ave,Topeka,SHAWNEE,EMERGENCY DEPARTMENT,Emergency Medicine,ED,66604,20177003603.0
3920,1500 SW 10th Ave,Topeka,SHAWNEE,EMERGENCY DEPARTMENT,Emergency Medicine,ED,66604,20177003603.0
3921,1500 SW 10th Ave 340B00935100SV,Topeka,SHAWNEE,GERO-PSYCH-6WEST,*Unspecified,,66604,20177003603.0
3922,1500 SW 10th Ave 340B00935100SV,Topeka,SHAWNEE,GERO-PSYCH-6WEST,*Unspecified,,66604,20177003603.0
3923,1500 SW 10th Ave 340B00935100SV,Topeka,SHAWNEE,GERO-PSYCH-6WEST,*Unspecified,,66604,20177003603.0
3924,1500 SW 10th Ave,Topeka,SHAWNEE,EMERGENCY DEPARTMENT,Emergency Medicine,ED,66604,20177003603.0
3925,1500 SW 10th Ave,Topeka,SHAWNEE,CVOPC,*Unspecified,,66604,20177003603.0
3926,1500 SW 10th Ave,Topeka,SHAWNEE,3 PAVILION,*Unspecified,,66604,20177003603.0
3927,1979 Milky Way,VERONA,*Unspecified,EMH POSTPARTUM,*Unspecified,L&D,53593,55025012700.0
3928,1500 SW 10th Ave,Topeka,SHAWNEE,POST-SURGICAL-7 SOUTH,*Unspecified,,66604,20177003603.0
3929,3707 SW 6th Ave,Topeka,SHAWNEE,SVW-CHILD/ADOLESCENT,*Unspecified,,66606,20177000500.0
3930,1500 SW 10th Ave,Topeka,SHAWNEE,POST-SURGICAL-7 SOUTH,*Unspecified,,66604,20177003603.0
3931,1500 SW 10th Ave,Topeka,SHAWNEE,POST-SURGICAL-7 SOUTH,*Unspecified,,66604,20177003603.0
3932,1500 SW 10th Ave,Topeka,SHAWNEE,6 NORTH,*Unspecified,,66604,20177003603.0
3933,1500 SW 10th Ave,Topeka,SHAWNEE,BIRTHPLACE,Obstetrics,L&D,66604,20177003603.0
3934,1500 SW 10th Ave,Topeka,SHAWNEE,EMERGENCY DEPARTMENT,Emergency Medicine,ED,66604,20177003603.0
3935,1500 SW 10th Ave,Topeka,SHAWNEE,EMERGENCY DEPARTMENT,Emergency Medicine,ED,66604,20177003603.0
3936,1500 SW 10th Ave,Topeka,SHAWNEE,EMERGENCY DEPARTMENT,Emergency Medicine,ED,66604,20177003603.0
3937,1500 SW 10th Ave,Topeka,SHAWNEE,EMERGENCY DEPARTMENT,Emergency Medicine,ED,66604,20177003603.0
3938,1979 Milky Way,VERONA,*Unspecified,EMH RECOVERY,*Unspecified,OR,53593,55025012700.0
3939,1500 SW 10th Ave,Topeka,SHAWNEE,SPINE CENTER,*Unspecified,,66604,20177003603.0
3940,1500 SW 10th Ave,Topeka,SHAWNEE,EMERGENCY DEPARTMENT,Emergency Medicine,ED,66604,20177003603.0
3941,1500 SW 10th Ave,Topeka,SHAWNEE,EMERGENCY DEPARTMENT,Emergency Medicine,ED,66604,20177003603.0
3942,1500 SW 10th Ave,Topeka,SHAWNEE,EMERGENCY DEPARTMENT,Emergency Medicine,ED,66604,20177003603.0
3943,1500 SW 10th Ave,Topeka,SHAWNEE,EMERGENCY DEPARTMENT,Emergency Medicine,ED,66604,20177003603.0
3944,1500 SW 10th Ave,Topeka,SHAWNEE,EMERGENCY DEPARTMENT,Emergency Medicine,ED,66604,20177003603.0
3945,1500 SW 10th Ave,Topeka,SHAWNEE,SPINE CENTER,*Unspecified,,66604,20177003603.0
3946,1500 SW 10th Ave,Topeka,SHAWNEE,SPINE CENTER,*Unspecified,,66604,20177003603.0
3947,1500 SW 10th Ave,Topeka,SHAWNEE,SPINE CENTER,*Unspecified,,66604,20177003603.0
3948,1500 SW 10th Ave,Topeka,SHAWNEE,SPINE CENTER,*Unspecified,,66604,20177003603.0
3949,1979 Milky Way,VERONA,*Unspecified,EMH RECOVERY,*Unspecified,OR,53593,55025012700.0
3950,1500 SW 10th Ave,Topeka,SHAWNEE,SPINE CENTER,*Unspecified,,66604,20177003603.0
3951,1500 SW 10th Ave,Topeka,SHAWNEE,SPINE CENTER,*Unspecified,,66604,20177003603.0
3952,1500 SW 10th Ave,Topeka,SHAWNEE,SPINE CENTER,*Unspecified,,66604,20177003603.0
3953,1500 SW 10th Ave,Topeka,SHAWNEE,SPINE CENTER,*Unspecified,,66604,20177003603.0
3954,1500 SW 10th Ave,Topeka,SHAWNEE,SPINE CENTER,*Unspecified,,66604,20177003603.0
3955,1500 SW 10th Ave,Topeka,SHAWNEE,SPINE CENTER,*Unspecified,,66604,20177003603.0
3956,1500 SW 10th Ave,Topeka,SHAWNEE,SPINE CENTER,*Unspecified,,66604,20177003603.0
3957,1500 SW 10th Ave,Topeka,SHAWNEE,SPINE CENTER,*Unspecified,,66604,20177003603.0
3958,1500 SW 10th Ave,Topeka,SHAWNEE,SPINE CENTER,*Unspecified,,66604,20177003603.0
3959,1500 SW 10th Ave,Topeka,SHAWNEE,SPINE CENTER,*Unspecified,,66604,20177003603.0
3960,1979 Milky Way,VERONA,*Unspecified,EMH RECOVERY,*Unspecified,OR,53593,55025012700.0
3961,1500 SW 10th Ave,Topeka,SHAWNEE,EMERGENCY DEPARTMENT,Emergency Medicine,ED,66604,20177003603.0
3962,1500 SW 10th Ave,Topeka,SHAWNEE,6 NORTH,*Unspecified,,66604,20177003603.0
3963,1414 SW 8th Ave,Topeka,SHAWNEE,INFUSION CENTER,Infusion Therapy,HOD,66606,20177000500.0
3964,1414 SW 8th Ave,Topeka,SHAWNEE,INFUSION CENTER,Infusion Therapy,HOD,66606,20177000500.0
3965,1414 SW 8th Ave,Topeka,SHAWNEE,INFUSION CENTER,Infusion Therapy,HOD,66606,20177000500.0
3966,1414 SW 8th Ave,Topeka,SHAWNEE,INFUSION CENTER,Infusion Therapy,HOD,66606,20177000500.0
3967,1414 SW 8th Ave,Topeka,SHAWNEE,INFUSION CENTER,Infusion Therapy,HOD,66606,20177000500.0
3968,1414 SW 8th Ave,Topeka,SHAWNEE,INFUSION CENTER,Infusion Therapy,HOD,66606,20177000500.0
3969,1414 SW 8th Ave,Topeka,SHAWNEE,INFUSION CENTER,Infusion Therapy,HOD,66606,20177000500.0
3970,1414 SW 8th Ave,Topeka,SHAWNEE,INFUSION CENTER,Infusion Therapy,HOD,66606,20177000500.0
3971,1979 Milky Way,VERONA,*Unspecified,EMH RECOVERY,*Unspecified,OR,53593,55025012700.0
3972,1414 SW 8th Ave,Topeka,SHAWNEE,INFUSION CENTER,Infusion Therapy,HOD,66606,20177000500.0
3973,1414 SW 8th Ave,Topeka,SHAWNEE,INFUSION CENTER,Infusion Therapy,HOD,66606,20177000500.0
3974,1414 SW 8th Ave,Topeka,SHAWNEE,INFUSION CENTER,Infusion Therapy,HOD,66606,20177000500.0
3975,1414 SW 8th Ave,Topeka,SHAWNEE,INFUSION CENTER,Infusion Therapy,HOD,66606,20177000500.0
3976,1414 SW 8th Ave,Topeka,SHAWNEE,INFUSION CENTER,Infusion Therapy,HOD,66606,20177000500.0
3977,1414 SW 8th Ave,Topeka,SHAWNEE,INFUSION CENTER,Infusion Therapy,HOD,66606,20177000500.0
3978,1414 SW 8th Ave,Topeka,SHAWNEE,INFUSION CENTER,Infusion Therapy,HOD,66606,20177000500.0
3979,1414 SW 8th Ave,Topeka,SHAWNEE,INFUSION CENTER,Infusion Therapy,HOD,66606,20177000500.0
3980,1500 SW 10th Ave,Topeka,SHAWNEE,BIRTHPLACE,Obstetrics,L&D,66604,20177003603.0
3981,1500 SW 10th Ave,Topeka,SHAWNEE,3 PAVILION,*Unspecified,,66604,20177003603.0
3982,1979 Milky Way,VERONA,*Unspecified,EMH RECOVERY,*Unspecified,OR,53593,55025012700.0
3983,1500 SW 10th Ave,Topeka,SHAWNEE,JOINT CENTER,*Unspecified,,66604,20177003603.0
3984,1500 SW 10th Ave,Topeka,SHAWNEE,JOINT CENTER,*Unspecified,,66604,20177003603.0
3985,1500 SW 10th Ave,Topeka,SHAWNEE,JOINT CENTER,*Unspecified,,66604,20177003603.0
3986,1500 SW 10th Ave,Topeka,SHAWNEE,JOINT CENTER,*Unspecified,,66604,20177003603.0
3987,1500 SW 10th Ave,Topeka,SHAWNEE,JOINT CENTER,*Unspecified,,66604,20177003603.0
3988,3707 SW 6th Ave,Topeka,SHAWNEE,SVW-CHILD/ADOLESCENT,*Unspecified,,66606,20177000500.0
3989,1500 SW 10th Ave,Topeka,SHAWNEE,EMERGENCY DEPARTMENT,Emergency Medicine,ED,66604,20177003603.0
3990,1500 SW 10th Ave 340B00935100SV,Topeka,SHAWNEE,OP OBSERV UNIT,*Unspecified,,66604,20177003603.0
3991,1500 SW 10th Ave 340B00935100SV,Topeka,SHAWNEE,OP OBSERV UNIT,*Unspecified,,66604,20177003603.0
3992,1500 SW 10th Ave,Topeka,SHAWNEE,EMERGENCY DEPARTMENT,Emergency Medicine,ED,66604,20177003603.0
3993,1979 Milky Way,VERONA,*Unspecified,EMH RECOVERY,*Unspecified,OR,53593,55025012700.0
3994,1500 SW 10th Ave,Topeka,SHAWNEE,PRE-POST,*Unspecified,OR,66604,20177003603.0
3995,1500 SW 10th Ave,Topeka,SHAWNEE,NIC,Neonatology,ICU,66604,20177003603.0
3996,1500 SW 10th Ave,Topeka,SHAWNEE,PRE-POST,*Unspecified,OR,66604,20177003603.0
3997,1500 SW 10th Ave,Topeka,SHAWNEE,5 NORTH,*Unspecified,,66604,20177003603.0
3998,1500 SW 10th Ave,Topeka,SHAWNEE,7 NORTH,*Unspecified,,66604,20177003603.0
3999,1500 SW 10th Ave,Topeka,SHAWNEE,EMERGENCY DEPARTMENT,Emergency Medicine,ED,66604,20177003603.0
4000,1500 SW 10th Ave,Topeka,SHAWNEE,EMERGENCY DEPARTMENT,Emergency Medicine,ED,66604,20177003603.0
4001,1500 SW 10th Ave,Topeka,SHAWNEE,PRE-POST,*Unspecified,OR,66604,20177003603.0
4002,1500 SW 10th Ave,Topeka,SHAWNEE,PRE-POST,*Unspecified,OR,66604,20177003603.0
4003,1500 SW 10th Ave,Topeka,SHAWNEE,BIRTHPLACE,Obstetrics,L&D,66604,20177003603.0
4004,1979 Milky Way,VERONA,*Unspecified,EMH RECOVERY,*Unspecified,OR,53593,55025012700.0
4005,1500 SW 10th Ave,Topeka,SHAWNEE,EMERGENCY DEPARTMENT,Emergency Medicine,ED,66604,20177003603.0
4006,1500 SW 10th Ave,Topeka,SHAWNEE,EMERGENCY DEPARTMENT,Emergency Medicine,ED,66604,20177003603.0
4007,1500 SW 10th Ave,Topeka,SHAWNEE,EMERGENCY DEPARTMENT,Emergency Medicine,ED,66604,20177003603.0
4008,1500 SW 10th Ave,Topeka,SHAWNEE,EMERGENCY DEPARTMENT,Emergency Medicine,ED,66604,20177003603.0
4009,1500 SW 10th Ave,Topeka,SHAWNEE,EMERGENCY DEPARTMENT,Emergency Medicine,ED,66604,20177003603.0
4010,1500 SW 10th Ave,Topeka,SHAWNEE,EMERGENCY DEPARTMENT,Emergency Medicine,ED,66604,20177003603.0
4011,1500 SW 10th Ave,Topeka,SHAWNEE,EMERGENCY DEPARTMENT,Emergency Medicine,ED,66604,20177003603.0
4012,1500 SW 10th Ave,Topeka,SHAWNEE,PRE-POST,*Unspecified,OR,66604,20177003603.0
4013,1500 SW 10th Ave,Topeka,SHAWNEE,EMERGENCY DEPARTMENT,Emergency Medicine,ED,66604,20177003603.0
4014,3707 SW 6th Ave,Topeka,SHAWNEE,SVW-ADULT,*Unspecified,,66606,20177000500.0
4015,1979 Milky Way,VERONA,*Unspecified,EMH RECOVERY,*Unspecified,OR,53593,55025012700.0
4016,1500 SW 10th Ave,Topeka,SHAWNEE,POST-SURGICAL-7 SOUTH,*Unspecified,,66604,20177003603.0
4017,1500 SW 10th Ave,Topeka,SHAWNEE,EMERGENCY DEPARTMENT,Emergency Medicine,ED,66604,20177003603.0
4018,1500 SW 10th Ave,Topeka,SHAWNEE,EMERGENCY DEPARTMENT,Emergency Medicine,ED,66604,20177003603.0
4019,1500 SW 10th Ave,Topeka,SHAWNEE,SPINE CENTER,*Unspecified,,66604,20177003603.0
4020,1500 SW 10th Ave,Topeka,SHAWNEE,EMERGENCY DEPARTMENT,Emergency Medicine,ED,66604,20177003603.0
4021,1500 SW 10th Ave,Topeka,SHAWNEE,EMERGENCY DEPARTMENT,Emergency Medicine,ED,66604,20177003603.0
4022,1500 SW 10th Ave,Topeka,SHAWNEE,EMERGENCY DEPARTMENT,Emergency Medicine,ED,66604,20177003603.0
4023,1500 SW 10th Ave,Topeka,SHAWNEE,EMERGENCY DEPARTMENT,Emergency Medicine,ED,66604,20177003603.0
4024,1500 SW 10th Ave,Topeka,SHAWNEE,EMERGENCY DEPARTMENT,Emergency Medicine,ED,66604,20177003603.0
4025,1500 SW 10th Ave,Topeka,SHAWNEE,EMERGENCY DEPARTMENT,Emergency Medicine,ED,66604,20177003603.0
4026,1979 Milky Way,VERONA,*Unspecified,EMH RECOVERY,*Unspecified,OR,53593,55025012700.0
4027,1500 SW 10th Ave,Topeka,SHAWNEE,EMERGENCY DEPARTMENT,Emergency Medicine,ED,66604,20177003603.0
4028,1500 SW 10th Ave,Topeka,SHAWNEE,EMERGENCY DEPARTMENT,Emergency Medicine,ED,66604,20177003603.0
4029,1500 SW 10th Ave,Topeka,SHAWNEE,EMERGENCY DEPARTMENT,Emergency Medicine,ED,66604,20177003603.0
4030,1500 SW 10th Ave,Topeka,SHAWNEE,EMERGENCY DEPARTMENT,Emergency Medicine,ED,66604,20177003603.0
4031,1500 SW 10th Ave,Topeka,SHAWNEE,EMERGENCY DEPARTMENT,Emergency Medicine,ED,66604,20177003603.0
4032,1500 SW 10th Ave,Topeka,SHAWNEE,EMERGENCY DEPARTMENT,Emergency Medicine,ED,66604,20177003603.0
4033,1500 SW 10th Ave,Topeka,SHAWNEE,EMERGENCY DEPARTMENT,Emergency Medicine,ED,66604,20177003603.0
4034,1500 SW 10th Ave,Topeka,SHAWNEE,EMERGENCY DEPARTMENT,Emergency Medicine,ED,66604,20177003603.0
4035,1500 SW 10th Ave,Topeka,SHAWNEE,EMERGENCY DEPARTMENT,Emergency Medicine,ED,66604,20177003603.0
4036,1500 SW 10th Ave,Topeka,SHAWNEE,EMERGENCY DEPARTMENT,Emergency Medicine,ED,66604,20177003603.0
4037,1979 Milky Way,VERONA,*Unspecified,EMH RECOVERY,*Unspecified,OR,53593,55025012700.0
4038,1500 SW 10th Ave,Topeka,SHAWNEE,EMERGENCY DEPARTMENT,Emergency Medicine,ED,66604,20177003603.0
4039,1500 SW 10th Ave,Topeka,SHAWNEE,EMERGENCY DEPARTMENT,Emergency Medicine,ED,66604,20177003603.0
4040,1500 SW 10th Ave,Topeka,SHAWNEE,EMERGENCY DEPARTMENT,Emergency Medicine,ED,66604,20177003603.0
4041,1500 SW 10th Ave,Topeka,SHAWNEE,EMERGENCY DEPARTMENT,Emergency Medicine,ED,66604,20177003603.0
4042,1500 SW 10th Ave,Topeka,SHAWNEE,EMERGENCY DEPARTMENT,Emergency Medicine,ED,66604,20177003603.0
4043,1500 SW 10th Ave,Topeka,SHAWNEE,EMERGENCY DEPARTMENT,Emergency Medicine,ED,66604,20177003603.0
4044,1500 SW 10th Ave,Topeka,SHAWNEE,EMERGENCY DEPARTMENT,Emergency Medicine,ED,66604,20177003603.0
4045,1500 SW 10th Ave,Topeka,SHAWNEE,EMERGENCY DEPARTMENT,Emergency Medicine,ED,66604,20177003603.0
4046,1500 SW 10th Ave,Topeka,SHAWNEE,EMERGENCY DEPARTMENT,Emergency Medicine,ED,66604,20177003603.0
4047,1500 SW 10th Ave,Topeka,SHAWNEE,EMERGENCY DEPARTMENT,Emergency Medicine,ED,66604,20177003603.0
4048,1979 Milky Way,VERONA,*Unspecified,EMH RECOVERY,*Unspecified,OR,53593,55025012700.0
4049,1500 SW 10th Ave,Topeka,SHAWNEE,EMERGENCY DEPARTMENT,Emergency Medicine,ED,66604,20177003603.0
4050,1500 SW 10th Ave,Topeka,SHAWNEE,EMERGENCY DEPARTMENT,Emergency Medicine,ED,66604,20177003603.0
4051,1500 SW 10th Ave,Topeka,SHAWNEE,EMERGENCY DEPARTMENT,Emergency Medicine,ED,66604,20177003603.0
4052,1500 SW 10th Ave,Topeka,SHAWNEE,EMERGENCY DEPARTMENT,Emergency Medicine,ED,66604,20177003603.0
4053,1500 SW 10th Ave,Topeka,SHAWNEE,EMERGENCY DEPARTMENT,Emergency Medicine,ED,66604,20177003603.0
4054,1500 SW 10th Ave,Topeka,SHAWNEE,EMERGENCY DEPARTMENT,Emergency Medicine,ED,66604,20177003603.0
4055,1500 SW 10th Ave,Topeka,SHAWNEE,EMERGENCY DEPARTMENT,Emergency Medicine,ED,66604,20177003603.0
4056,1500 SW 10th Ave,Topeka,SHAWNEE,EMERGENCY DEPARTMENT,Emergency Medicine,ED,66604,20177003603.0
4057,1500 SW 10th Ave,Topeka,SHAWNEE,EMERGENCY DEPARTMENT,Emergency Medicine,ED,66604,20177003603.0
4058,1500 SW 10th Ave,Topeka,SHAWNEE,EMERGENCY DEPARTMENT,Emergency Medicine,ED,66604,20177003603.0
4059,1979 Milky Way,VERONA,*Unspecified,EMH RECOVERY,*Unspecified,OR,53593,55025012700.0
4060,1500 SW 10th Ave,Topeka,SHAWNEE,EMERGENCY DEPARTMENT,Emergency Medicine,ED,66604,20177003603.0
4061,1500 SW 10th Ave,Topeka,SHAWNEE,EMERGENCY DEPARTMENT,Emergency Medicine,ED,66604,20177003603.0
4062,1500 SW 10th Ave,Topeka,SHAWNEE,EMERGENCY DEPARTMENT,Emergency Medicine,ED,66604,20177003603.0
4063,1500 SW 10th Ave,Topeka,SHAWNEE,EMERGENCY DEPARTMENT,Emergency Medicine,ED,66604,20177003603.0
4064,1500 SW 10th Ave,Topeka,SHAWNEE,EMERGENCY DEPARTMENT,Emergency Medicine,ED,66604,20177003603.0
4065,1500 SW 10th Ave,Topeka,SHAWNEE,EMERGENCY DEPARTMENT,Emergency Medicine,ED,66604,20177003603.0
4066,1500 SW 10th Ave,Topeka,SHAWNEE,EMERGENCY DEPARTMENT,Emergency Medicine,ED,66604,20177003603.0
4067,1500 SW 10th Ave,Topeka,SHAWNEE,EMERGENCY DEPARTMENT,Emergency Medicine,ED,66604,20177003603.0
4068,1500 SW 10th Ave,Topeka,SHAWNEE,EMERGENCY DEPARTMENT,Emergency Medicine,ED,66604,20177003603.0
4069,1500 SW 10th Ave,Topeka,SHAWNEE,EMERGENCY DEPARTMENT,Emergency Medicine,ED,66604,20177003603.0
4070,1979 Milky Way,VERONA,*Unspecified,EMH PSYCHIATRY,Psychiatry,,53593,55025012700.0
4071,1500 SW 10th Ave,Topeka,SHAWNEE,EMERGENCY DEPARTMENT,Emergency Medicine,ED,66604,20177003603.0
4072,1500 SW 10th Ave,Topeka,SHAWNEE,EMERGENCY DEPARTMENT,Emergency Medicine,ED,66604,20177003603.0
4073,1500 SW 10th Ave,Topeka,SHAWNEE,EMERGENCY DEPARTMENT,Emergency Medicine,ED,66604,20177003603.0
4074,1500 SW 10th Ave,Topeka,SHAWNEE,EMERGENCY DEPARTMENT,Emergency Medicine,ED,66604,20177003603.0
4075,1500 SW 10th Ave,Topeka,SHAWNEE,EMERGENCY DEPARTMENT,Emergency Medicine,ED,66604,20177003603.0
4076,1500 SW 10th Ave,Topeka,SHAWNEE,EMERGENCY DEPARTMENT,Emergency Medicine,ED,66604,20177003603.0
4077,1500 SW 10th Ave,Topeka,SHAWNEE,EMERGENCY DEPARTMENT,Emergency Medicine,ED,66604,20177003603.0
4078,1500 SW 10th Ave,Topeka,SHAWNEE,EMERGENCY DEPARTMENT,Emergency Medicine,ED,66604,20177003603.0
4079,1500 SW 10th Ave,Topeka,SHAWNEE,EMERGENCY DEPARTMENT,Emergency Medicine,ED,66604,20177003603.0
4080,1500 SW 10th Ave,Topeka,SHAWNEE,EMERGENCY DEPARTMENT,Emergency Medicine,ED,66604,20177003603.0
4081,1979 Milky Way,VERONA,*Unspecified,EMH PSYCHIATRY,Psychiatry,,53593,55025012700.0
4082,1500 SW 10th Ave,Topeka,SHAWNEE,EMERGENCY DEPARTMENT,Emergency Medicine,ED,66604,20177003603.0
4083,1500 SW 10th Ave,Topeka,SHAWNEE,EMERGENCY DEPARTMENT,Emergency Medicine,ED,66604,20177003603.0
4084,1500 SW 10th Ave,Topeka,SHAWNEE,EMERGENCY DEPARTMENT,Emergency Medicine,ED,66604,20177003603.0
4085,1500 SW 10th Ave,Topeka,SHAWNEE,EMERGENCY DEPARTMENT,Emergency Medicine,ED,66604,20177003603.0
4086,1500 SW 10th Ave,Topeka,SHAWNEE,EMERGENCY DEPARTMENT,Emergency Medicine,ED,66604,20177003603.0
4087,1500 SW 10th Ave,Topeka,SHAWNEE,EMERGENCY DEPARTMENT,Emergency Medicine,ED,66604,20177003603.0
4088,1500 SW 10th Ave,Topeka,SHAWNEE,EMERGENCY DEPARTMENT,Emergency Medicine,ED,66604,20177003603.0
4089,1500 SW 10th Ave,Topeka,SHAWNEE,EMERGENCY DEPARTMENT,Emergency Medicine,ED,66604,20177003603.0
4090,1500 SW 10th Ave,Topeka,SHAWNEE,EMERGENCY DEPARTMENT,Emergency Medicine,ED,66604,20177003603.0
4091,1500 SW 10th Ave,Topeka,SHAWNEE,EMERGENCY DEPARTMENT,Emergency Medicine,ED,66604,20177003603.0
4092,1979 Milky Way,VERONA,*Unspecified,EMH PSYCHIATRY,Psychiatry,,53593,55025012700.0
4093,1500 SW 10th Ave,Topeka,SHAWNEE,EMERGENCY DEPARTMENT,Emergency Medicine,ED,66604,20177003603.0
4094,1500 SW 10th Ave,Topeka,SHAWNEE,EMERGENCY DEPARTMENT,Emergency Medicine,ED,66604,20177003603.0
4095,1500 SW 10th Ave,Topeka,SHAWNEE,EMERGENCY DEPARTMENT,Emergency Medicine,ED,66604,20177003603.0
4096,1500 SW 10th Ave,Topeka,SHAWNEE,EMERGENCY DEPARTMENT,Emergency Medicine,ED,66604,20177003603.0
4097,1500 SW 10th Ave,Topeka,SHAWNEE,EMERGENCY DEPARTMENT,Emergency Medicine,ED,66604,20177003603.0
4098,1500 SW 10th Ave,Topeka,SHAWNEE,EMERGENCY DEPARTMENT,Emergency Medicine,ED,66604,20177003603.0
4099,1500 SW 10th Ave,Topeka,SHAWNEE,EMERGENCY DEPARTMENT,Emergency Medicine,ED,66604,20177003603.0
4100,1500 SW 10th Ave,Topeka,SHAWNEE,EMERGENCY DEPARTMENT,Emergency Medicine,ED,66604,20177003603.0
4101,1500 SW 10th Ave,Topeka,SHAWNEE,EMERGENCY DEPARTMENT,Emergency Medicine,ED,66604,20177003603.0
4102,1500 SW 10th Ave,Topeka,SHAWNEE,EMERGENCY DEPARTMENT,Emergency Medicine,ED,66604,20177003603.0
4103,1979 Milky Way,VERONA,*Unspecified,EMH PSYCHIATRY,Psychiatry,,53593,55025012700.0
4104,1500 SW 10th Ave,Topeka,SHAWNEE,EMERGENCY DEPARTMENT,Emergency Medicine,ED,66604,20177003603.0
4105,1500 SW 10th Ave,Topeka,SHAWNEE,EMERGENCY DEPARTMENT,Emergency Medicine,ED,66604,20177003603.0
4106,1500 SW 10th Ave,Topeka,SHAWNEE,EMERGENCY DEPARTMENT,Emergency Medicine,ED,66604,20177003603.0
4107,1500 SW 10th Ave,Topeka,SHAWNEE,EMERGENCY DEPARTMENT,Emergency Medicine,ED,66604,20177003603.0
4108,1500 SW 10th Ave,Topeka,SHAWNEE,EMERGENCY DEPARTMENT,Emergency Medicine,ED,66604,20177003603.0
4109,1500 SW 10th Ave,Topeka,SHAWNEE,CRITICAL CARE-PAVILION,Critical Care Medicine,ICU,66604,20177003603.0
4110,1500 SW 10th Ave,Topeka,SHAWNEE,EMERGENCY DEPARTMENT,Emergency Medicine,ED,66604,20177003603.0
4111,1500 SW 10th Ave,Topeka,SHAWNEE,EMERGENCY DEPARTMENT,Emergency Medicine,ED,66604,20177003603.0
4112,1500 SW 10th Ave,Topeka,SHAWNEE,EMERGENCY DEPARTMENT,Emergency Medicine,ED,66604,20177003603.0
4113,1500 SW 10th Ave,Topeka,SHAWNEE,EMERGENCY DEPARTMENT,Emergency Medicine,ED,66604,20177003603.0
4114,1979 Milky Way,VERONA,*Unspecified,EMH PSYCHIATRY,Psychiatry,,53593,55025012700.0
4115,1500 SW 10th Ave,Topeka,SHAWNEE,7 NORTH,*Unspecified,,66604,20177003603.0
4116,1500 SW 10th Ave,Topeka,SHAWNEE,EMERGENCY DEPARTMENT,Emergency Medicine,ED,66604,20177003603.0
4117,1500 SW 10th Ave,Topeka,SHAWNEE,EMERGENCY DEPARTMENT,Emergency Medicine,ED,66604,20177003603.0
4118,3707 SW 6th Ave,Topeka,SHAWNEE,SVW-ADULT,*Unspecified,,66606,20177000500.0
4119,1414 SW 8th Ave,Topeka,SHAWNEE,INFUSION CENTER,Infusion Therapy,HOD,66606,20177000500.0
4120,1500 SW 10th Ave,Topeka,SHAWNEE,7 NORTH,*Unspecified,,66604,20177003603.0
4121,1414 SW 8th Ave,Topeka,SHAWNEE,INFUSION CENTER,Infusion Therapy,HOD,66606,20177000500.0
4122,1414 SW 8th Ave,Topeka,SHAWNEE,INFUSION CENTER,Infusion Therapy,HOD,66606,20177000500.0
4123,1414 SW 8th Ave,Topeka,SHAWNEE,INFUSION CENTER,Infusion Therapy,HOD,66606,20177000500.0
4124,1500 SW 10th Ave,Topeka,SHAWNEE,EMERGENCY DEPARTMENT,Emergency Medicine,ED,66604,20177003603.0
4125,1979 Milky Way,VERONA,*Unspecified,EMH PRE-PROCEDURE,*Unspecified,OR,53593,55025012700.0
4126,1500 SW 10th Ave,Topeka,SHAWNEE,PEDIATRICS,Pediatrics,HOD,66604,20177003603.0
4127,1500 SW 10th Ave,Topeka,SHAWNEE,PEDIATRICS,Pediatrics,HOD,66604,20177003603.0
4128,1500 SW 10th Ave,Topeka,SHAWNEE,7 NORTH,*Unspecified,,66604,20177003603.0
4129,1500 SW 10th Ave,Topeka,SHAWNEE,6 NORTH,*Unspecified,,66604,20177003603.0
4130,1500 SW 10th Ave,Topeka,SHAWNEE,POST-SURGICAL-7 SOUTH,*Unspecified,,66604,20177003603.0
4131,1500 SW 10th Ave,Topeka,SHAWNEE,BIRTHPLACE,Obstetrics,L&D,66604,20177003603.0
4132,1500 SW 10th Ave,Topeka,SHAWNEE,SPINE CENTER,*Unspecified,,66604,20177003603.0
4133,1500 SW 10th Ave,Topeka,SHAWNEE,BIRTHPLACE,Obstetrics,L&D,66604,20177003603.0
4134,1500 SW 10th Ave,Topeka,SHAWNEE,EMERGENCY DEPARTMENT,Emergency Medicine,ED,66604,20177003603.0
4135,1500 SW 10th Ave,Topeka,SHAWNEE,EMERGENCY DEPARTMENT,Emergency Medicine,ED,66604,20177003603.0
4136,1979 Milky Way,VERONA,*Unspecified,EMH PRE-PROCEDURE,*Unspecified,OR,53593,55025012700.0
4137,1500 SW 10th Ave,Topeka,SHAWNEE,EMERGENCY DEPARTMENT,Emergency Medicine,ED,66604,20177003603.0
4138,1500 SW 10th Ave,Topeka,SHAWNEE,PRE-POST,*Unspecified,OR,66604,20177003603.0
4139,1500 SW 10th Ave,Topeka,SHAWNEE,6 NORTH,*Unspecified,,66604,20177003603.0
4140,1500 SW 10th Ave,Topeka,SHAWNEE,EMERGENCY DEPARTMENT,Emergency Medicine,ED,66604,20177003603.0
4141,1500 SW 10th Ave,Topeka,SHAWNEE,SPINE CENTER,*Unspecified,,66604,20177003603.0
4142,1500 SW 10th Ave,Topeka,SHAWNEE,PEDIATRICS,Pediatrics,HOD,66604,20177003603.0
4143,1500 SW 10th Ave,Topeka,SHAWNEE,CVOPC,*Unspecified,,66604,20177003603.0
4144,1500 SW 10th Ave,Topeka,SHAWNEE,POST-SURGICAL-7 SOUTH,*Unspecified,,66604,20177003603.0
4145,1500 SW 10th Ave,Topeka,SHAWNEE,PRE-POST,*Unspecified,OR,66604,20177003603.0
4146,1500 SW 10th Ave,Topeka,SHAWNEE,EMERGENCY DEPARTMENT,Emergency Medicine,ED,66604,20177003603.0
4147,1979 Milky Way,VERONA,*Unspecified,EMH PRE-PROCEDURE,*Unspecified,OR,53593,55025012700.0
4148,1500 SW 10th Ave,Topeka,SHAWNEE,EMERGENCY DEPARTMENT,Emergency Medicine,ED,66604,20177003603.0
4149,3707 SW 6th Ave,Topeka,SHAWNEE,SVW-ADULT,*Unspecified,,66606,20177000500.0
4150,1500 SW 10th Ave,Topeka,SHAWNEE,RADIOLOGY,Radiology,HOD,66606,20177000500.0
4151,1500 SW 10th Ave,Topeka,SHAWNEE,CT SCAN,Radiology,HOD,66604,20177003603.0
4152,920 SW Lane St 340B00935100SV,Topeka,SHAWNEE,EXCELLENT SURG OP,*Unspecified,,66606,20177000500.0
4153,920 SW Lane St 340B00935100SV,Topeka,SHAWNEE,EXCELLENT SURG OP,*Unspecified,,66606,20177000500.0
4154,920 SW Lane St 340B00935100SV,Topeka,SHAWNEE,EXCELLENT SURG OP,*Unspecified,,66606,20177000500.0
4155,,Topeka,SHAWNEE,OPL CVOPC,*Unspecified,HOD,,
4156,1500 SW 10th Ave,Topeka,SHAWNEE,CT SCAN,Radiology,HOD,66604,20177003603.0
4157,1500 SW 10th Ave,Topeka,SHAWNEE,CT SCAN,Radiology,HOD,66604,20177003603.0
4158,1979 Milky Way,VERONA,*Unspecified,EMH RECOVERY,*Unspecified,OR,53593,55025012700.0
4159,,Topeka,SHAWNEE,OPL CVOPC,*Unspecified,HOD,,
4160,,Topeka,SHAWNEE,CARDIOVASCULAR SERV,*Unspecified,HOD,,
4161,1500 SW 10th Ave,Topeka,SHAWNEE,CT SCAN,Radiology,HOD,66604,20177003603.0
4162,1500 SW 10th Ave,Topeka,SHAWNEE,EMERGENCY DEPARTMENT,Emergency Medicine,ED,66604,20177003603.0
4163,1500 SW 10th Ave,Topeka,SHAWNEE,ULTRASOUND,Radiology,HOD,66604,20177003603.0
4164,1500 SW 10th Ave,Topeka,SHAWNEE,EMERGENCY DEPARTMENT,Emergency Medicine,ED,66604,20177003603.0
4165,1500 SW 10th Ave,Topeka,SHAWNEE,EMERGENCY DEPARTMENT,Emergency Medicine,ED,66604,20177003603.0
4166,1500 SW 10th Ave,Topeka,SHAWNEE,RADIOLOGY,Radiology,HOD,66606,20177000500.0
4167,1500 SW 10th Ave,Topeka,SHAWNEE,CT SCAN,Radiology,HOD,66604,20177003603.0
4168,1500 SW 10th Ave,Topeka,SHAWNEE,RADIOLOGY,Radiology,HOD,66606,20177000500.0
4169,1979 Milky Way,VERONA,*Unspecified,EMH PHASE II,*Unspecified,OR,53593,55025012700.0
4170,1500 SW 10th Ave,Topeka,SHAWNEE,RADIOLOGY,Radiology,HOD,66606,20177000500.0
4171,1500 SW 10th Ave,Topeka,SHAWNEE,EMERGENCY DEPARTMENT,Emergency Medicine,ED,66604,20177003603.0
4172,1500 SW 10th Ave,Topeka,SHAWNEE,CT SCAN,Radiology,HOD,66604,20177003603.0
4173,1500 SW 10th Ave,Topeka,SHAWNEE,RADIOLOGY,Radiology,HOD,66606,20177000500.0
4174,1500 SW 10th Ave,Topeka,SHAWNEE,CT SCAN,Radiology,HOD,66604,20177003603.0
4175,1500 SW 10th Ave,Topeka,SHAWNEE,RADIOLOGY,Radiology,HOD,66606,20177000500.0
4176,1500 SW 10th Ave,Topeka,SHAWNEE,EMERGENCY DEPARTMENT,Emergency Medicine,ED,66604,20177003603.0
4177,1500 SW 10th Ave,Topeka,SHAWNEE,EMERGENCY DEPARTMENT,Emergency Medicine,ED,66604,20177003603.0
4178,1500 SW 10th Ave,Topeka,SHAWNEE,CT SCAN,Radiology,HOD,66604,20177003603.0
4179,1500 SW 10th Ave,Topeka,SHAWNEE,MRI,Radiology,HOD,66604,20177003603.0
4180,1979 Milky Way,VERONA,*Unspecified,EMH PHASE II,*Unspecified,OR,53593,55025012700.0
4181,1500 SW 10th Ave,Topeka,SHAWNEE,EMERGENCY DEPARTMENT,Emergency Medicine,ED,66604,20177003603.0
4182,1500 SW 10th Ave,Topeka,SHAWNEE,CT SCAN,Radiology,HOD,66604,20177003603.0
4183,1500 SW 10th Ave,Topeka,SHAWNEE,EMERGENCY DEPARTMENT,Emergency Medicine,ED,66604,20177003603.0
4184,,Topeka,SHAWNEE,CARDIOVASCULAR SERV,*Unspecified,HOD,,
4185,1500 SW 10th Ave,Topeka,SHAWNEE,EMERGENCY DEPARTMENT,Emergency Medicine,ED,66604,20177003603.0
4186,1500 SW 10th Ave,Topeka,SHAWNEE,CT SCAN,Radiology,HOD,66604,20177003603.0
4187,1500 SW 10th Ave,Topeka,SHAWNEE,EMERGENCY DEPARTMENT,Emergency Medicine,ED,66604,20177003603.0
4188,1500 SW 10th Ave,Topeka,SHAWNEE,EMERGENCY DEPARTMENT,Emergency Medicine,ED,66604,20177003603.0
4189,1500 SW 10th Ave,Topeka,SHAWNEE,EMERGENCY DEPARTMENT,Emergency Medicine,ED,66604,20177003603.0
4190,1500 SW 10th Ave,Topeka,SHAWNEE,EMERGENCY DEPARTMENT,Emergency Medicine,ED,66604,20177003603.0
4191,1979 Milky Way,VERONA,*Unspecified,EMH PHASE II,*Unspecified,OR,53593,55025012700.0
4192,1500 SW 10th Ave,Topeka,SHAWNEE,RADIOLOGY,Radiology,HOD,66606,20177000500.0
4193,1500 SW 10th Ave,Topeka,SHAWNEE,EMERGENCY DEPARTMENT,Emergency Medicine,ED,66604,20177003603.0
4194,1500 SW 10th Ave,Topeka,SHAWNEE,MRI,Radiology,HOD,66604,20177003603.0
4195,1500 SW 10th Ave,Topeka,SHAWNEE,EMERGENCY DEPARTMENT,Emergency Medicine,ED,66604,20177003603.0
4196,1500 SW 10th Ave,Topeka,SHAWNEE,CVOPC,*Unspecified,,66604,20177003603.0
4197,1414 SW 8th Ave,Topeka,SHAWNEE,INFUSION CENTER,Infusion Therapy,HOD,66606,20177000500.0
4198,1414 SW 8th Ave,Topeka,SHAWNEE,INFUSION CENTER,Infusion Therapy,HOD,66606,20177000500.0
4199,1500 SW 10th Ave,Topeka,SHAWNEE,POST-SURGICAL-7 SOUTH,*Unspecified,,66604,20177003603.0
4200,1500 SW 10th Ave,Topeka,SHAWNEE,EMERGENCY DEPARTMENT,Emergency Medicine,ED,66604,20177003603.0
4201,1500 SW 10th Ave,Topeka,SHAWNEE,SPINE CENTER,*Unspecified,,66604,20177003603.0
4202,1979 Milky Way,VERONA,*Unspecified,EMH PHASE II,*Unspecified,OR,53593,55025012700.0
4203,1500 SW 10th Ave,Topeka,SHAWNEE,EMERGENCY DEPARTMENT,Emergency Medicine,ED,66604,20177003603.0
4204,1500 SW 10th Ave,Topeka,SHAWNEE,EMERGENCY DEPARTMENT,Emergency Medicine,ED,66604,20177003603.0
4205,1500 SW 10th Ave,Topeka,SHAWNEE,EMERGENCY DEPARTMENT,Emergency Medicine,ED,66604,20177003603.0
4206,1500 SW 10th Ave,Topeka,SHAWNEE,6 NORTH,*Unspecified,,66604,20177003603.0
4207,1500 SW 10th Ave,Topeka,SHAWNEE,EMERGENCY DEPARTMENT,Emergency Medicine,ED,66604,20177003603.0
4208,920 SW Lane St,Topeka,*Unspecified,EXCELLENT SURGERY,*Unspecified,,66606,20177000500.0
4209,1500 SW 10th Ave,Topeka,SHAWNEE,PEDIATRICS,Pediatrics,HOD,66604,20177003603.0
4210,1500 SW 10th Ave,Topeka,SHAWNEE,YOUNG ADULT CENTER,*Unspecified,,66604,20177003603.0
4211,1500 SW 10th Ave,Topeka,SHAWNEE,EMERGENCY DEPARTMENT,Emergency Medicine,ED,66604,20177003603.0
4212,1500 SW 10th Ave,Topeka,SHAWNEE,EMERGENCY DEPARTMENT,Emergency Medicine,ED,66604,20177003603.0
4213,1979 Milky Way,VERONA,*Unspecified,EMH PHASE II,*Unspecified,OR,53593,55025012700.0
4214,1500 SW 10th Ave,Topeka,SHAWNEE,CVOPC,*Unspecified,,66604,20177003603.0
4215,1500 SW 10th Ave,Topeka,SHAWNEE,PRE-POST,*Unspecified,OR,66604,20177003603.0
4216,1500 SW 10th Ave,Topeka,SHAWNEE,PRE-POST,*Unspecified,OR,66604,20177003603.0
4217,1500 SW 10th Ave,Topeka,SHAWNEE,PRE-POST,*Unspecified,OR,66604,20177003603.0
4218,1500 SW 10th Ave,Topeka,SHAWNEE,PRE-POST,*Unspecified,OR,66604,20177003603.0
4219,1500 SW 10th Ave,Topeka,SHAWNEE,PRE-POST,*Unspecified,OR,66604,20177003603.0
4220,1500 SW 10th Ave,Topeka,SHAWNEE,PRE-POST,*Unspecified,OR,66604,20177003603.0
4221,1500 SW 10th Ave,Topeka,SHAWNEE,PRE-POST,*Unspecified,OR,66604,20177003603.0
4222,1500 SW 10th Ave,Topeka,SHAWNEE,PRE-POST,*Unspecified,OR,66604,20177003603.0
4223,1500 SW 10th Ave,Topeka,SHAWNEE,PRE-POST,*Unspecified,OR,66604,20177003603.0
4224,1979 Milky Way,VERONA,*Unspecified,EMH PHASE II,*Unspecified,OR,53593,55025012700.0
4225,1500 SW 10th Ave,Topeka,SHAWNEE,PRE-POST,*Unspecified,OR,66604,20177003603.0
4226,1500 SW 10th Ave,Topeka,SHAWNEE,PRE-POST,*Unspecified,OR,66604,20177003603.0
4227,1500 SW 10th Ave,Topeka,SHAWNEE,PRE-POST,*Unspecified,OR,66604,20177003603.0
4228,1500 SW 10th Ave,Topeka,SHAWNEE,PRE-POST,*Unspecified,OR,66604,20177003603.0
4229,1500 SW 10th Ave,Topeka,SHAWNEE,PRE-POST,*Unspecified,OR,66604,20177003603.0
4230,1500 SW 10th Ave,Topeka,SHAWNEE,PRE-POST,*Unspecified,OR,66604,20177003603.0
4231,1500 SW 10th Ave,Topeka,SHAWNEE,PRE-POST,*Unspecified,OR,66604,20177003603.0
4232,1500 SW 10th Ave,Topeka,SHAWNEE,PRE-POST,*Unspecified,OR,66604,20177003603.0
4233,1500 SW 10th Ave,Topeka,SHAWNEE,PRE-POST,*Unspecified,OR,66604,20177003603.0
4234,1500 SW 10th Ave,Topeka,SHAWNEE,PRE-POST,*Unspecified,OR,66604,20177003603.0
4235,1979 Milky Way,VERONA,*Unspecified,EMH PHASE II,*Unspecified,OR,53593,55025012700.0
4236,1500 SW 10th Ave,Topeka,SHAWNEE,PRE-POST,*Unspecified,OR,66604,20177003603.0
4237,1500 SW 10th Ave,Topeka,SHAWNEE,PRE-POST,*Unspecified,OR,66604,20177003603.0
4238,1500 SW 10th Ave,Topeka,SHAWNEE,PRE-POST,*Unspecified,OR,66604,20177003603.0
4239,1500 SW 10th Ave,Topeka,SHAWNEE,PRE-POST,*Unspecified,OR,66604,20177003603.0
4240,1500 SW 10th Ave,Topeka,SHAWNEE,PRE-POST,*Unspecified,OR,66604,20177003603.0
4241,1500 SW 10th Ave,Topeka,SHAWNEE,PRE-POST,*Unspecified,OR,66604,20177003603.0
4242,1500 SW 10th Ave,Topeka,SHAWNEE,PRE-POST,*Unspecified,OR,66604,20177003603.0
4243,1500 SW 10th Ave,Topeka,SHAWNEE,PRE-POST,*Unspecified,OR,66604,20177003603.0
4244,1500 SW 10th Ave,Topeka,SHAWNEE,PRE-POST,*Unspecified,OR,66604,20177003603.0
4245,1500 SW 10th Ave,Topeka,SHAWNEE,PRE-POST,*Unspecified,OR,66604,20177003603.0
4246,1979 Milky Way,VERONA,*Unspecified,EMH PHASE II,*Unspecified,OR,53593,55025012700.0
4247,1500 SW 10th Ave,Topeka,SHAWNEE,PRE-POST,*Unspecified,OR,66604,20177003603.0
4248,1500 SW 10th Ave,Topeka,SHAWNEE,PRE-POST,*Unspecified,OR,66604,20177003603.0
4249,1500 SW 10th Ave,Topeka,SHAWNEE,PRE-POST,*Unspecified,OR,66604,20177003603.0
4250,1500 SW 10th Ave,Topeka,SHAWNEE,PRE-POST,*Unspecified,OR,66604,20177003603.0
4251,1500 SW 10th Ave,Topeka,SHAWNEE,PRE-POST,*Unspecified,OR,66604,20177003603.0
4252,1500 SW 10th Ave,Topeka,SHAWNEE,PRE-POST,*Unspecified,OR,66604,20177003603.0
4253,1500 SW 10th Ave,Topeka,SHAWNEE,PRE-POST,*Unspecified,OR,66604,20177003603.0
4254,1500 SW 10th Ave,Topeka,SHAWNEE,PRE-POST,*Unspecified,OR,66604,20177003603.0
4255,1500 SW 10th Ave,Topeka,SHAWNEE,PRE-POST,*Unspecified,OR,66604,20177003603.0
4256,1500 SW 10th Ave,Topeka,SHAWNEE,PRE-POST,*Unspecified,OR,66604,20177003603.0
4257,1979 Milky Way,VERONA,*Unspecified,EMH PHASE II,*Unspecified,OR,53593,55025012700.0
4258,1500 SW 10th Ave,Topeka,SHAWNEE,PRE-POST,*Unspecified,OR,66604,20177003603.0
4259,1500 SW 10th Ave,Topeka,SHAWNEE,PRE-POST,*Unspecified,OR,66604,20177003603.0
4260,1500 SW 10th Ave,Topeka,SHAWNEE,PRE-POST,*Unspecified,OR,66604,20177003603.0
4261,1500 SW 10th Ave,Topeka,SHAWNEE,PRE-POST,*Unspecified,OR,66604,20177003603.0
4262,1500 SW 10th Ave,Topeka,SHAWNEE,PRE-POST,*Unspecified,OR,66604,20177003603.0
4263,1500 SW 10th Ave,Topeka,SHAWNEE,PRE-POST,*Unspecified,OR,66604,20177003603.0
4264,1500 SW 10th Ave,Topeka,SHAWNEE,PRE-POST,*Unspecified,OR,66604,20177003603.0
4265,1500 SW 10th Ave,Topeka,SHAWNEE,PRE-POST,*Unspecified,OR,66604,20177003603.0
4266,1500 SW 10th Ave,Topeka,SHAWNEE,PRE-POST,*Unspecified,OR,66604,20177003603.0
4267,1500 SW 10th Ave,Topeka,SHAWNEE,PRE-POST,*Unspecified,OR,66604,20177003603.0
4268,1979 Milky Way,VERONA,*Unspecified,EMH PHASE II,*Unspecified,OR,53593,55025012700.0
4269,1500 SW 10th Ave,Topeka,SHAWNEE,PRE-POST,*Unspecified,OR,66604,20177003603.0
4270,1500 SW 10th Ave,Topeka,SHAWNEE,EMERGENCY DEPARTMENT,Emergency Medicine,ED,66604,20177003603.0
4271,1500 SW 10th Ave,Topeka,SHAWNEE,EMERGENCY DEPARTMENT,Emergency Medicine,ED,66604,20177003603.0
4272,1500 SW 10th Ave,Topeka,SHAWNEE,EMERGENCY DEPARTMENT,Emergency Medicine,ED,66604,20177003603.0
4273,1500 SW 10th Ave,Topeka,SHAWNEE,EMERGENCY DEPARTMENT,Emergency Medicine,ED,66604,20177003603.0
4274,1500 SW 10th Ave,Topeka,SHAWNEE,EMERGENCY DEPARTMENT,Emergency Medicine,ED,66604,20177003603.0
4275,1500 SW 10th Ave,Topeka,SHAWNEE,EMERGENCY DEPARTMENT,Emergency Medicine,ED,66604,20177003603.0
4276,1500 SW 10th Ave,Topeka,SHAWNEE,EMERGENCY DEPARTMENT,Emergency Medicine,ED,66604,20177003603.0
4277,1500 SW 10th Ave,Topeka,SHAWNEE,EMERGENCY DEPARTMENT,Emergency Medicine,ED,66604,20177003603.0
4278,1500 SW 10th Ave,Topeka,SHAWNEE,EMERGENCY DEPARTMENT,Emergency Medicine,ED,66604,20177003603.0
4279,1979 Milky Way,VERONA,*Unspecified,EMH PHASE II,*Unspecified,OR,53593,55025012700.0
4280,1500 SW 10th Ave,Topeka,SHAWNEE,EMERGENCY DEPARTMENT,Emergency Medicine,ED,66604,20177003603.0
4281,1500 SW 10th Ave,Topeka,SHAWNEE,EMERGENCY DEPARTMENT,Emergency Medicine,ED,66604,20177003603.0
4282,1500 SW 10th Ave,Topeka,SHAWNEE,EMERGENCY DEPARTMENT,Emergency Medicine,ED,66604,20177003603.0
4283,1500 SW 10th Ave,Topeka,SHAWNEE,EMERGENCY DEPARTMENT,Emergency Medicine,ED,66604,20177003603.0
4284,1500 SW 10th Ave,Topeka,SHAWNEE,EMERGENCY DEPARTMENT,Emergency Medicine,ED,66604,20177003603.0
4285,1500 SW 10th Ave,Topeka,SHAWNEE,EMERGENCY DEPARTMENT,Emergency Medicine,ED,66604,20177003603.0
4286,1500 SW 10th Ave,Topeka,SHAWNEE,EMERGENCY DEPARTMENT,Emergency Medicine,ED,66604,20177003603.0
4287,1500 SW 10th Ave,Topeka,SHAWNEE,EMERGENCY DEPARTMENT,Emergency Medicine,ED,66604,20177003603.0
4288,1500 SW 10th Ave,Topeka,SHAWNEE,EMERGENCY DEPARTMENT,Emergency Medicine,ED,66604,20177003603.0
4289,1500 SW 10th Ave,Topeka,SHAWNEE,EMERGENCY DEPARTMENT,Emergency Medicine,ED,66604,20177003603.0
4290,1979 Milky Way,VERONA,*Unspecified,EMH RECOVERY,*Unspecified,OR,53593,55025012700.0
4291,1500 SW 10th Ave,Topeka,SHAWNEE,EMERGENCY DEPARTMENT,Emergency Medicine,ED,66604,20177003603.0
4292,1500 SW 10th Ave,Topeka,SHAWNEE,EMERGENCY DEPARTMENT,Emergency Medicine,ED,66604,20177003603.0
4293,1500 SW 10th Ave,Topeka,SHAWNEE,EMERGENCY DEPARTMENT,Emergency Medicine,ED,66604,20177003603.0
4294,1500 SW 10th Ave,Topeka,SHAWNEE,EMERGENCY DEPARTMENT,Emergency Medicine,ED,66604,20177003603.0
4295,1500 SW 10th Ave,Topeka,SHAWNEE,EMERGENCY DEPARTMENT,Emergency Medicine,ED,66604,20177003603.0
4296,1500 SW 10th Ave,Topeka,SHAWNEE,EMERGENCY DEPARTMENT,Emergency Medicine,ED,66604,20177003603.0
4297,1500 SW 10th Ave,Topeka,SHAWNEE,EMERGENCY DEPARTMENT,Emergency Medicine,ED,66604,20177003603.0
4298,1500 SW 10th Ave,Topeka,SHAWNEE,EMERGENCY DEPARTMENT,Emergency Medicine,ED,66604,20177003603.0
4299,1500 SW 10th Ave,Topeka,SHAWNEE,EMERGENCY DEPARTMENT,Emergency Medicine,ED,66604,20177003603.0
4300,1500 SW 10th Ave,Topeka,SHAWNEE,EMERGENCY DEPARTMENT,Emergency Medicine,ED,66604,20177003603.0
4301,1979 Milky Way,VERONA,*Unspecified,EMH RECOVERY,*Unspecified,OR,53593,55025012700.0
4302,1500 SW 10th Ave,Topeka,SHAWNEE,EMERGENCY DEPARTMENT,Emergency Medicine,ED,66604,20177003603.0
4303,1500 SW 10th Ave,Topeka,SHAWNEE,EMERGENCY DEPARTMENT,Emergency Medicine,ED,66604,20177003603.0
4304,1500 SW 10th Ave,Topeka,SHAWNEE,EMERGENCY DEPARTMENT,Emergency Medicine,ED,66604,20177003603.0
4305,1500 SW 10th Ave,Topeka,SHAWNEE,EMERGENCY DEPARTMENT,Emergency Medicine,ED,66604,20177003603.0
4306,1500 SW 10th Ave,Topeka,SHAWNEE,EMERGENCY DEPARTMENT,Emergency Medicine,ED,66604,20177003603.0
4307,1500 SW 10th Ave,Topeka,SHAWNEE,EMERGENCY DEPARTMENT,Emergency Medicine,ED,66604,20177003603.0
4308,1500 SW 10th Ave,Topeka,SHAWNEE,EMERGENCY DEPARTMENT,Emergency Medicine,ED,66604,20177003603.0
4309,1500 SW 10th Ave,Topeka,SHAWNEE,EMERGENCY DEPARTMENT,Emergency Medicine,ED,66604,20177003603.0
4310,1500 SW 10th Ave,Topeka,SHAWNEE,EMERGENCY DEPARTMENT,Emergency Medicine,ED,66604,20177003603.0
4311,1500 SW 10th Ave,Topeka,SHAWNEE,EMERGENCY DEPARTMENT,Emergency Medicine,ED,66604,20177003603.0
4312,1979 Milky Way,VERONA,*Unspecified,EMH RECOVERY,*Unspecified,OR,53593,55025012700.0
4313,1500 SW 10th Ave,Topeka,SHAWNEE,EMERGENCY DEPARTMENT,Emergency Medicine,ED,66604,20177003603.0
4314,1500 SW 10th Ave,Topeka,SHAWNEE,EMERGENCY DEPARTMENT,Emergency Medicine,ED,66604,20177003603.0
4315,1500 SW 10th Ave,Topeka,SHAWNEE,EMERGENCY DEPARTMENT,Emergency Medicine,ED,66604,20177003603.0
4316,1500 SW 10th Ave,Topeka,SHAWNEE,EMERGENCY DEPARTMENT,Emergency Medicine,ED,66604,20177003603.0
4317,1500 SW 10th Ave,Topeka,SHAWNEE,EMERGENCY DEPARTMENT,Emergency Medicine,ED,66604,20177003603.0
4318,1500 SW 10th Ave,Topeka,SHAWNEE,EMERGENCY DEPARTMENT,Emergency Medicine,ED,66604,20177003603.0
4319,1500 SW 10th Ave,Topeka,SHAWNEE,EMERGENCY DEPARTMENT,Emergency Medicine,ED,66604,20177003603.0
4320,1500 SW 10th Ave,Topeka,SHAWNEE,EMERGENCY DEPARTMENT,Emergency Medicine,ED,66604,20177003603.0
4321,1500 SW 10th Ave,Topeka,SHAWNEE,EMERGENCY DEPARTMENT,Emergency Medicine,ED,66604,20177003603.0
4322,1500 SW 10th Ave,Topeka,SHAWNEE,EMERGENCY DEPARTMENT,Emergency Medicine,ED,66604,20177003603.0
4323,1979 Milky Way,VERONA,*Unspecified,EMH PHASE II,*Unspecified,OR,53593,55025012700.0
4324,1500 SW 10th Ave,Topeka,SHAWNEE,EMERGENCY DEPARTMENT,Emergency Medicine,ED,66604,20177003603.0
4325,1500 SW 10th Ave,Topeka,SHAWNEE,EMERGENCY DEPARTMENT,Emergency Medicine,ED,66604,20177003603.0
4326,1500 SW 10th Ave,Topeka,SHAWNEE,EMERGENCY DEPARTMENT,Emergency Medicine,ED,66604,20177003603.0
4327,1500 SW 10th Ave,Topeka,SHAWNEE,EMERGENCY DEPARTMENT,Emergency Medicine,ED,66604,20177003603.0
4328,1500 SW 10th Ave,Topeka,SHAWNEE,EMERGENCY DEPARTMENT,Emergency Medicine,ED,66604,20177003603.0
4329,1500 SW 10th Ave,Topeka,SHAWNEE,EMERGENCY DEPARTMENT,Emergency Medicine,ED,66604,20177003603.0
4330,1500 SW 10th Ave,Topeka,SHAWNEE,EMERGENCY DEPARTMENT,Emergency Medicine,ED,66604,20177003603.0
4331,1500 SW 10th Ave,Topeka,SHAWNEE,EMERGENCY DEPARTMENT,Emergency Medicine,ED,66604,20177003603.0
4332,1500 SW 10th Ave,Topeka,SHAWNEE,EMERGENCY DEPARTMENT,Emergency Medicine,ED,66604,20177003603.0
4333,1500 SW 10th Ave,Topeka,SHAWNEE,EMERGENCY DEPARTMENT,Emergency Medicine,ED,66604,20177003603.0
4334,1979 Milky Way,VERONA,*Unspecified,EMH PHASE II,*Unspecified,OR,53593,55025012700.0
4335,1500 SW 10th Ave,Topeka,SHAWNEE,EMERGENCY DEPARTMENT,Emergency Medicine,ED,66604,20177003603.0
4336,1500 SW 10th Ave,Topeka,SHAWNEE,EMERGENCY DEPARTMENT,Emergency Medicine,ED,66604,20177003603.0
4337,1500 SW 10th Ave,Topeka,SHAWNEE,EMERGENCY DEPARTMENT,Emergency Medicine,ED,66604,20177003603.0
4338,1500 SW 10th Ave,Topeka,SHAWNEE,EMERGENCY DEPARTMENT,Emergency Medicine,ED,66604,20177003603.0
4339,1500 SW 10th Ave,Topeka,SHAWNEE,EMERGENCY DEPARTMENT,Emergency Medicine,ED,66604,20177003603.0
4340,1500 SW 10th Ave,Topeka,SHAWNEE,EMERGENCY DEPARTMENT,Emergency Medicine,ED,66604,20177003603.0
4341,1500 SW 10th Ave,Topeka,SHAWNEE,EMERGENCY DEPARTMENT,Emergency Medicine,ED,66604,20177003603.0
4342,1500 SW 10th Ave,Topeka,SHAWNEE,EMERGENCY DEPARTMENT,Emergency Medicine,ED,66604,20177003603.0
4343,1500 SW 10th Ave,Topeka,SHAWNEE,EMERGENCY DEPARTMENT,Emergency Medicine,ED,66604,20177003603.0
4344,1500 SW 10th Ave,Topeka,SHAWNEE,EMERGENCY DEPARTMENT,Emergency Medicine,ED,66604,20177003603.0
4345,1979 Milky Way,VERONA,*Unspecified,EMH PHASE II,*Unspecified,OR,53593,55025012700.0
4346,1500 SW 10th Ave,Topeka,SHAWNEE,EMERGENCY DEPARTMENT,Emergency Medicine,ED,66604,20177003603.0
4347,1500 SW 10th Ave,Topeka,SHAWNEE,EMERGENCY DEPARTMENT,Emergency Medicine,ED,66604,20177003603.0
4348,1500 SW 10th Ave,Topeka,SHAWNEE,EMERGENCY DEPARTMENT,Emergency Medicine,ED,66604,20177003603.0
4349,1500 SW 10th Ave,Topeka,SHAWNEE,EMERGENCY DEPARTMENT,Emergency Medicine,ED,66604,20177003603.0
4350,1500 SW 10th Ave,Topeka,SHAWNEE,EMERGENCY DEPARTMENT,Emergency Medicine,ED,66604,20177003603.0
4351,1500 SW 10th Ave,Topeka,SHAWNEE,EMERGENCY DEPARTMENT,Emergency Medicine,ED,66604,20177003603.0
4352,1500 SW 10th Ave,Topeka,SHAWNEE,EMERGENCY DEPARTMENT,Emergency Medicine,ED,66604,20177003603.0
4353,1500 SW 10th Ave,Topeka,SHAWNEE,EMERGENCY DEPARTMENT,Emergency Medicine,ED,66604,20177003603.0
4354,1500 SW 10th Ave,Topeka,SHAWNEE,EMERGENCY DEPARTMENT,Emergency Medicine,ED,66604,20177003603.0
4355,1500 SW 10th Ave,Topeka,SHAWNEE,EMERGENCY DEPARTMENT,Emergency Medicine,ED,66604,20177003603.0
4356,1979 Milky Way,VERONA,*Unspecified,EMH POSTPARTUM,*Unspecified,L&D,53593,55025012700.0
4357,1500 SW 10th Ave,Topeka,SHAWNEE,EMERGENCY DEPARTMENT,Emergency Medicine,ED,66604,20177003603.0
4358,1500 SW 10th Ave,Topeka,SHAWNEE,EMERGENCY DEPARTMENT,Emergency Medicine,ED,66604,20177003603.0
4359,1500 SW 10th Ave,Topeka,SHAWNEE,EMERGENCY DEPARTMENT,Emergency Medicine,ED,66604,20177003603.0
4360,1500 SW 10th Ave,Topeka,SHAWNEE,EMERGENCY DEPARTMENT,Emergency Medicine,ED,66604,20177003603.0
4361,1500 SW 10th Ave,Topeka,SHAWNEE,EMERGENCY DEPARTMENT,Emergency Medicine,ED,66604,20177003603.0
4362,1500 SW 10th Ave,Topeka,SHAWNEE,EMERGENCY DEPARTMENT,Emergency Medicine,ED,66604,20177003603.0
4363,1500 SW 10th Ave,Topeka,SHAWNEE,EMERGENCY DEPARTMENT,Emergency Medicine,ED,66604,20177003603.0
4364,1500 SW 10th Ave,Topeka,SHAWNEE,EMERGENCY DEPARTMENT,Emergency Medicine,ED,66604,20177003603.0
4365,1500 SW 10th Ave,Topeka,SHAWNEE,EMERGENCY DEPARTMENT,Emergency Medicine,ED,66604,20177003603.0
4366,1500 SW 10th Ave,Topeka,SHAWNEE,EMERGENCY DEPARTMENT,Emergency Medicine,ED,66604,20177003603.0
4367,1979 Milky Way,VERONA,*Unspecified,EMH POSTPARTUM,*Unspecified,L&D,53593,55025012700.0
4368,1500 SW 10th Ave,Topeka,SHAWNEE,EMERGENCY DEPARTMENT,Emergency Medicine,ED,66604,20177003603.0
4369,1500 SW 10th Ave,Topeka,SHAWNEE,EMERGENCY DEPARTMENT,Emergency Medicine,ED,66604,20177003603.0
4370,1500 SW 10th Ave,Topeka,SHAWNEE,EMERGENCY DEPARTMENT,Emergency Medicine,ED,66604,20177003603.0
4371,1500 SW 10th Ave,Topeka,SHAWNEE,EMERGENCY DEPARTMENT,Emergency Medicine,ED,66604,20177003603.0
4372,1500 SW 10th Ave,Topeka,SHAWNEE,EMERGENCY DEPARTMENT,Emergency Medicine,ED,66604,20177003603.0
4373,1500 SW 10th Ave,Topeka,SHAWNEE,EMERGENCY DEPARTMENT,Emergency Medicine,ED,66604,20177003603.0
4374,1500 SW 10th Ave,Topeka,SHAWNEE,EMERGENCY DEPARTMENT,Emergency Medicine,ED,66604,20177003603.0
4375,1500 SW 10th Ave,Topeka,SHAWNEE,EMERGENCY DEPARTMENT,Emergency Medicine,ED,66604,20177003603.0
4376,1500 SW 10th Ave,Topeka,SHAWNEE,EMERGENCY DEPARTMENT,Emergency Medicine,ED,66604,20177003603.0
4377,1500 SW 10th Ave,Topeka,SHAWNEE,EMERGENCY DEPARTMENT,Emergency Medicine,ED,66604,20177003603.0
4378,1979 Milky Way,VERONA,*Unspecified,EMH POSTPARTUM,*Unspecified,L&D,53593,55025012700.0
4379,1500 SW 10th Ave,Topeka,SHAWNEE,EMERGENCY DEPARTMENT,Emergency Medicine,ED,66604,20177003603.0
4380,1500 SW 10th Ave,Topeka,SHAWNEE,EMERGENCY DEPARTMENT,Emergency Medicine,ED,66604,20177003603.0
4381,1500 SW 10th Ave,Topeka,SHAWNEE,EMERGENCY DEPARTMENT,Emergency Medicine,ED,66604,20177003603.0
4382,1500 SW 10th Ave,Topeka,SHAWNEE,EMERGENCY DEPARTMENT,Emergency Medicine,ED,66604,20177003603.0
4383,1500 SW 10th Ave,Topeka,SHAWNEE,EMERGENCY DEPARTMENT,Emergency Medicine,ED,66604,20177003603.0
4384,1500 SW 10th Ave,Topeka,SHAWNEE,EMERGENCY DEPARTMENT,Emergency Medicine,ED,66604,20177003603.0
4385,1500 SW 10th Ave,Topeka,SHAWNEE,EMERGENCY DEPARTMENT,Emergency Medicine,ED,66604,20177003603.0
4386,1500 SW 10th Ave,Topeka,SHAWNEE,EMERGENCY DEPARTMENT,Emergency Medicine,ED,66604,20177003603.0
4387,1500 SW 10th Ave,Topeka,SHAWNEE,EMERGENCY DEPARTMENT,Emergency Medicine,ED,66604,20177003603.0
4388,1500 SW 10th Ave,Topeka,SHAWNEE,EMERGENCY DEPARTMENT,Emergency Medicine,ED,66604,20177003603.0
4389,1979 Milky Way,VERONA,*Unspecified,EMH POSTPARTUM,*Unspecified,L&D,53593,55025012700.0
4390,1500 SW 10th Ave,Topeka,SHAWNEE,EMERGENCY DEPARTMENT,Emergency Medicine,ED,66604,20177003603.0
4391,1500 SW 10th Ave,Topeka,SHAWNEE,EMERGENCY DEPARTMENT,Emergency Medicine,ED,66604,20177003603.0
4392,1500 SW 10th Ave,Topeka,SHAWNEE,EMERGENCY DEPARTMENT,Emergency Medicine,ED,66604,20177003603.0
4393,1500 SW 10th Ave,Topeka,SHAWNEE,EMERGENCY DEPARTMENT,Emergency Medicine,ED,66604,20177003603.0
4394,1500 SW 10th Ave,Topeka,SHAWNEE,EMERGENCY DEPARTMENT,Emergency Medicine,ED,66604,20177003603.0
4395,1500 SW 10th Ave,Topeka,SHAWNEE,EMERGENCY DEPARTMENT,Emergency Medicine,ED,66604,20177003603.0
4396,1500 SW 10th Ave,Topeka,SHAWNEE,EMERGENCY DEPARTMENT,Emergency Medicine,ED,66604,20177003603.0
4397,1500 SW 10th Ave,Topeka,SHAWNEE,EMERGENCY DEPARTMENT,Emergency Medicine,ED,66604,20177003603.0
4398,1500 SW 10th Ave,Topeka,SHAWNEE,EMERGENCY DEPARTMENT,Emergency Medicine,ED,66604,20177003603.0
4399,1500 SW 10th Ave,Topeka,SHAWNEE,EMERGENCY DEPARTMENT,Emergency Medicine,ED,66604,20177003603.0
4400,1979 Milky Way,VERONA,*Unspecified,EMH PHASE II,*Unspecified,OR,53593,55025012700.0
4401,1500 SW 10th Ave,Topeka,SHAWNEE,EMERGENCY DEPARTMENT,Emergency Medicine,ED,66604,20177003603.0
4402,1500 SW 10th Ave,Topeka,SHAWNEE,EMERGENCY DEPARTMENT,Emergency Medicine,ED,66604,20177003603.0
4403,1500 SW 10th Ave,Topeka,SHAWNEE,EMERGENCY DEPARTMENT,Emergency Medicine,ED,66604,20177003603.0
4404,1500 SW 10th Ave,Topeka,SHAWNEE,EMERGENCY DEPARTMENT,Emergency Medicine,ED,66604,20177003603.0
4405,1500 SW 10th Ave,Topeka,SHAWNEE,EMERGENCY DEPARTMENT,Emergency Medicine,ED,66604,20177003603.0
4406,1500 SW 10th Ave,Topeka,SHAWNEE,EMERGENCY DEPARTMENT,Emergency Medicine,ED,66604,20177003603.0
4407,1500 SW 10th Ave,Topeka,SHAWNEE,EMERGENCY DEPARTMENT,Emergency Medicine,ED,66604,20177003603.0
4408,1500 SW 10th Ave,Topeka,SHAWNEE,EMERGENCY DEPARTMENT,Emergency Medicine,ED,66604,20177003603.0
4409,1500 SW 10th Ave,Topeka,SHAWNEE,EMERGENCY DEPARTMENT,Emergency Medicine,ED,66604,20177003603.0
4410,1500 SW 10th Ave,Topeka,SHAWNEE,EMERGENCY DEPARTMENT,Emergency Medicine,ED,66604,20177003603.0
4411,1979 Milky Way,VERONA,*Unspecified,EMH PHASE II,*Unspecified,OR,53593,55025012700.0
4412,1500 SW 10th Ave,Topeka,SHAWNEE,EMERGENCY DEPARTMENT,Emergency Medicine,ED,66604,20177003603.0
4413,1500 SW 10th Ave,Topeka,SHAWNEE,EMERGENCY DEPARTMENT,Emergency Medicine,ED,66604,20177003603.0
4414,1500 SW 10th Ave,Topeka,SHAWNEE,EMERGENCY DEPARTMENT,Emergency Medicine,ED,66604,20177003603.0
4415,1500 SW 10th Ave,Topeka,SHAWNEE,EMERGENCY DEPARTMENT,Emergency Medicine,ED,66604,20177003603.0
4416,1500 SW 10th Ave,Topeka,SHAWNEE,EMERGENCY DEPARTMENT,Emergency Medicine,ED,66604,20177003603.0
4417,1500 SW 10th Ave,Topeka,SHAWNEE,EMERGENCY DEPARTMENT,Emergency Medicine,ED,66604,20177003603.0
4418,1500 SW 10th Ave,Topeka,SHAWNEE,EMERGENCY DEPARTMENT,Emergency Medicine,ED,66604,20177003603.0
4419,1500 SW 10th Ave,Topeka,SHAWNEE,EMERGENCY DEPARTMENT,Emergency Medicine,ED,66604,20177003603.0
4420,1500 SW 10th Ave,Topeka,SHAWNEE,EMERGENCY DEPARTMENT,Emergency Medicine,ED,66604,20177003603.0
4421,1500 SW 10th Ave,Topeka,SHAWNEE,EMERGENCY DEPARTMENT,Emergency Medicine,ED,66604,20177003603.0
4422,1979 Milky Way,VERONA,*Unspecified,EMH PHASE II,*Unspecified,OR,53593,55025012700.0
4423,1500 SW 10th Ave,Topeka,SHAWNEE,EMERGENCY DEPARTMENT,Emergency Medicine,ED,66604,20177003603.0
4424,1500 SW 10th Ave,Topeka,SHAWNEE,EMERGENCY DEPARTMENT,Emergency Medicine,ED,66604,20177003603.0
4425,1500 SW 10th Ave,Topeka,SHAWNEE,EMERGENCY DEPARTMENT,Emergency Medicine,ED,66604,20177003603.0
4426,1500 SW 10th Ave,Topeka,SHAWNEE,EMERGENCY DEPARTMENT,Emergency Medicine,ED,66604,20177003603.0
4427,1500 SW 10th Ave,Topeka,SHAWNEE,EMERGENCY DEPARTMENT,Emergency Medicine,ED,66604,20177003603.0
4428,1500 SW 10th Ave,Topeka,SHAWNEE,EMERGENCY DEPARTMENT,Emergency Medicine,ED,66604,20177003603.0
4429,1500 SW 10th Ave,Topeka,SHAWNEE,EMERGENCY DEPARTMENT,Emergency Medicine,ED,66604,20177003603.0
4430,1500 SW 10th Ave,Topeka,SHAWNEE,EMERGENCY DEPARTMENT,Emergency Medicine,ED,66604,20177003603.0
4431,1500 SW 10th Ave,Topeka,SHAWNEE,EMERGENCY DEPARTMENT,Emergency Medicine,ED,66604,20177003603.0
4432,1500 SW 10th Ave,Topeka,SHAWNEE,EMERGENCY DEPARTMENT,Emergency Medicine,ED,66604,20177003603.0
4433,1979 Milky Way,VERONA,*Unspecified,EMH PHASE II,*Unspecified,OR,53593,55025012700.0
4434,1500 SW 10th Ave,Topeka,SHAWNEE,EMERGENCY DEPARTMENT,Emergency Medicine,ED,66604,20177003603.0
4435,1500 SW 10th Ave,Topeka,SHAWNEE,PERIOP SERVICES,*Unspecified,OR,66604,20177003603.0
4436,1500 SW 10th Ave,Topeka,SHAWNEE,PERIOP SERVICES,*Unspecified,OR,66604,20177003603.0
4437,1500 SW 10th Ave,Topeka,SHAWNEE,PERIOP SERVICES,*Unspecified,OR,66604,20177003603.0
4438,1500 SW 10th Ave,Topeka,SHAWNEE,PERIOP SERVICES,*Unspecified,OR,66604,20177003603.0
4439,1500 SW 10th Ave,Topeka,SHAWNEE,PERIOP SERVICES,*Unspecified,OR,66604,20177003603.0
4440,1500 SW 10th Ave,Topeka,SHAWNEE,PERIOP SERVICES,*Unspecified,OR,66604,20177003603.0
4441,1500 SW 10th Ave,Topeka,SHAWNEE,PERIOP SERVICES,*Unspecified,OR,66604,20177003603.0
4442,1500 SW 10th Ave,Topeka,SHAWNEE,PERIOP SERVICES,*Unspecified,OR,66604,20177003603.0
4443,1500 SW 10th Ave,Topeka,SHAWNEE,PERIOP SERVICES,*Unspecified,OR,66604,20177003603.0
4444,1979 Milky Way,VERONA,*Unspecified,EMH PHASE II,*Unspecified,OR,53593,55025012700.0
4445,1500 SW 10th Ave,Topeka,SHAWNEE,PERIOP SERVICES,*Unspecified,OR,66604,20177003603.0
4446,1500 SW 10th Ave,Topeka,SHAWNEE,PERIOP SERVICES,*Unspecified,OR,66604,20177003603.0
4447,1500 SW 10th Ave,Topeka,SHAWNEE,PERIOP SERVICES,*Unspecified,OR,66604,20177003603.0
4448,1500 SW 10th Ave,Topeka,SHAWNEE,PERIOP SERVICES,*Unspecified,OR,66604,20177003603.0
4449,1500 SW 10th Ave,Topeka,SHAWNEE,PERIOP SERVICES,*Unspecified,OR,66604,20177003603.0
4450,1500 SW 10th Ave,Topeka,SHAWNEE,PERIOP SERVICES,*Unspecified,OR,66604,20177003603.0
4451,1500 SW 10th Ave,Topeka,SHAWNEE,PERIOP SERVICES,*Unspecified,OR,66604,20177003603.0
4452,1500 SW 10th Ave,Topeka,SHAWNEE,PERIOP SERVICES,*Unspecified,OR,66604,20177003603.0
4453,1500 SW 10th Ave,Topeka,SHAWNEE,PERIOP SERVICES,*Unspecified,OR,66604,20177003603.0
4454,1500 SW 10th Ave,Topeka,SHAWNEE,PERIOP SERVICES,*Unspecified,OR,66604,20177003603.0
4455,1979 Milky Way,VERONA,*Unspecified,EMH PHASE II,*Unspecified,OR,53593,55025012700.0
4456,1500 SW 10th Ave,Topeka,SHAWNEE,PERIOP SERVICES,*Unspecified,OR,66604,20177003603.0
4457,1500 SW 10th Ave,Topeka,SHAWNEE,PERIOP SERVICES,*Unspecified,OR,66604,20177003603.0
4458,1500 SW 10th Ave,Topeka,SHAWNEE,PERIOP SERVICES,*Unspecified,OR,66604,20177003603.0
4459,1500 SW 10th Ave,Topeka,SHAWNEE,PERIOP SERVICES,*Unspecified,OR,66604,20177003603.0
4460,1500 SW 10th Ave,Topeka,SHAWNEE,PERIOP SERVICES,*Unspecified,OR,66604,20177003603.0
4461,1500 SW 10th Ave,Topeka,SHAWNEE,PERIOP SERVICES,*Unspecified,OR,66604,20177003603.0
4462,1500 SW 10th Ave,Topeka,SHAWNEE,PERIOP SERVICES,*Unspecified,OR,66604,20177003603.0
4463,1500 SW 10th Ave,Topeka,SHAWNEE,PERIOP SERVICES,*Unspecified,OR,66604,20177003603.0
4464,1500 SW 10th Ave,Topeka,SHAWNEE,PERIOP SERVICES,*Unspecified,OR,66604,20177003603.0
4465,1500 SW 10th Ave,Topeka,SHAWNEE,PERIOP SERVICES,*Unspecified,OR,66604,20177003603.0
4466,1979 Milky Way,VERONA,*Unspecified,EMH PHASE II,*Unspecified,OR,53593,55025012700.0
4467,1500 SW 10th Ave,Topeka,SHAWNEE,PERIOP SERVICES,*Unspecified,OR,66604,20177003603.0
4468,1500 SW 10th Ave,Topeka,SHAWNEE,PERIOP SERVICES,*Unspecified,OR,66604,20177003603.0
4469,1500 SW 10th Ave,Topeka,SHAWNEE,PERIOP SERVICES,*Unspecified,OR,66604,20177003603.0
4470,1500 SW 10th Ave,Topeka,SHAWNEE,PERIOP SERVICES,*Unspecified,OR,66604,20177003603.0
4471,1500 SW 10th Ave,Topeka,SHAWNEE,PERIOP SERVICES,*Unspecified,OR,66604,20177003603.0
4472,1500 SW 10th Ave,Topeka,SHAWNEE,PERIOP SERVICES,*Unspecified,OR,66604,20177003603.0
4473,1500 SW 10th Ave,Topeka,SHAWNEE,PERIOP SERVICES,*Unspecified,OR,66604,20177003603.0
4474,1500 SW 10th Ave,Topeka,SHAWNEE,PERIOP SERVICES,*Unspecified,OR,66604,20177003603.0
4475,1500 SW 10th Ave,Topeka,SHAWNEE,PERIOP SERVICES,*Unspecified,OR,66604,20177003603.0
4476,1500 SW 10th Ave,Topeka,SHAWNEE,PERIOP SERVICES,*Unspecified,OR,66604,20177003603.0
4477,1979 Milky Way,VERONA,*Unspecified,EMH PHASE II,*Unspecified,OR,53593,55025012700.0
4478,1500 SW 10th Ave,Topeka,SHAWNEE,PERIOP SERVICES,*Unspecified,OR,66604,20177003603.0
4479,1500 SW 10th Ave,Topeka,SHAWNEE,PERIOP SERVICES,*Unspecified,OR,66604,20177003603.0
4480,1500 SW 10th Ave,Topeka,SHAWNEE,PERIOP SERVICES,*Unspecified,OR,66604,20177003603.0
4481,1500 SW 10th Ave,Topeka,SHAWNEE,PERIOP SERVICES,*Unspecified,OR,66604,20177003603.0
4482,1500 SW 10th Ave,Topeka,SHAWNEE,PERIOP SERVICES,*Unspecified,OR,66604,20177003603.0
4483,1500 SW 10th Ave,Topeka,SHAWNEE,PERIOP SERVICES,*Unspecified,OR,66604,20177003603.0
4484,1500 SW 10th Ave,Topeka,SHAWNEE,PERIOP SERVICES,*Unspecified,OR,66604,20177003603.0
4485,1500 SW 10th Ave,Topeka,SHAWNEE,PERIOP SERVICES,*Unspecified,OR,66604,20177003603.0
4486,1500 SW 10th Ave,Topeka,SHAWNEE,PERIOP SERVICES,*Unspecified,OR,66604,20177003603.0
4487,1500 SW 10th Ave,Topeka,SHAWNEE,PERIOP SERVICES,*Unspecified,OR,66604,20177003603.0
4488,1979 Milky Way,VERONA,*Unspecified,EMH PHASE II,*Unspecified,OR,53593,55025012700.0
4489,1500 SW 10th Ave,Topeka,SHAWNEE,PERIOP SERVICES,*Unspecified,OR,66604,20177003603.0
4490,1500 SW 10th Ave,Topeka,SHAWNEE,PERIOP SERVICES,*Unspecified,OR,66604,20177003603.0
4491,1500 SW 10th Ave,Topeka,SHAWNEE,PERIOP SERVICES,*Unspecified,OR,66604,20177003603.0
4492,1500 SW 10th Ave,Topeka,SHAWNEE,PERIOP SERVICES,*Unspecified,OR,66604,20177003603.0
4493,1500 SW 10th Ave,Topeka,SHAWNEE,PERIOP SERVICES,*Unspecified,OR,66604,20177003603.0
4494,1500 SW 10th Ave,Topeka,SHAWNEE,PERIOP SERVICES,*Unspecified,OR,66604,20177003603.0
4495,1500 SW 10th Ave,Topeka,SHAWNEE,PERIOP SERVICES,*Unspecified,OR,66604,20177003603.0
4496,1500 SW 10th Ave,Topeka,SHAWNEE,PERIOP SERVICES,*Unspecified,OR,66604,20177003603.0
4497,1500 SW 10th Ave,Topeka,SHAWNEE,PERIOP SERVICES,*Unspecified,OR,66604,20177003603.0
4498,1500 SW 10th Ave,Topeka,SHAWNEE,PERIOP SERVICES,*Unspecified,OR,66604,20177003603.0
4499,1500 SW 10th Ave,Topeka,SHAWNEE,PERIOP SERVICES,*Unspecified,OR,66604,20177003603.0
4500,1500 SW 10th Ave,Topeka,SHAWNEE,PERIOP SERVICES,*Unspecified,OR,66604,20177003603.0
4501,1500 SW 10th Ave,Topeka,SHAWNEE,PERIOP SERVICES,*Unspecified,OR,66604,20177003603.0
4502,1500 SW 10th Ave,Topeka,SHAWNEE,PERIOP SERVICES,*Unspecified,OR,66604,20177003603.0
4503,1500 SW 10th Ave,Topeka,SHAWNEE,PERIOP SERVICES,*Unspecified,OR,66604,20177003603.0
4504,1500 SW 10th Ave,Topeka,SHAWNEE,PERIOP SERVICES,*Unspecified,OR,66604,20177003603.0
4505,1500 SW 10th Ave,Topeka,SHAWNEE,PERIOP SERVICES,*Unspecified,OR,66604,20177003603.0
4506,1500 SW 10th Ave,Topeka,SHAWNEE,PERIOP SERVICES,*Unspecified,OR,66604,20177003603.0
4507,1500 SW 10th Ave,Topeka,SHAWNEE,PERIOP SERVICES,*Unspecified,OR,66604,20177003603.0
4508,1500 SW 10th Ave,Topeka,SHAWNEE,PERIOP SERVICES,*Unspecified,OR,66604,20177003603.0
4509,1500 SW 10th Ave,Topeka,SHAWNEE,PERIOP SERVICES,*Unspecified,OR,66604,20177003603.0
4510,1500 SW 10th Ave,Topeka,SHAWNEE,PERIOP SERVICES,*Unspecified,OR,66604,20177003603.0
4511,1500 SW 10th Ave,Topeka,SHAWNEE,PERIOP SERVICES,*Unspecified,OR,66604,20177003603.0
4512,1500 SW 10th Ave,Topeka,SHAWNEE,PERIOP SERVICES,*Unspecified,OR,66604,20177003603.0
4513,1500 SW 10th Ave,Topeka,SHAWNEE,PERIOP SERVICES,*Unspecified,OR,66604,20177003603.0
4514,1500 SW 10th Ave,Topeka,SHAWNEE,PERIOP SERVICES,*Unspecified,OR,66604,20177003603.0
4515,1500 SW 10th Ave,Topeka,SHAWNEE,PERIOP SERVICES,*Unspecified,OR,66604,20177003603.0
4516,1500 SW 10th Ave,Topeka,SHAWNEE,PERIOP SERVICES,*Unspecified,OR,66604,20177003603.0
4517,1500 SW 10th Ave,Topeka,SHAWNEE,PERIOP SERVICES,*Unspecified,OR,66604,20177003603.0
4518,1500 SW 10th Ave,Topeka,SHAWNEE,PERIOP SERVICES,*Unspecified,OR,66604,20177003603.0
4519,1500 SW 10th Ave,Topeka,SHAWNEE,PERIOP SERVICES,*Unspecified,OR,66604,20177003603.0
4520,1500 SW 10th Ave,Topeka,SHAWNEE,PERIOP SERVICES,*Unspecified,OR,66604,20177003603.0
4521,1500 SW 10th Ave,Topeka,SHAWNEE,PERIOP SERVICES,*Unspecified,OR,66604,20177003603.0
4522,1500 SW 10th Ave,Topeka,SHAWNEE,PERIOP SERVICES,*Unspecified,OR,66604,20177003603.0
4523,1500 SW 10th Ave,Topeka,SHAWNEE,PERIOP SERVICES,*Unspecified,OR,66604,20177003603.0
4524,1500 SW 10th Ave,Topeka,SHAWNEE,PERIOP SERVICES,*Unspecified,OR,66604,20177003603.0
4525,1500 SW 10th Ave,Topeka,SHAWNEE,PERIOP SERVICES,*Unspecified,OR,66604,20177003603.0
4526,1500 SW 10th Ave,Topeka,SHAWNEE,INTERMEDIATE CARE,*Unspecified,,66604,20177003603.0
4527,1500 SW 10th Ave,Topeka,SHAWNEE,INTERMEDIATE CARE,*Unspecified,,66604,20177003603.0
4528,1500 SW 10th Ave,Topeka,SHAWNEE,INTERMEDIATE CARE,*Unspecified,,66604,20177003603.0
4529,1500 SW 10th Ave,Topeka,SHAWNEE,INTERMEDIATE CARE,*Unspecified,,66604,20177003603.0
4530,1500 SW 10th Ave,Topeka,SHAWNEE,INTERMEDIATE CARE,*Unspecified,,66604,20177003603.0
4531,1500 SW 10th Ave,Topeka,SHAWNEE,INTERMEDIATE CARE,*Unspecified,,66604,20177003603.0
4532,1500 SW 10th Ave,Topeka,SHAWNEE,PERIOP SERVICES,*Unspecified,OR,66604,20177003603.0
4533,1500 SW 10th Ave,Topeka,SHAWNEE,PERIOP SERVICES,*Unspecified,OR,66604,20177003603.0
4534,1500 SW 10th Ave,Topeka,SHAWNEE,EMERGENCY DEPARTMENT,Emergency Medicine,ED,66604,20177003603.0
4535,1500 SW 10th Ave,Topeka,SHAWNEE,EMERGENCY DEPARTMENT,Emergency Medicine,ED,66604,20177003603.0
4536,1500 SW 10th Ave,Topeka,SHAWNEE,EMERGENCY DEPARTMENT,Emergency Medicine,ED,66604,20177003603.0
4537,1500 SW 10th Ave 340B00935100SV,Topeka,SHAWNEE,TRAUMA CRITICAL CARE,*Unspecified,ICU,66604,20177003603.0
4538,1500 SW 10th Ave 340B00935100SV,Topeka,SHAWNEE,TRAUMA CRITICAL CARE,*Unspecified,ICU,66604,20177003603.0
4539,1500 SW 10th Ave 340B00935100SV,Topeka,SHAWNEE,TRAUMA CRITICAL CARE,*Unspecified,ICU,66604,20177003603.0
4540,1500 SW 10th Ave 340B00935100SV,Topeka,SHAWNEE,TRAUMA CRITICAL CARE,*Unspecified,ICU,66604,20177003603.0
4541,1500 SW 10th Ave,Topeka,SHAWNEE,PERIOP SERVICES,*Unspecified,OR,66604,20177003603.0
4542,1500 SW 10th Ave,Topeka,SHAWNEE,PERIOP SERVICES,*Unspecified,OR,66604,20177003603.0
4543,1500 SW 10th Ave,Topeka,SHAWNEE,PERIOP SERVICES,*Unspecified,OR,66604,20177003603.0
4544,1500 SW 10th Ave,Topeka,SHAWNEE,PERIOP SERVICES,*Unspecified,OR,66604,20177003603.0
4545,1500 SW 10th Ave,Topeka,SHAWNEE,PERIOP SERVICES,*Unspecified,OR,66604,20177003603.0
4546,1500 SW 10th Ave,Topeka,SHAWNEE,PERIOP SERVICES,*Unspecified,OR,66604,20177003603.0
4547,1500 SW 10th Ave,Topeka,SHAWNEE,PERIOP SERVICES,*Unspecified,OR,66604,20177003603.0
4548,1500 SW 10th Ave,Topeka,SHAWNEE,PERIOP SERVICES,*Unspecified,OR,66604,20177003603.0
4549,1500 SW 10th Ave,Topeka,SHAWNEE,PERIOP SERVICES,*Unspecified,OR,66604,20177003603.0
4550,1500 SW 10th Ave,Topeka,SHAWNEE,PERIOP SERVICES,*Unspecified,OR,66604,20177003603.0
4551,1500 SW 10th Ave,Topeka,SHAWNEE,PERIOP SERVICES,*Unspecified,OR,66604,20177003603.0
4552,1500 SW 10th Ave,Topeka,SHAWNEE,PERIOP SERVICES,*Unspecified,OR,66604,20177003603.0
4553,1500 SW 10th Ave,Topeka,SHAWNEE,PACU,*Unspecified,OR,66604,20177003603.0
4554,1500 SW 10th Ave,Topeka,SHAWNEE,PACU,*Unspecified,OR,66604,20177003603.0
4555,1500 SW 10th Ave,Topeka,SHAWNEE,PACU,*Unspecified,OR,66604,20177003603.0
4556,1500 SW 10th Ave,Topeka,SHAWNEE,PACU,*Unspecified,OR,66604,20177003603.0
4557,1500 SW 10th Ave,Topeka,SHAWNEE,PACU,*Unspecified,OR,66604,20177003603.0
4558,1500 SW 10th Ave,Topeka,SHAWNEE,PACU,*Unspecified,OR,66604,20177003603.0
4559,1500 SW 10th Ave,Topeka,SHAWNEE,PACU,*Unspecified,OR,66604,20177003603.0
4560,1500 SW 10th Ave,Topeka,SHAWNEE,PACU,*Unspecified,OR,66604,20177003603.0
4561,1500 SW 10th Ave,Topeka,SHAWNEE,PACU,*Unspecified,OR,66604,20177003603.0
4562,1500 SW 10th Ave,Topeka,SHAWNEE,PACU,*Unspecified,OR,66604,20177003603.0
4563,1500 SW 10th Ave,Topeka,SHAWNEE,PACU,*Unspecified,OR,66604,20177003603.0
4564,1500 SW 10th Ave,Topeka,SHAWNEE,PACU,*Unspecified,OR,66604,20177003603.0
4565,1500 SW 10th Ave,Topeka,SHAWNEE,PACU,*Unspecified,OR,66604,20177003603.0
4566,1500 SW 10th Ave,Topeka,SHAWNEE,PACU,*Unspecified,OR,66604,20177003603.0
4567,1500 SW 10th Ave,Topeka,SHAWNEE,PACU,*Unspecified,OR,66604,20177003603.0
4568,1500 SW 10th Ave,Topeka,SHAWNEE,PACU,*Unspecified,OR,66604,20177003603.0
4569,1500 SW 10th Ave,Topeka,SHAWNEE,PACU,*Unspecified,OR,66604,20177003603.0
4570,1500 SW 10th Ave,Topeka,SHAWNEE,PACU,*Unspecified,OR,66604,20177003603.0
4571,1500 SW 10th Ave,Topeka,SHAWNEE,PACU,*Unspecified,OR,66604,20177003603.0
4572,1500 SW 10th Ave,Topeka,SHAWNEE,PACU,*Unspecified,OR,66604,20177003603.0
4573,920 SW Lane St Ste 200,Topeka,SHAWNEE,EXCELLENT PRE-POST,Otolaryngology,OR,66606,20177000500.0
4574,920 SW Lane St Ste 200,Topeka,SHAWNEE,EXCELLENT PRE-POST,Otolaryngology,OR,66606,20177000500.0
4575,920 SW Lane St Ste 200,Topeka,SHAWNEE,EXCELLENT PRE-POST,Otolaryngology,OR,66606,20177000500.0
4576,920 SW Lane St Ste 200,Topeka,SHAWNEE,EXCELLENT PRE-POST,Otolaryngology,OR,66606,20177000500.0
4577,920 SW Lane St Ste 200,Topeka,SHAWNEE,EXCELLENT PRE-POST,Otolaryngology,OR,66606,20177000500.0
4578,920 SW Lane St Ste 200,Topeka,SHAWNEE,EXCELLENT PRE-POST,Otolaryngology,OR,66606,20177000500.0
4579,920 SW Lane St Ste 200,Topeka,SHAWNEE,EXCELLENT PRE-POST,Otolaryngology,OR,66606,20177000500.0
4580,920 SW Lane St Ste 200,Topeka,SHAWNEE,EXCELLENT PRE-POST,Otolaryngology,OR,66606,20177000500.0
4581,920 SW Lane St Ste 200,Topeka,SHAWNEE,EXCELLENT PRE-POST,Otolaryngology,OR,66606,20177000500.0
4582,920 SW Lane St Ste 200,Topeka,SHAWNEE,EXCELLENT PRE-POST,Otolaryngology,OR,66606,20177000500.0
4583,920 SW Lane St Ste 200,Topeka,SHAWNEE,EXCELLENT PRE-POST,Otolaryngology,OR,66606,20177000500.0
4584,920 SW Lane St Ste 200,Topeka,SHAWNEE,EXCELLENT PRE-POST,Otolaryngology,OR,66606,20177000500.0
4585,920 SW Lane St Ste 200,Topeka,SHAWNEE,EXCELLENT PRE-POST,Otolaryngology,OR,66606,20177000500.0
4586,920 SW Lane St Ste 200,Topeka,SHAWNEE,EXCELLENT PRE-POST,Otolaryngology,OR,66606,20177000500.0
4587,920 SW Lane St Ste 200,Topeka,SHAWNEE,EXCELLENT PRE-POST,Otolaryngology,OR,66606,20177000500.0
4588,920 SW Lane St Ste 200,Topeka,SHAWNEE,EXCELLENT PRE-POST,Otolaryngology,OR,66606,20177000500.0
4589,920 SW Lane St Ste 200,Topeka,SHAWNEE,EXCELLENT PRE-POST,Otolaryngology,OR,66606,20177000500.0
4590,920 SW Lane St Ste 200,Topeka,SHAWNEE,EXCELLENT PRE-POST,Otolaryngology,OR,66606,20177000500.0
4591,920 SW Lane St Ste 200,Topeka,SHAWNEE,EXCELLENT PRE-POST,Otolaryngology,OR,66606,20177000500.0
4592,920 SW Lane St Ste 200,Topeka,SHAWNEE,EXCELLENT PRE-POST,Otolaryngology,OR,66606,20177000500.0
4593,920 SW Lane St Ste 200,Topeka,SHAWNEE,EXCELLENT PRE-POST,Otolaryngology,OR,66606,20177000500.0
4594,920 SW Lane St Ste 200,Topeka,SHAWNEE,EXCELLENT PRE-POST,Otolaryngology,OR,66606,20177000500.0
4595,920 SW Lane St Ste 200,Topeka,SHAWNEE,EXCELLENT PRE-POST,Otolaryngology,OR,66606,20177000500.0
4596,920 SW Lane St Ste 200,Topeka,SHAWNEE,EXCELLENT PRE-POST,Otolaryngology,OR,66606,20177000500.0
4597,920 SW Lane St Ste 200,Topeka,SHAWNEE,EXCELLENT PRE-POST,Otolaryngology,OR,66606,20177000500.0
4598,920 SW Lane St Ste 200,Topeka,SHAWNEE,EXCELLENT PRE-POST,Otolaryngology,OR,66606,20177000500.0
4599,920 SW Lane St Ste 200,Topeka,SHAWNEE,EXCELLENT PRE-POST,Otolaryngology,OR,66606,20177000500.0
4600,920 SW Lane St Ste 200,Topeka,SHAWNEE,EXCELLENT PRE-POST,Otolaryngology,OR,66606,20177000500.0
4601,920 SW Lane St Ste 200,Topeka,SHAWNEE,EXCELLENT PRE-POST,Otolaryngology,OR,66606,20177000500.0
4602,920 SW Lane St Ste 200,Topeka,SHAWNEE,EXCELLENT PRE-POST,Otolaryngology,OR,66606,20177000500.0
4603,920 SW Lane St Ste 200,TOPEKA,SHAWNEE,EXCELLENT OR,Otolaryngology,OR,66606,20177000500.0
4604,920 SW Lane St Ste 200,TOPEKA,SHAWNEE,EXCELLENT OR,Otolaryngology,OR,66606,20177000500.0
4605,920 SW Lane St Ste 200,TOPEKA,SHAWNEE,EXCELLENT OR,Otolaryngology,OR,66606,20177000500.0
4606,920 SW Lane St Ste 200,TOPEKA,SHAWNEE,EXCELLENT OR,Otolaryngology,OR,66606,20177000500.0
4607,920 SW Lane St Ste 200,TOPEKA,SHAWNEE,EXCELLENT OR,Otolaryngology,OR,66606,20177000500.0
4608,920 SW Lane St Ste 200,TOPEKA,SHAWNEE,EXCELLENT OR,Otolaryngology,OR,66606,20177000500.0
4609,920 SW Lane St Ste 200,TOPEKA,SHAWNEE,EXCELLENT OR,Otolaryngology,OR,66606,20177000500.0
4610,920 SW Lane St Ste 200,TOPEKA,SHAWNEE,EXCELLENT OR,Otolaryngology,OR,66606,20177000500.0
4611,920 SW Lane St Ste 200,TOPEKA,SHAWNEE,EXCELLENT OR,Otolaryngology,OR,66606,20177000500.0
4612,920 SW Lane St Ste 200,TOPEKA,SHAWNEE,EXCELLENT OR,Otolaryngology,OR,66606,20177000500.0
4613,920 SW Lane St Ste 200,TOPEKA,SHAWNEE,EXCELLENT OR,Otolaryngology,OR,66606,20177000500.0
4614,920 SW Lane St Ste 200,TOPEKA,SHAWNEE,EXCELLENT OR,Otolaryngology,OR,66606,20177000500.0
4615,920 SW Lane St Ste 200,TOPEKA,SHAWNEE,EXCELLENT OR,Otolaryngology,OR,66606,20177000500.0
4616,920 SW Lane St Ste 200,TOPEKA,SHAWNEE,EXCELLENT OR,Otolaryngology,OR,66606,20177000500.0
4617,920 SW Lane St Ste 200,TOPEKA,SHAWNEE,EXCELLENT OR,Otolaryngology,OR,66606,20177000500.0
4618,920 SW Lane St Ste 200,TOPEKA,SHAWNEE,EXCELLENT OR,Otolaryngology,OR,66606,20177000500.0
4619,920 SW Lane St Ste 200,TOPEKA,SHAWNEE,EXCELLENT OR,Otolaryngology,OR,66606,20177000500.0
4620,920 SW Lane St Ste 200,TOPEKA,SHAWNEE,EXCELLENT OR,Otolaryngology,OR,66606,20177000500.0
4621,920 SW Lane St Ste 200,TOPEKA,SHAWNEE,EXCELLENT OR,Otolaryngology,OR,66606,20177000500.0
4622,920 SW Lane St Ste 200,TOPEKA,SHAWNEE,EXCELLENT OR,Otolaryngology,OR,66606,20177000500.0
4623,920 SW Lane St Ste 200,TOPEKA,SHAWNEE,EXCELLENT OR,Otolaryngology,OR,66606,20177000500.0
4624,920 SW Lane St Ste 200,TOPEKA,SHAWNEE,EXCELLENT OR,Otolaryngology,OR,66606,20177000500.0
4625,920 SW Lane St Ste 200,TOPEKA,SHAWNEE,EXCELLENT OR,Otolaryngology,OR,66606,20177000500.0
4626,920 SW Lane St Ste 200,TOPEKA,SHAWNEE,EXCELLENT OR,Otolaryngology,OR,66606,20177000500.0
4627,920 SW Lane St Ste 200,TOPEKA,SHAWNEE,EXCELLENT OR,Otolaryngology,OR,66606,20177000500.0
4628,920 SW Lane St Ste 200,TOPEKA,SHAWNEE,EXCELLENT OR,Otolaryngology,OR,66606,20177000500.0
4629,920 SW Lane St Ste 200,TOPEKA,SHAWNEE,EXCELLENT OR,Otolaryngology,OR,66606,20177000500.0
4630,920 SW Lane St Ste 200,TOPEKA,SHAWNEE,EXCELLENT OR,Otolaryngology,OR,66606,20177000500.0
4631,920 SW Lane St Ste 200,TOPEKA,SHAWNEE,EXCELLENT OR,Otolaryngology,OR,66606,20177000500.0
4632,920 SW Lane St Ste 200,TOPEKA,SHAWNEE,EXCELLENT OR,Otolaryngology,OR,66606,20177000500.0
4633,920 SW Lane St,Topeka,*Unspecified,EXCELLENT SURGERY,*Unspecified,,66606,20177000500.0
4634,920 SW Lane St,Topeka,*Unspecified,EXCELLENT SURGERY,*Unspecified,,66606,20177000500.0
4635,920 SW Lane St,Topeka,*Unspecified,EXCELLENT SURGERY,*Unspecified,,66606,20177000500.0
4636,920 SW Lane St,Topeka,*Unspecified,EXCELLENT SURGERY,*Unspecified,,66606,20177000500.0
4637,920 SW Lane St,Topeka,*Unspecified,EXCELLENT SURGERY,*Unspecified,,66606,20177000500.0
4638,920 SW Lane St,Topeka,*Unspecified,EXCELLENT SURGERY,*Unspecified,,66606,20177000500.0
4639,920 SW Lane St,Topeka,*Unspecified,EXCELLENT SURGERY,*Unspecified,,66606,20177000500.0
4640,920 SW Lane St,Topeka,*Unspecified,EXCELLENT SURGERY,*Unspecified,,66606,20177000500.0
4641,920 SW Lane St,Topeka,*Unspecified,EXCELLENT SURGERY,*Unspecified,,66606,20177000500.0
4642,920 SW Lane St,Topeka,*Unspecified,EXCELLENT SURGERY,*Unspecified,,66606,20177000500.0
4643,920 SW Lane St,Topeka,*Unspecified,EXCELLENT SURGERY,*Unspecified,,66606,20177000500.0
4644,920 SW Lane St,Topeka,*Unspecified,EXCELLENT SURGERY,*Unspecified,,66606,20177000500.0
4645,920 SW Lane St,Topeka,*Unspecified,EXCELLENT SURGERY,*Unspecified,,66606,20177000500.0
4646,920 SW Lane St,Topeka,*Unspecified,EXCELLENT SURGERY,*Unspecified,,66606,20177000500.0
4647,920 SW Lane St,Topeka,*Unspecified,EXCELLENT SURGERY,*Unspecified,,66606,20177000500.0
4648,920 SW Lane St,Topeka,*Unspecified,EXCELLENT SURGERY,*Unspecified,,66606,20177000500.0
4649,920 SW Lane St,Topeka,*Unspecified,EXCELLENT SURGERY,*Unspecified,,66606,20177000500.0
4650,920 SW Lane St,Topeka,*Unspecified,EXCELLENT SURGERY,*Unspecified,,66606,20177000500.0
4651,920 SW Lane St,Topeka,*Unspecified,EXCELLENT SURGERY,*Unspecified,,66606,20177000500.0
4652,920 SW Lane St,Topeka,*Unspecified,EXCELLENT SURGERY,*Unspecified,,66606,20177000500.0
4653,920 SW Lane St,Topeka,*Unspecified,EXCELLENT SURGERY,*Unspecified,,66606,20177000500.0
4654,920 SW Lane St,Topeka,*Unspecified,EXCELLENT SURGERY,*Unspecified,,66606,20177000500.0
4655,920 SW Lane St,Topeka,*Unspecified,EXCELLENT SURGERY,*Unspecified,,66606,20177000500.0
4656,920 SW Lane St,Topeka,*Unspecified,EXCELLENT SURGERY,*Unspecified,,66606,20177000500.0
4657,920 SW Lane St,Topeka,*Unspecified,EXCELLENT SURGERY,*Unspecified,,66606,20177000500.0
4658,920 SW Lane St,Topeka,*Unspecified,EXCELLENT SURGERY,*Unspecified,,66606,20177000500.0
4659,920 SW Lane St,Topeka,*Unspecified,EXCELLENT SURGERY,*Unspecified,,66606,20177000500.0
4660,920 SW Lane St,Topeka,*Unspecified,EXCELLENT SURGERY,*Unspecified,,66606,20177000500.0
4661,920 SW Lane St,Topeka,*Unspecified,EXCELLENT SURGERY,*Unspecified,,66606,20177000500.0
4662,920 SW Lane St,Topeka,*Unspecified,EXCELLENT SURGERY,*Unspecified,,66606,20177000500.0
4663,920 SW Lane St,Topeka,*Unspecified,EXCELLENT SURGERY,*Unspecified,,66606,20177000500.0
4664,920 SW Lane St,Topeka,*Unspecified,EXCELLENT SURGERY,*Unspecified,,66606,20177000500.0
4665,920 SW Lane St,Topeka,*Unspecified,EXCELLENT SURGERY,*Unspecified,,66606,20177000500.0
4666,920 SW Lane St,Topeka,*Unspecified,EXCELLENT SURGERY,*Unspecified,,66606,20177000500.0
4667,920 SW Lane St,Topeka,*Unspecified,EXCELLENT SURGERY,*Unspecified,,66606,20177000500.0
4668,920 SW Lane St,Topeka,*Unspecified,EXCELLENT SURGERY,*Unspecified,,66606,20177000500.0
4669,920 SW Lane St,Topeka,*Unspecified,EXCELLENT SURGERY,*Unspecified,,66606,20177000500.0
4670,920 SW Lane St,Topeka,*Unspecified,EXCELLENT SURGERY,*Unspecified,,66606,20177000500.0
4671,920 SW Lane St,Topeka,*Unspecified,EXCELLENT SURGERY,*Unspecified,,66606,20177000500.0
4672,920 SW Lane St,Topeka,*Unspecified,EXCELLENT SURGERY,*Unspecified,,66606,20177000500.0
4673,920 SW Lane St,Topeka,*Unspecified,EXCELLENT SURGERY,*Unspecified,,66606,20177000500.0
4674,920 SW Lane St,Topeka,*Unspecified,EXCELLENT SURGERY,*Unspecified,,66606,20177000500.0
4675,920 SW Lane St,Topeka,*Unspecified,EXCELLENT SURGERY,*Unspecified,,66606,20177000500.0
4676,920 SW Lane St,Topeka,*Unspecified,EXCELLENT SURGERY,*Unspecified,,66606,20177000500.0
4677,920 SW Lane St,Topeka,*Unspecified,EXCELLENT SURGERY,*Unspecified,,66606,20177000500.0
4678,920 SW Lane St,Topeka,*Unspecified,EXCELLENT SURGERY,*Unspecified,,66606,20177000500.0
4679,920 SW Lane St,Topeka,*Unspecified,EXCELLENT SURGERY,*Unspecified,,66606,20177000500.0
4680,920 SW Lane St,Topeka,*Unspecified,EXCELLENT SURGERY,*Unspecified,,66606,20177000500.0
4681,920 SW Lane St,Topeka,*Unspecified,EXCELLENT SURGERY,*Unspecified,,66606,20177000500.0
4682,920 SW Lane St,Topeka,*Unspecified,EXCELLENT SURGERY,*Unspecified,,66606,20177000500.0
4683,1500 SW 10th Ave,Topeka,SHAWNEE,CVOPC,*Unspecified,,66604,20177003603.0
4684,1500 SW 10th Ave,Topeka,SHAWNEE,CVOPC,*Unspecified,,66604,20177003603.0
4685,1500 SW 10th Ave,Topeka,SHAWNEE,CVOPC,*Unspecified,,66604,20177003603.0
4686,1500 SW 10th Ave,Topeka,SHAWNEE,CVOPC,*Unspecified,,66604,20177003603.0
4687,1500 SW 10th Ave,Topeka,SHAWNEE,CVOPC,*Unspecified,,66604,20177003603.0
4688,1500 SW 10th Ave,Topeka,SHAWNEE,CVOPC,*Unspecified,,66604,20177003603.0
4689,1500 SW 10th Ave,Topeka,SHAWNEE,CVOPC,*Unspecified,,66604,20177003603.0
4690,1500 SW 10th Ave,Topeka,SHAWNEE,CVOPC,*Unspecified,,66604,20177003603.0
4691,1500 SW 10th Ave,Topeka,SHAWNEE,CVOPC,*Unspecified,,66604,20177003603.0
4692,1500 SW 10th Ave,Topeka,SHAWNEE,CVOPC,*Unspecified,,66604,20177003603.0
4693,1500 SW 10th Ave,Topeka,SHAWNEE,CVOPC,*Unspecified,,66604,20177003603.0
4694,1500 SW 10th Ave,Topeka,SHAWNEE,CVOPC,*Unspecified,,66604,20177003603.0
4695,1500 SW 10th Ave,Topeka,SHAWNEE,CVOPC,*Unspecified,,66604,20177003603.0
4696,1500 SW 10th Ave,Topeka,SHAWNEE,CVOPC,*Unspecified,,66604,20177003603.0
4697,1500 SW 10th Ave,Topeka,SHAWNEE,CVOPC,*Unspecified,,66604,20177003603.0
4698,,,*Unspecified,*Unspecified,*Unspecified,*Unspecified,,
4699,2660 SW 3rd Street Suite 002,Topeka,SHAWNEE,SDS,*Unspecified,OR,66606,20177000500.0
4700,2660 SW 3rd Street Suite 002,Topeka,SHAWNEE,SDS,*Unspecified,OR,66606,20177000500.0
4701,2660 SW 3rd Street Suite 002,Topeka,SHAWNEE,SDS,*Unspecified,OR,66606,20177000500.0
4702,2660 SW 3rd Street Suite 002,Topeka,SHAWNEE,SDS,*Unspecified,OR,66606,20177000500.0
4703,2660 SW 3rd Street Suite 002,Topeka,SHAWNEE,SDS,*Unspecified,OR,66606,20177000500.0
4704,1500 SW 10th Ave,Topeka,SHAWNEE,EMERGENCY DEPARTMENT,Emergency Medicine,ED,66604,20177003603.0
4705,1500 SW 10th Ave,Topeka,SHAWNEE,EMERGENCY DEPARTMENT,Emergency Medicine,ED,66604,20177003603.0
4706,1500 SW 10th Ave,Topeka,SHAWNEE,SPINE CENTER,*Unspecified,,66604,20177003603.0
4707,1500 SW 10th Ave,Topeka,SHAWNEE,EMERGENCY DEPARTMENT,Emergency Medicine,ED,66604,20177003603.0
4708,1500 SW 10th Ave,Topeka,SHAWNEE,EMERGENCY DEPARTMENT,Emergency Medicine,ED,66604,20177003603.0
4709,1500 SW 10th Ave,Topeka,SHAWNEE,EMERGENCY DEPARTMENT,Emergency Medicine,ED,66604,20177003603.0
4710,1500 SW 10th Ave,Topeka,SHAWNEE,EMERGENCY DEPARTMENT,Emergency Medicine,ED,66604,20177003603.0
4711,1500 SW 10th Ave,Topeka,SHAWNEE,EMERGENCY DEPARTMENT,Emergency Medicine,ED,66604,20177003603.0
4712,1500 SW 10th Ave,Topeka,SHAWNEE,EMERGENCY DEPARTMENT,Emergency Medicine,ED,66604,20177003603.0
4713,1500 SW 10th Ave,Topeka,SHAWNEE,EMERGENCY DEPARTMENT,Emergency Medicine,ED,66604,20177003603.0
4714,1500 SW 10th Ave,Topeka,SHAWNEE,EMERGENCY DEPARTMENT,Emergency Medicine,ED,66604,20177003603.0
4715,1500 SW 10th Ave,Topeka,SHAWNEE,EMERGENCY DEPARTMENT,Emergency Medicine,ED,66604,20177003603.0
4716,1500 SW 10th Ave,Topeka,SHAWNEE,EMERGENCY DEPARTMENT,Emergency Medicine,ED,66604,20177003603.0
4717,1500 SW 10th Ave,Topeka,SHAWNEE,EMERGENCY DEPARTMENT,Emergency Medicine,ED,66604,20177003603.0
4718,1500 SW 10th Ave,Topeka,SHAWNEE,EMERGENCY DEPARTMENT,Emergency Medicine,ED,66604,20177003603.0
4719,1500 SW 10th Ave,Topeka,SHAWNEE,EMERGENCY DEPARTMENT,Emergency Medicine,ED,66604,20177003603.0
4720,1500 SW 10th Ave,Topeka,SHAWNEE,EMERGENCY DEPARTMENT,Emergency Medicine,ED,66604,20177003603.0
4721,1500 SW 10th Ave,Topeka,SHAWNEE,EMERGENCY DEPARTMENT,Emergency Medicine,ED,66604,20177003603.0
4722,1500 SW 10th Ave,Topeka,SHAWNEE,EMERGENCY DEPARTMENT,Emergency Medicine,ED,66604,20177003603.0
4723,1500 SW 10th Ave,Topeka,SHAWNEE,EMERGENCY DEPARTMENT,Emergency Medicine,ED,66604,20177003603.0
4724,1500 SW 10th Ave,Topeka,SHAWNEE,EMERGENCY DEPARTMENT,Emergency Medicine,ED,66604,20177003603.0
4725,,,*Unspecified,*Unspecified,*Unspecified,*Unspecified,,
4726,1500 SW 10th Ave,Topeka,SHAWNEE,EMERGENCY DEPARTMENT,Emergency Medicine,ED,66604,20177003603.0
4727,1500 SW 10th Ave,Topeka,SHAWNEE,EMERGENCY DEPARTMENT,Emergency Medicine,ED,66604,20177003603.0
4728,1500 SW 10th Ave,Topeka,SHAWNEE,EMERGENCY DEPARTMENT,Emergency Medicine,ED,66604,20177003603.0
4729,1500 SW 10th Ave,Topeka,SHAWNEE,EMERGENCY DEPARTMENT,Emergency Medicine,ED,66604,20177003603.0
4730,1500 SW 10th Ave,Topeka,SHAWNEE,EMERGENCY DEPARTMENT,Emergency Medicine,ED,66604,20177003603.0
4731,1500 SW 10th Ave,Topeka,SHAWNEE,EMERGENCY DEPARTMENT,Emergency Medicine,ED,66604,20177003603.0
4732,1500 SW 10th Ave,Topeka,SHAWNEE,EMERGENCY DEPARTMENT,Emergency Medicine,ED,66604,20177003603.0
4733,1500 SW 10th Ave,Topeka,SHAWNEE,EMERGENCY DEPARTMENT,Emergency Medicine,ED,66604,20177003603.0
4734,1500 SW 10th Ave,Topeka,SHAWNEE,EMERGENCY DEPARTMENT,Emergency Medicine,ED,66604,20177003603.0
4735,1500 SW 10th Ave,Topeka,SHAWNEE,EMERGENCY DEPARTMENT,Emergency Medicine,ED,66604,20177003603.0
4736,1500 SW 10th Ave,Topeka,SHAWNEE,EMERGENCY DEPARTMENT,Emergency Medicine,ED,66604,20177003603.0
4737,1500 SW 10th Ave,Topeka,SHAWNEE,EMERGENCY DEPARTMENT,Emergency Medicine,ED,66604,20177003603.0
4738,1500 SW 10th Ave,Topeka,SHAWNEE,EMERGENCY DEPARTMENT,Emergency Medicine,ED,66604,20177003603.0
4739,1414 SW 8th Ave,Topeka,SHAWNEE,INFUSION CENTER,Infusion Therapy,HOD,66606,20177000500.0
4740,1414 SW 8th Ave,Topeka,SHAWNEE,INFUSION CENTER,Infusion Therapy,HOD,66606,20177000500.0
4741,1414 SW 8th Ave,Topeka,SHAWNEE,INFUSION CENTER,Infusion Therapy,HOD,66606,20177000500.0
4742,1414 SW 8th Ave,Topeka,SHAWNEE,INFUSION CENTER,Infusion Therapy,HOD,66606,20177000500.0
4743,1414 SW 8th Ave,Topeka,SHAWNEE,INFUSION CENTER,Infusion Therapy,HOD,66606,20177000500.0
4744,1414 SW 8th Ave,Topeka,SHAWNEE,INFUSION CENTER,Infusion Therapy,HOD,66606,20177000500.0
4745,1414 SW 8th Ave,Topeka,SHAWNEE,INFUSION CENTER,Infusion Therapy,HOD,66606,20177000500.0
4746,1414 SW 8th Ave,Topeka,SHAWNEE,INFUSION CENTER,Infusion Therapy,HOD,66606,20177000500.0
4747,1414 SW 8th Ave,Topeka,SHAWNEE,INFUSION CENTER,Infusion Therapy,HOD,66606,20177000500.0
4748,1414 SW 8th Ave,Topeka,SHAWNEE,INFUSION CENTER,Infusion Therapy,HOD,66606,20177000500.0
4749,1414 SW 8th Ave,Topeka,SHAWNEE,INFUSION CENTER,Infusion Therapy,HOD,66606,20177000500.0
4750,1414 SW 8th Ave,Topeka,SHAWNEE,INFUSION CENTER,Infusion Therapy,HOD,66606,20177000500.0
4751,1414 SW 8th Ave,Topeka,SHAWNEE,INFUSION CENTER,Infusion Therapy,HOD,66606,20177000500.0
4752,1414 SW 8th Ave,Topeka,SHAWNEE,INFUSION CENTER,Infusion Therapy,HOD,66606,20177000500.0
4753,1414 SW 8th Ave,Topeka,SHAWNEE,INFUSION CENTER,Infusion Therapy,HOD,66606,20177000500.0
4754,1414 SW 8th Ave,Topeka,SHAWNEE,INFUSION CENTER,Infusion Therapy,HOD,66606,20177000500.0
4755,1414 SW 8th Ave,Topeka,SHAWNEE,INFUSION CENTER,Infusion Therapy,HOD,66606,20177000500.0
4756,1414 SW 8th Ave,Topeka,SHAWNEE,INFUSION CENTER,Infusion Therapy,HOD,66606,20177000500.0
4757,1414 SW 8th Ave,Topeka,SHAWNEE,INFUSION CENTER,Infusion Therapy,HOD,66606,20177000500.0
4758,1414 SW 8th Ave,Topeka,SHAWNEE,INFUSION CENTER,Infusion Therapy,HOD,66606,20177000500.0
4759,1414 SW 8th Ave,Topeka,SHAWNEE,INFUSION CENTER,Infusion Therapy,HOD,66606,20177000500.0
4760,1414 SW 8th Ave,Topeka,SHAWNEE,INFUSION CENTER,Infusion Therapy,HOD,66606,20177000500.0
4761,1414 SW 8th Ave,Topeka,SHAWNEE,INFUSION CENTER,Infusion Therapy,HOD,66606,20177000500.0
4762,1414 SW 8th Ave,Topeka,SHAWNEE,INFUSION CENTER,Infusion Therapy,HOD,66606,20177000500.0
4763,1414 SW 8th Ave,Topeka,SHAWNEE,INFUSION CENTER,Infusion Therapy,HOD,66606,20177000500.0
4764,1414 SW 8th Ave,Topeka,SHAWNEE,INFUSION CENTER,Infusion Therapy,HOD,66606,20177000500.0
4765,1414 SW 8th Ave,Topeka,SHAWNEE,INFUSION CENTER,Infusion Therapy,HOD,66606,20177000500.0
4766,1414 SW 8th Ave,Topeka,SHAWNEE,INFUSION CENTER,Infusion Therapy,HOD,66606,20177000500.0
4767,1414 SW 8th Ave,Topeka,SHAWNEE,INFUSION CENTER,Infusion Therapy,HOD,66606,20177000500.0
4768,1414 SW 8th Ave,Topeka,SHAWNEE,INFUSION CENTER,Infusion Therapy,HOD,66606,20177000500.0
4769,1414 SW 8th Ave,Topeka,SHAWNEE,INFUSION CENTER,Infusion Therapy,HOD,66606,20177000500.0
4770,1500 SW 10th Ave,Topeka,SHAWNEE,POST SURG OBSERVATION,*Unspecified,,66604,20177003603.0
4771,1500 SW 10th Ave,Topeka,SHAWNEE,POST SURG OBSERVATION,*Unspecified,,66604,20177003603.0
4772,1500 SW 10th Ave,Topeka,SHAWNEE,POST SURG OBSERVATION,*Unspecified,,66604,20177003603.0
4773,1500 SW 10th Ave,Topeka,SHAWNEE,POST SURG OBSERVATION,*Unspecified,,66604,20177003603.0
4774,1500 SW 10th Ave,Topeka,SHAWNEE,POST SURG OBSERVATION,*Unspecified,,66604,20177003603.0
4775,1500 SW 10th Ave,Topeka,SHAWNEE,POST SURG OBSERVATION,*Unspecified,,66604,20177003603.0
4776,1500 SW 10th Ave,Topeka,SHAWNEE,POST SURG OBSERVATION,*Unspecified,,66604,20177003603.0
4777,1500 SW 10th Ave,Topeka,SHAWNEE,POST SURG OBSERVATION,*Unspecified,,66604,20177003603.0
4778,1500 SW 10th Ave,Topeka,SHAWNEE,POST SURG OBSERVATION,*Unspecified,,66604,20177003603.0
4779,1500 SW 10th Ave,Topeka,SHAWNEE,POST SURG OBSERVATION,*Unspecified,,66604,20177003603.0
4780,1500 SW 10th Ave,Topeka,SHAWNEE,POST SURG OBSERVATION,*Unspecified,,66604,20177003603.0
4781,1500 SW 10th Ave,Topeka,SHAWNEE,POST SURG OBSERVATION,*Unspecified,,66604,20177003603.0
4782,1500 SW 10th Ave,Topeka,SHAWNEE,POST SURG OBSERVATION,*Unspecified,,66604,20177003603.0
4783,1500 SW 10th Ave,Topeka,SHAWNEE,POST SURG OBSERVATION,*Unspecified,,66604,20177003603.0
4784,1500 SW 10th Ave,Topeka,SHAWNEE,POST SURG OBSERVATION,*Unspecified,,66604,20177003603.0
4785,1500 SW 10th Ave,Topeka,SHAWNEE,POST SURG OBSERVATION,*Unspecified,,66604,20177003603.0
4786,1979 Milky Way,VERONA,*Unspecified,EMH LABOR & DELIVERY,Obstetrics and Gynecology,L&D,53593,55025012700.0
4787,1979 Milky Way,VERONA,*Unspecified,EMH LABOR & DELIVERY,Obstetrics and Gynecology,L&D,53593,55025012700.0
4788,1979 Milky Way,VERONA,*Unspecified,EMH LABOR & DELIVERY,Obstetrics and Gynecology,L&D,53593,55025012700.0
4789,1979 Milky Way,VERONA,*Unspecified,EMH PHYS MED & REHAB,Physical Medicine and Rehabilitation,HOD,53593,55025012700.0
4790,1979 Milky Way,VERONA,*Unspecified,EMH PHYS MED & REHAB,Physical Medicine and Rehabilitation,HOD,53593,55025012700.0
4791,1979 Milky Way,VERONA,*Unspecified,EMH PHYS MED & REHAB,Physical Medicine and Rehabilitation,HOD,53593,55025012700.0
4792,1979 Milky Way,VERONA,*Unspecified,EMH PHYS MED & REHAB,Physical Medicine and Rehabilitation,HOD,53593,55025012700.0
4793,1979 Milky Way,VERONA,*Unspecified,EMH PHYS MED & REHAB,Physical Medicine and Rehabilitation,HOD,53593,55025012700.0
4794,1979 Milky Way,VERONA,*Unspecified,EMH ONCOLOGY,Oncology,HOD,53593,55025012700.0
4795,1979 Milky Way,VERONA,*Unspecified,EMH ONCOLOGY,Oncology,HOD,53593,55025012700.0
4796,1979 Milky Way,VERONA,*Unspecified,EMH ONCOLOGY,Oncology,HOD,53593,55025012700.0
4797,1979 Milky Way,VERONA,*Unspecified,EMH ONCOLOGY,Oncology,HOD,53593,55025012700.0
4798,1979 Milky Way,VERONA,*Unspecified,EMH ONCOLOGY,Oncology,HOD,53593,55025012700.0
4799,1979 Milky Way,VERONA,*Unspecified,EMH ONCOLOGY,Oncology,HOD,53593,55025012700.0
4800,1979 Milky Way,VERONA,*Unspecified,EMH ONCOLOGY,Oncology,HOD,53593,55025012700.0
4801,1979 Milky Way,VERONA,*Unspecified,EMH ONCOLOGY,Oncology,HOD,53593,55025012700.0
4802,1979 Milky Way,VERONA,*Unspecified,EMH ONCOLOGY,Oncology,HOD,53593,55025012700.0
4803,1979 Milky Way,VERONA,*Unspecified,EMH ONCOLOGY,Oncology,HOD,53593,55025012700.0
4804,1979 Milky Way,VERONA,*Unspecified,EMH ONCOLOGY,Oncology,HOD,53593,55025012700.0
4805,1979 Milky Way,VERONA,*Unspecified,EMH ONCOLOGY,Oncology,HOD,53593,55025012700.0
4806,1979 Milky Way,VERONA,*Unspecified,EMH ONCOLOGY,Oncology,HOD,53593,55025012700.0
4807,1979 Milky Way,VERONA,*Unspecified,EMH ONCOLOGY,Oncology,HOD,53593,55025012700.0
4808,1979 Milky Way,VERONA,*Unspecified,EMH MED SURG,*Unspecified,,53593,55025012700.0
4809,1979 Milky Way,VERONA,*Unspecified,EMH MED SURG,*Unspecified,,53593,55025012700.0
4810,1979 Milky Way,VERONA,*Unspecified,EMH MED SURG,*Unspecified,,53593,55025012700.0
4811,1979 Milky Way,VERONA,*Unspecified,EMH MED SURG,*Unspecified,,53593,55025012700.0
4812,1979 Milky Way,VERONA,*Unspecified,EMH MED SURG,*Unspecified,,53593,55025012700.0
4813,1979 Milky Way,VERONA,*Unspecified,EMH MED SURG,*Unspecified,,53593,55025012700.0
4814,1979 Milky Way,VERONA,*Unspecified,EMH MED SURG,*Unspecified,,53593,55025012700.0
4815,1979 Milky Way,VERONA,*Unspecified,EMH MED SURG,*Unspecified,,53593,55025012700.0
4816,1979 Milky Way,VERONA,*Unspecified,EMH MED SURG,*Unspecified,,53593,55025012700.0
4817,1979 Milky Way,VERONA,*Unspecified,EMH ICU,Intensive Care,ICU,53593,55025012700.0
4818,1979 Milky Way,VERONA,*Unspecified,EMH ICU,Intensive Care,ICU,53593,55025012700.0
4819,1979 Milky Way,VERONA,*Unspecified,EMH LABOR & DELIVERY,Obstetrics and Gynecology,L&D,53593,55025012700.0
4820,1979 Milky Way,VERONA,*Unspecified,EMH ICU,Intensive Care,ICU,53593,55025012700.0
4821,1979 Milky Way,VERONA,*Unspecified,EMH LABOR & DELIVERY,Obstetrics and Gynecology,L&D,53593,55025012700.0
4822,1979 Milky Way,VERONA,*Unspecified,EMH ICU,Intensive Care,ICU,53593,55025012700.0
4823,1979 Milky Way,VERONA,*Unspecified,EMH LABOR & DELIVERY,Obstetrics and Gynecology,L&D,53593,55025012700.0
4824,1979 Milky Way,VERONA,*Unspecified,EMH ICU,Intensive Care,ICU,53593,55025012700.0
4825,1979 Milky Way,VERONA,*Unspecified,EMH LABOR & DELIVERY,Obstetrics and Gynecology,L&D,53593,55025012700.0
4826,1979 Milky Way,VERONA,*Unspecified,EMH LABOR & DELIVERY,Obstetrics and Gynecology,L&D,53593,55025012700.0
4827,1979 Milky Way,VERONA,*Unspecified,EMH PSYCHIATRY,Psychiatry,,53593,55025012700.0
4828,1979 Milky Way,VERONA,*Unspecified,EMH PSYCHIATRY,Psychiatry,,53593,55025012700.0
4829,1979 Milky Way,VERONA,*Unspecified,EMH LABOR & DELIVERY,Obstetrics and Gynecology,L&D,53593,55025012700.0
4830,1979 Milky Way,VERONA,*Unspecified,EMH PSYCHIATRY,Psychiatry,,53593,55025012700.0
4831,1979 Milky Way,VERONA,*Unspecified,EMH LABOR & DELIVERY,Obstetrics and Gynecology,L&D,53593,55025012700.0
4832,1979 Milky Way,VERONA,*Unspecified,EMH PSYCHIATRY,Psychiatry,,53593,55025012700.0
4833,1979 Milky Way,VERONA,*Unspecified,EMH PSYCHIATRY,Psychiatry,,53593,55025012700.0
4834,1979 Milky Way,VERONA,*Unspecified,EMH PHYS MED & REHAB,Physical Medicine and Rehabilitation,HOD,53593,55025012700.0
4835,1979 Milky Way,VERONA,*Unspecified,EMH PHYS MED & REHAB,Physical Medicine and Rehabilitation,HOD,53593,55025012700.0
4836,1979 Milky Way,VERONA,*Unspecified,EMH PHYS MED & REHAB,Physical Medicine and Rehabilitation,HOD,53593,55025012700.0
4837,1979 Milky Way,VERONA,*Unspecified,EMH PHYS MED & REHAB,Physical Medicine and Rehabilitation,HOD,53593,55025012700.0
4838,1979 Milky Way,VERONA,*Unspecified,EMH PHYS MED & REHAB,Physical Medicine and Rehabilitation,HOD,53593,55025012700.0
4839,1979 Milky Way,VERONA,*Unspecified,EMH PHYS MED & REHAB,Physical Medicine and Rehabilitation,HOD,53593,55025012700.0
4840,1979 Milky Way,VERONA,*Unspecified,EMH PHYS MED & REHAB,Physical Medicine and Rehabilitation,HOD,53593,55025012700.0
4841,1979 Milky Way,VERONA,*Unspecified,EMH PHYS MED & REHAB,Physical Medicine and Rehabilitation,HOD,53593,55025012700.0
4842,1979 Milky Way,VERONA,*Unspecified,EMH PHYS MED & REHAB,Physical Medicine and Rehabilitation,HOD,53593,55025012700.0
4843,1979 Milky Way,VERONA,*Unspecified,EMH PEDIATRICS,Pediatrics,,53593,55025012700.0
4844,1979 Milky Way,VERONA,*Unspecified,EMH PEDIATRICS,Pediatrics,,53593,55025012700.0
4845,1979 Milky Way,VERONA,*Unspecified,EMH PEDIATRICS,Pediatrics,,53593,55025012700.0
4846,1979 Milky Way,VERONA,*Unspecified,EMH PEDIATRICS,Pediatrics,,53593,55025012700.0
4847,1979 Milky Way,VERONA,*Unspecified,EMH PEDIATRICS,Pediatrics,,53593,55025012700.0
4848,1979 Milky Way,VERONA,*Unspecified,EMH PEDIATRICS,Pediatrics,,53593,55025012700.0
4849,1979 Milky Way,VERONA,*Unspecified,EMH PEDIATRICS,Pediatrics,,53593,55025012700.0
4850,1979 Milky Way,VERONA,*Unspecified,EMH PEDIATRICS,Pediatrics,,53593,55025012700.0
4851,1979 Milky Way,VERONA,*Unspecified,EMH PEDIATRICS,Pediatrics,,53593,55025012700.0
4852,1979 Milky Way,VERONA,*Unspecified,EMH ANTEPARTUM,Obstetrics,L&D,53593,55025012700.0
4853,1979 Milky Way,VERONA,*Unspecified,EMH ANTEPARTUM,Obstetrics,L&D,53593,55025012700.0
4854,1979 Milky Way,VERONA,*Unspecified,EMH ANTEPARTUM,Obstetrics,L&D,53593,55025012700.0
4855,1979 Milky Way,VERONA,*Unspecified,EMH ANTEPARTUM,Obstetrics,L&D,53593,55025012700.0
4856,1979 Milky Way,VERONA,*Unspecified,EMH ANTEPARTUM,Obstetrics,L&D,53593,55025012700.0
4857,1979 Milky Way,VERONA,*Unspecified,EMH ANTEPARTUM,Obstetrics,L&D,53593,55025012700.0
4858,1979 Milky Way,VERONA,*Unspecified,EMH ANTEPARTUM,Obstetrics,L&D,53593,55025012700.0
4859,1979 Milky Way,VERONA,*Unspecified,EMH ANTEPARTUM,Obstetrics,L&D,53593,55025012700.0
4860,1979 Milky Way,VERONA,*Unspecified,EMH ANTEPARTUM,Obstetrics,L&D,53593,55025012700.0
4861,1979 Milky Way,VERONA,*Unspecified,EMH LABOR & DELIVERY,Obstetrics and Gynecology,L&D,53593,55025012700.0
4862,1979 Milky Way,VERONA,*Unspecified,EMH LABOR & DELIVERY,Obstetrics and Gynecology,L&D,53593,55025012700.0
4863,1979 Milky Way,VERONA,*Unspecified,EMH LABOR & DELIVERY,Obstetrics and Gynecology,L&D,53593,55025012700.0
4864,1979 Milky Way,VERONA,*Unspecified,EMH LABOR & DELIVERY,Obstetrics and Gynecology,L&D,53593,55025012700.0
4865,1979 Milky Way,VERONA,*Unspecified,EMH LABOR & DELIVERY,Obstetrics and Gynecology,L&D,53593,55025012700.0
4866,1979 Milky Way,VERONA,*Unspecified,EMH LABOR & DELIVERY,Obstetrics and Gynecology,L&D,53593,55025012700.0
4867,1979 Milky Way,VERONA,*Unspecified,EMH LABOR & DELIVERY,Obstetrics and Gynecology,L&D,53593,55025012700.0
4868,1979 Milky Way,VERONA,*Unspecified,EMH GI SERVICES,*Unspecified,OR,53593,55025012700.0
4869,1979 Milky Way,VERONA,*Unspecified,EMH GI SERVICES,*Unspecified,OR,53593,55025012700.0
4870,1979 Milky Way,VERONA,*Unspecified,EMH LABOR & DELIVERY,Obstetrics and Gynecology,L&D,53593,55025012700.0
4871,1979 Milky Way,VERONA,*Unspecified,EMH LABOR & DELIVERY,Obstetrics and Gynecology,L&D,53593,55025012700.0
4872,1979 Milky Way,VERONA,*Unspecified,EMH GI SERVICES,*Unspecified,OR,53593,55025012700.0
4873,1979 Milky Way,VERONA,*Unspecified,EMH GI SERVICES,*Unspecified,OR,53593,55025012700.0
4874,1979 Milky Way,VERONA,*Unspecified,EMH LABOR & DELIVERY,Obstetrics and Gynecology,L&D,53593,55025012700.0
4875,1979 Milky Way,VERONA,*Unspecified,EMH LABOR & DELIVERY,Obstetrics and Gynecology,L&D,53593,55025012700.0
4876,1979 Milky Way,VERONA,*Unspecified,EMH LABOR & DELIVERY,Obstetrics and Gynecology,L&D,53593,55025012700.0
4877,1979 Milky Way,VERONA,*Unspecified,EMH GI SERVICES,*Unspecified,OR,53593,55025012700.0
4878,1979 Milky Way,VERONA,*Unspecified,EMH GI SERVICES,*Unspecified,OR,53593,55025012700.0
4879,1979 Milky Way,VERONA,*Unspecified,EMH GI SERVICES,*Unspecified,OR,53593,55025012700.0
4880,1979 Milky Way,VERONA,*Unspecified,EMH LABOR & DELIVERY,Obstetrics and Gynecology,L&D,53593,55025012700.0
4881,1979 Milky Way,VERONA,*Unspecified,EMH LABOR & DELIVERY,Obstetrics and Gynecology,L&D,53593,55025012700.0
4882,1979 Milky Way,VERONA,*Unspecified,EMH LABOR & DELIVERY,Obstetrics and Gynecology,L&D,53593,55025012700.0
4883,1979 Milky Way,VERONA,*Unspecified,EMH GI SERVICES,*Unspecified,OR,53593,55025012700.0
4884,1979 Milky Way,VERONA,*Unspecified,EMH GI SERVICES,*Unspecified,OR,53593,55025012700.0
4885,1979 Milky Way,VERONA,*Unspecified,EMH GI SERVICES,*Unspecified,OR,53593,55025012700.0
4886,1979 Milky Way,VERONA,*Unspecified,EMH LABOR & DELIVERY,Obstetrics and Gynecology,L&D,53593,55025012700.0
4887,1979 Milky Way,VERONA,*Unspecified,EMH LABOR & DELIVERY,Obstetrics and Gynecology,L&D,53593,55025012700.0
4888,1979 Milky Way,VERONA,*Unspecified,EMH LABOR & DELIVERY,Obstetrics and Gynecology,L&D,53593,55025012700.0
4889,1979 Milky Way,VERONA,*Unspecified,EMH GI SERVICES,*Unspecified,OR,53593,55025012700.0
4890,1979 Milky Way,VERONA,*Unspecified,EMH GI SERVICES,*Unspecified,OR,53593,55025012700.0
4891,1979 Milky Way,VERONA,*Unspecified,EMH GI SERVICES,*Unspecified,OR,53593,55025012700.0
4892,1979 Milky Way,VERONA,*Unspecified,EMH LABOR & DELIVERY,Obstetrics and Gynecology,L&D,53593,55025012700.0
4893,1979 Milky Way,VERONA,*Unspecified,EMH LABOR & DELIVERY,Obstetrics and Gynecology,L&D,53593,55025012700.0
4894,1979 Milky Way,VERONA,*Unspecified,EMH LABOR & DELIVERY,Obstetrics and Gynecology,L&D,53593,55025012700.0
4895,1979 Milky Way,VERONA,*Unspecified,EMH GI SERVICES,*Unspecified,OR,53593,55025012700.0
4896,1979 Milky Way,VERONA,*Unspecified,EMH GI SERVICES,*Unspecified,OR,53593,55025012700.0
4897,1979 Milky Way,VERONA,*Unspecified,EMH GI SERVICES,*Unspecified,OR,53593,55025012700.0
4898,1979 Milky Way,VERONA,*Unspecified,EMH POSTPARTUM,*Unspecified,L&D,53593,55025012700.0
4899,1979 Milky Way,VERONA,*Unspecified,EMH POSTPARTUM,*Unspecified,L&D,53593,55025012700.0
4900,1979 Milky Way,VERONA,*Unspecified,EMH POSTPARTUM,*Unspecified,L&D,53593,55025012700.0
4901,1979 Milky Way,VERONA,*Unspecified,EMH POSTPARTUM,*Unspecified,L&D,53593,55025012700.0
4902,1979 Milky Way,VERONA,*Unspecified,EMH POSTPARTUM,*Unspecified,L&D,53593,55025012700.0
4903,1979 Milky Way,VERONA,*Unspecified,EMH POSTPARTUM,*Unspecified,L&D,53593,55025012700.0
4904,1979 Milky Way,VERONA,*Unspecified,EMH POSTPARTUM,*Unspecified,L&D,53593,55025012700.0
4905,1979 Milky Way,VERONA,*Unspecified,EMH GI SERVICES,*Unspecified,OR,53593,55025012700.0
4906,1979 Milky Way,VERONA,*Unspecified,EMH GI SERVICES,*Unspecified,OR,53593,55025012700.0
4907,1979 Milky Way,VERONA,*Unspecified,EMH POSTPARTUM,*Unspecified,L&D,53593,55025012700.0
4908,1979 Milky Way,VERONA,*Unspecified,EMH POSTPARTUM,*Unspecified,L&D,53593,55025012700.0
4909,1979 Milky Way,VERONA,*Unspecified,EMH GI SERVICES,*Unspecified,OR,53593,55025012700.0
4910,1979 Milky Way,VERONA,*Unspecified,EMH GI SERVICES,*Unspecified,OR,53593,55025012700.0
4911,1979 Milky Way,VERONA,*Unspecified,EMH POSTPARTUM,*Unspecified,L&D,53593,55025012700.0
4912,1979 Milky Way,VERONA,*Unspecified,EMH POSTPARTUM,*Unspecified,L&D,53593,55025012700.0
4913,1979 Milky Way,VERONA,*Unspecified,EMH POSTPARTUM,*Unspecified,L&D,53593,55025012700.0
4914,1979 Milky Way,VERONA,*Unspecified,EMH GI SERVICES,*Unspecified,OR,53593,55025012700.0
4915,1979 Milky Way,VERONA,*Unspecified,EMH GI SERVICES,*Unspecified,OR,53593,55025012700.0
4916,1979 Milky Way,VERONA,*Unspecified,EMH GI SERVICES,*Unspecified,OR,53593,55025012700.0
4917,1979 Milky Way,VERONA,*Unspecified,EMH POSTPARTUM,*Unspecified,L&D,53593,55025012700.0
4918,1979 Milky Way,VERONA,*Unspecified,EMH POSTPARTUM,*Unspecified,L&D,53593,55025012700.0
4919,1979 Milky Way,VERONA,*Unspecified,EMH POSTPARTUM,*Unspecified,L&D,53593,55025012700.0
4920,1979 Milky Way,VERONA,*Unspecified,EMH GI SERVICES,*Unspecified,OR,53593,55025012700.0
4921,1979 Milky Way,VERONA,*Unspecified,EMH GI SERVICES,*Unspecified,OR,53593,55025012700.0
4922,1979 Milky Way,VERONA,*Unspecified,EMH POSTPARTUM,*Unspecified,L&D,53593,55025012700.0
4923,1979 Milky Way,VERONA,*Unspecified,EMH POSTPARTUM,*Unspecified,L&D,53593,55025012700.0
4924,1979 Milky Way,VERONA,*Unspecified,EMH POSTPARTUM,*Unspecified,L&D,53593,55025012700.0
4925,1979 Milky Way,VERONA,*Unspecified,EMH ICU,Intensive Care,ICU,53593,55025012700.0
4926,1979 Milky Way,VERONA,*Unspecified,EMH ICU,Intensive Care,ICU,53593,55025012700.0
4927,1979 Milky Way,VERONA,*Unspecified,EMH ICU,Intensive Care,ICU,53593,55025012700.0
4928,1979 Milky Way,VERONA,*Unspecified,EMH POSTPARTUM,*Unspecified,L&D,53593,55025012700.0
4929,1979 Milky Way,VERONA,*Unspecified,EMH POSTPARTUM,*Unspecified,L&D,53593,55025012700.0
4930,1979 Milky Way,VERONA,*Unspecified,EMH POSTPARTUM,*Unspecified,L&D,53593,55025012700.0
4931,1979 Milky Way,VERONA,*Unspecified,EMH ICU,Intensive Care,ICU,53593,55025012700.0
4932,1979 Milky Way,VERONA,*Unspecified,EMH ICU,Intensive Care,ICU,53593,55025012700.0
4933,1979 Milky Way,VERONA,*Unspecified,EMH ICU,Intensive Care,ICU,53593,55025012700.0
4934,1979 Milky Way,VERONA,*Unspecified,EMH MED SURG,*Unspecified,,53593,55025012700.0
4935,1979 Milky Way,VERONA,*Unspecified,EMH MED SURG,*Unspecified,,53593,55025012700.0
4936,1979 Milky Way,VERONA,*Unspecified,EMH NEURO ICU,Neurological Intensive Care,ICU,53593,55025012700.0
4937,1979 Milky Way,VERONA,*Unspecified,EMH NEURO ICU,Neurological Intensive Care,ICU,53593,55025012700.0
4938,1979 Milky Way,VERONA,*Unspecified,EMH NEURO ICU,Neurological Intensive Care,ICU,53593,55025012700.0
4939,1979 Milky Way,VERONA,*Unspecified,EMH NEURO ICU,Neurological Intensive Care,ICU,53593,55025012700.0
4940,1979 Milky Way,VERONA,*Unspecified,EMH NEURO ICU,Neurological Intensive Care,ICU,53593,55025012700.0
4941,1979 Milky Way,VERONA,*Unspecified,EMH NEURO ICU,Neurological Intensive Care,ICU,53593,55025012700.0
4942,1979 Milky Way,VERONA,*Unspecified,EMH NEURO ICU,Neurological Intensive Care,ICU,53593,55025012700.0
4943,1979 Milky Way,VERONA,*Unspecified,EMH NEURO ICU,Neurological Intensive Care,ICU,53593,55025012700.0
4944,1979 Milky Way,VERONA,*Unspecified,EMH PEDIATRIC ICU,Pediatric Intensive Care,ICU,53593,55025012700.0
4945,1979 Milky Way,VERONA,*Unspecified,EMH PEDIATRIC ICU,Pediatric Intensive Care,ICU,53593,55025012700.0
4946,1979 Milky Way,VERONA,*Unspecified,EMH PEDIATRIC ICU,Pediatric Intensive Care,ICU,53593,55025012700.0
4947,1979 Milky Way,VERONA,*Unspecified,EMH PEDIATRIC ICU,Pediatric Intensive Care,ICU,53593,55025012700.0
4948,1979 Milky Way,VERONA,*Unspecified,EMH PEDIATRIC ICU,Pediatric Intensive Care,ICU,53593,55025012700.0
4949,1979 Milky Way,VERONA,*Unspecified,EMH PEDIATRIC ICU,Pediatric Intensive Care,ICU,53593,55025012700.0
4950,1979 Milky Way,VERONA,*Unspecified,EMH PEDIATRIC ICU,Pediatric Intensive Care,ICU,53593,55025012700.0
4951,1979 Milky Way,VERONA,*Unspecified,EMH PEDIATRIC ICU,Pediatric Intensive Care,ICU,53593,55025012700.0
4952,1979 Milky Way,VERONA,*Unspecified,EMH SURGICAL ICU,Surgical Intensive Care,ICU,53593,55025012700.0
4953,1979 Milky Way,VERONA,*Unspecified,EMH SURGICAL ICU,Surgical Intensive Care,ICU,53593,55025012700.0
4954,1979 Milky Way,VERONA,*Unspecified,EMH SURGICAL ICU,Surgical Intensive Care,ICU,53593,55025012700.0
4955,1979 Milky Way,VERONA,*Unspecified,EMH SURGICAL ICU,Surgical Intensive Care,ICU,53593,55025012700.0
4956,1979 Milky Way,VERONA,*Unspecified,EMH SURGICAL ICU,Surgical Intensive Care,ICU,53593,55025012700.0
4957,1979 Milky Way,VERONA,*Unspecified,EMH SURGICAL ICU,Surgical Intensive Care,ICU,53593,55025012700.0
4958,1979 Milky Way,VERONA,*Unspecified,EMH SURGICAL ICU,Surgical Intensive Care,ICU,53593,55025012700.0
4959,1979 Milky Way,VERONA,*Unspecified,EMH SURGICAL ICU,Surgical Intensive Care,ICU,53593,55025012700.0
4960,1979 Milky Way,VERONA,*Unspecified,EMH MED SURG,*Unspecified,,53593,55025012700.0
4961,1979 Milky Way,VERONA,*Unspecified,EMH MED SURG,*Unspecified,,53593,55025012700.0
4962,1979 Milky Way,VERONA,*Unspecified,EMH MED SURG,*Unspecified,,53593,55025012700.0
4963,1979 Milky Way,VERONA,*Unspecified,EMH MED SURG,*Unspecified,,53593,55025012700.0
4964,1979 Milky Way,VERONA,*Unspecified,EMH MED SURG,*Unspecified,,53593,55025012700.0
4965,1979 Milky Way,VERONA,*Unspecified,EMH MED SURG,*Unspecified,,53593,55025012700.0
4966,1979 Milky Way,VERONA,*Unspecified,EMH MED SURG,*Unspecified,,53593,55025012700.0
4967,1979 Milky Way,VERONA,*Unspecified,EMH MED SURG,*Unspecified,,53593,55025012700.0
4968,1979 Milky Way,VERONA,*Unspecified,EMH MED SURG,*Unspecified,,53593,55025012700.0
4969,1979 Milky Way,VERONA,*Unspecified,EMH MED SURG,*Unspecified,,53593,55025012700.0
4970,1979 Milky Way,VERONA,*Unspecified,EMH MED SURG,*Unspecified,,53593,55025012700.0
4971,1979 Milky Way,VERONA,*Unspecified,EMH MED SURG,*Unspecified,,53593,55025012700.0
4972,1979 Milky Way,VERONA,*Unspecified,EMH MED SURG,*Unspecified,,53593,55025012700.0
4973,1979 Milky Way,VERONA,*Unspecified,EMH MED SURG,*Unspecified,,53593,55025012700.0
4974,1979 Milky Way,VERONA,*Unspecified,EMH MED SURG,*Unspecified,,53593,55025012700.0
4975,1979 Milky Way,VERONA,*Unspecified,EMH MED SURG,*Unspecified,,53593,55025012700.0
4976,1979 Milky Way,VERONA,*Unspecified,EMH MED SURG,*Unspecified,,53593,55025012700.0
4977,1979 Milky Way,VERONA,*Unspecified,EMH MED SURG,*Unspecified,,53593,55025012700.0
4978,1979 Milky Way,VERONA,DANE,SBOH MED SURG,*Unspecified,,53593,55025012700.0
4979,1979 Milky Way,VERONA,DANE,SBOH MED SURG,*Unspecified,,53593,55025012700.0
4980,1979 Milky Way,VERONA,*Unspecified,EMH CARDIAC CATH LAB,Cardiology,OR,53593,55025012700.0
4981,1979 Milky Way,VERONA,*Unspecified,EMH CARDIAC CATH LAB,Cardiology,OR,53593,55025012700.0
4982,1979 Milky Way,VERONA,*Unspecified,EMH CARDIAC CATH LAB,Cardiology,OR,53593,55025012700.0
4983,1979 Milky Way,VERONA,*Unspecified,EMH CARDIAC CATH LAB,Cardiology,OR,53593,55025012700.0
4984,1979 Milky Way,VERONA,*Unspecified,EMH CARDIAC CATH LAB,Cardiology,OR,53593,55025012700.0
4985,1979 Milky Way,VERONA,*Unspecified,EMH CARDIAC CATH LAB,Cardiology,OR,53593,55025012700.0
4986,1979 Milky Way,VERONA,*Unspecified,EMH CARDIAC CATH LAB,Cardiology,OR,53593,55025012700.0
4987,1979 Milky Way,VERONA,*Unspecified,EMH CARDIAC CATH LAB,Cardiology,OR,53593,55025012700.0
4988,1979 Milky Way,VERONA,*Unspecified,EMH CARDIAC CATH LAB,Cardiology,OR,53593,55025012700.0
4989,1979 Milky Way,VERONA,*Unspecified,EMH CARDIAC CATH LAB,Cardiology,OR,53593,55025012700.0
4990,1979 Milky Way,VERONA,*Unspecified,EMH CARDIAC CATH LAB,Cardiology,OR,53593,55025012700.0
4991,1979 Milky Way,VERONA,*Unspecified,EMH CARDIAC CATH LAB,Cardiology,OR,53593,55025012700.0
4992,1979 Milky Way,VERONA,DANE,CH PERIOP SERVICES,General Surgery,OR,53593,55025012700.0
4993,1979 Milky Way,VERONA,DANE,CH PERIOP SERVICES,General Surgery,OR,53593,55025012700.0
4994,1979 Milky Way,VERONA,DANE,CH PERIOP SERVICES,General Surgery,OR,53593,55025012700.0
4995,1979 Milky Way,VERONA,*Unspecified,EMH IR IMAGING,Radiology,OR,53593,55025012700.0
4996,1979 Milky Way,VERONA,*Unspecified,EMH IR IMAGING,Radiology,OR,53593,55025012700.0
4997,1979 Milky Way,VERONA,*Unspecified,EMH IR IMAGING,Radiology,OR,53593,55025012700.0
4998,1979 Milky Way,VERONA,*Unspecified,EHS URGENT CARE,Urgent Care,ED,53593,55025012700.0
4999,1979 Milky Way,VERONA,*Unspecified,EMH IR IMAGING,Radiology,OR,53593,55025012700.0
5000,1979 Milky Way,VERONA,*Unspecified,EMH IR IMAGING,Radiology,OR,53593,55025012700.0
5001,1979 Milky Way,VERONA,*Unspecified,EMH IR IMAGING,Radiology,OR,53593,55025012700.0
5002,1979 Milky Way,VERONA,*Unspecified,CH EMERGENCY,Emergency Medicine,ED,53593,55025012700.0
5003,1979 Milky Way,VERONA,*Unspecified,CH EMERGENCY,Emergency Medicine,ED,53593,55025012700.0
5004,1979 Milky Way,VERONA,*Unspecified,CH EMERGENCY,Emergency Medicine,ED,53593,55025012700.0
5005,1979 Milky Way,VERONA,*Unspecified,CH EMERGENCY,Emergency Medicine,ED,53593,55025012700.0
5006,1979 Milky Way,VERONA,*Unspecified,CH EMERGENCY,Emergency Medicine,ED,53593,55025012700.0
5007,1979 Milky Way,VERONA,*Unspecified,CH EMERGENCY,Emergency Medicine,ED,53593,55025012700.0
5008,1979 Milky Way,VERONA,*Unspecified,CH EMERGENCY,Emergency Medicine,ED,53593,55025012700.0
5009,1979 Milky Way,VERONA,*Unspecified,CH EMERGENCY,Emergency Medicine,ED,53593,55025012700.0
5010,1979 Milky Way,VERONA,*Unspecified,CH EMERGENCY,Emergency Medicine,ED,53593,55025012700.0
5011,1979 Milky Way,VERONA,*Unspecified,CH EMERGENCY,Emergency Medicine,ED,53593,55025012700.0
5012,1979 Milky Way,VERONA,*Unspecified,CH EMERGENCY,Emergency Medicine,ED,53593,55025012700.0
5013,1979 Milky Way,VERONA,*Unspecified,CH LABOR & DELIVERY,Obstetrics and Gynecology,L&D,53593,55025012700.0
5014,1979 Milky Way,VERONA,*Unspecified,CH LABOR & DELIVERY,Obstetrics and Gynecology,L&D,53593,55025012700.0
5015,1979 Milky Way,VERONA,*Unspecified,CH LABOR & DELIVERY,Obstetrics and Gynecology,L&D,53593,55025012700.0
5016,1979 Milky Way,VERONA,*Unspecified,CH LABOR & DELIVERY,Obstetrics and Gynecology,L&D,53593,55025012700.0
5017,1979 Milky Way,VERONA,*Unspecified,CH LABOR & DELIVERY,Obstetrics and Gynecology,L&D,53593,55025012700.0
5018,1979 Milky Way,VERONA,*Unspecified,CH LABOR & DELIVERY,Obstetrics and Gynecology,L&D,53593,55025012700.0
5019,1979 Milky Way,VERONA,*Unspecified,CH LABOR & DELIVERY,Obstetrics and Gynecology,L&D,53593,55025012700.0
5020,1979 Milky Way,VERONA,*Unspecified,CH LABOR & DELIVERY,Obstetrics and Gynecology,L&D,53593,55025012700.0
5021,1979 Milky Way,VERONA,*Unspecified,CH LABOR & DELIVERY,Obstetrics and Gynecology,L&D,53593,55025012700.0
5022,1979 Milky Way,VERONA,*Unspecified,CH MED SURG,*Unspecified,Normal,53593,55025012700.0
5023,1979 Milky Way,VERONA,*Unspecified,CH MED SURG,*Unspecified,Normal,53593,55025012700.0
5024,1979 Milky Way,VERONA,*Unspecified,CH MED SURG,*Unspecified,Normal,53593,55025012700.0
5025,1979 Milky Way,VERONA,*Unspecified,CH MED SURG,*Unspecified,Normal,53593,55025012700.0
5026,1979 Milky Way,VERONA,*Unspecified,CH MED SURG,*Unspecified,Normal,53593,55025012700.0
5027,1979 Milky Way,VERONA,*Unspecified,CH MED SURG,*Unspecified,Normal,53593,55025012700.0
5028,1979 Milky Way,VERONA,*Unspecified,CH MED SURG,*Unspecified,Normal,53593,55025012700.0
5029,1979 Milky Way,VERONA,*Unspecified,CH MED SURG,*Unspecified,Normal,53593,55025012700.0
5030,1979 Milky Way,VERONA,*Unspecified,CH MED SURG,*Unspecified,Normal,53593,55025012700.0
5031,1979 Milky Way,VERONA,*Unspecified,EMH IR IMAGING,Radiology,OR,53593,55025012700.0
5032,1979 Milky Way,VERONA,*Unspecified,CH MED SURG,*Unspecified,Normal,53593,55025012700.0
5033,1979 Milky Way,VERONA,*Unspecified,CH REHAB,Physical Medicine and Rehabilitation,Normal,53593,55025012700.0
5034,1979 Milky Way,VERONA,*Unspecified,CH REHAB,Physical Medicine and Rehabilitation,Normal,53593,55025012700.0
5035,1979 Milky Way,VERONA,*Unspecified,CH REHAB,Physical Medicine and Rehabilitation,Normal,53593,55025012700.0
5036,1979 Milky Way,VERONA,*Unspecified,CH REHAB,Physical Medicine and Rehabilitation,Normal,53593,55025012700.0
5037,1979 Milky Way,VERONA,*Unspecified,CH REHAB,Physical Medicine and Rehabilitation,Normal,53593,55025012700.0
5038,1979 Milky Way,VERONA,*Unspecified,CH REHAB,Physical Medicine and Rehabilitation,Normal,53593,55025012700.0
5039,1979 Milky Way,VERONA,*Unspecified,CH REHAB,Physical Medicine and Rehabilitation,Normal,53593,55025012700.0
5040,1979 Milky Way,VERONA,*Unspecified,CH REHAB,Physical Medicine and Rehabilitation,Normal,53593,55025012700.0
5041,1979 Milky Way,VERONA,*Unspecified,CH REHAB,Physical Medicine and Rehabilitation,Normal,53593,55025012700.0
5042,1979 Milky Way,VERONA,*Unspecified,CH REHAB,Physical Medicine and Rehabilitation,Normal,53593,55025012700.0
5043,1979 Milky Way,VERONA,*Unspecified,CH REHAB,Physical Medicine and Rehabilitation,Normal,53593,55025012700.0
5044,1979 Milky Way,VERONA,*Unspecified,CH REHAB,Physical Medicine and Rehabilitation,Normal,53593,55025012700.0
5045,1979 Milky Way,VERONA,*Unspecified,CH REHAB,Physical Medicine and Rehabilitation,Normal,53593,55025012700.0
5046,1979 Milky Way,VERONA,*Unspecified,CH REHAB,Physical Medicine and Rehabilitation,Normal,53593,55025012700.0
5047,1979 Milky Way,VERONA,*Unspecified,CH REHAB,Physical Medicine and Rehabilitation,Normal,53593,55025012700.0
5048,1979 Milky Way,VERONA,*Unspecified,CH PSYCHIATRY,Psychiatry,Normal,53593,55025012700.0
5049,1979 Milky Way,VERONA,*Unspecified,CH PSYCHIATRY,Psychiatry,Normal,53593,55025012700.0
5050,1979 Milky Way,VERONA,*Unspecified,CH PSYCHIATRY,Psychiatry,Normal,53593,55025012700.0
5051,1979 Milky Way,VERONA,*Unspecified,CH PSYCHIATRY,Psychiatry,Normal,53593,55025012700.0
5052,1979 Milky Way,VERONA,*Unspecified,CH PSYCHIATRY,Psychiatry,Normal,53593,55025012700.0
5053,1979 Milky Way,VERONA,*Unspecified,CH PSYCHIATRY,Psychiatry,Normal,53593,55025012700.0
5054,1979 Milky Way,VERONA,*Unspecified,CH PSYCHIATRY,Psychiatry,Normal,53593,55025012700.0
5055,1979 Milky Way,VERONA,*Unspecified,CH PSYCHIATRY,Psychiatry,Normal,53593,55025012700.0
5056,1979 Milky Way,VERONA,*Unspecified,CH PSYCHIATRY,Psychiatry,Normal,53593,55025012700.0
5057,1979 Milky Way,VERONA,*Unspecified,CH PSYCHIATRY,Psychiatry,Normal,53593,55025012700.0
5058,1979 Milky Way,VERONA,*Unspecified,CH PSYCHIATRY,Psychiatry,Normal,53593,55025012700.0
5059,1979 Milky Way,VERONA,*Unspecified,CH PSYCHIATRY,Psychiatry,Normal,53593,55025012700.0
5060,1979 Milky Way,VERONA,*Unspecified,CH PSYCHIATRY,Psychiatry,Normal,53593,55025012700.0
5061,1979 Milky Way,VERONA,*Unspecified,CH PSYCHIATRY,Psychiatry,Normal,53593,55025012700.0
5062,1979 Milky Way,VERONA,*Unspecified,CH PSYCHIATRY,Psychiatry,Normal,53593,55025012700.0
5063,1979 Milky Way,VERONA,DANE,CH PERIOP SERVICES,General Surgery,OR,53593,55025012700.0
5064,1979 Milky Way,VERONA,DANE,CH PERIOP SERVICES,General Surgery,OR,53593,55025012700.0
5065,1979 Milky Way,VERONA,DANE,CH PERIOP SERVICES,General Surgery,OR,53593,55025012700.0
5066,1979 Milky Way,VERONA,DANE,CH PERIOP SERVICES,General Surgery,OR,53593,55025012700.0
5067,1979 Milky Way,VERONA,DANE,CH PERIOP SERVICES,General Surgery,OR,53593,55025012700.0
5068,1979 Milky Way,VERONA,DANE,CH PERIOP SERVICES,General Surgery,OR,53593,55025012700.0
5069,1979 Milky Way,VERONA,DANE,CH PERIOP SERVICES,General Surgery,OR,53593,55025012700.0
5070,1979 Milky Way,VERONA,DANE,CH PERIOP SERVICES,General Surgery,OR,53593,55025012700.0
5071,1979 Milky Way,VERONA,DANE,CH PERIOP SERVICES,General Surgery,OR,53593,55025012700.0
5072,1979 Milky Way,VERONA,DANE,CH PERIOP SERVICES,General Surgery,OR,53593,55025012700.0
5073,1979 Milky Way,VERONA,*Unspecified,EMH IR IMAGING,Radiology,OR,53593,55025012700.0
5074,1979 Milky Way,VERONA,*Unspecified,EMH IR IMAGING,Radiology,OR,53593,55025012700.0
5075,1979 Milky Way,VERONA,*Unspecified,EMH IR IMAGING,Radiology,OR,53593,55025012700.0
5076,1979 Milky Way,VERONA,DANE,CH PERIOP SERVICES,General Surgery,OR,53593,55025012700.0
5077,1979 Milky Way,VERONA,DANE,CH PERIOP SERVICES,General Surgery,OR,53593,55025012700.0
5078,1979 Milky Way,VERONA,DANE,CH PERIOP SERVICES,General Surgery,OR,53593,55025012700.0
5079,1979 Milky Way,VERONA,DANE,CH PERIOP SERVICES,General Surgery,OR,53593,55025012700.0
5080,1979 Milky Way,VERONA,DANE,CH PERIOP SERVICES,General Surgery,OR,53593,55025012700.0
5081,1979 Milky Way,VERONA,DANE,CH PERIOP SERVICES,General Surgery,OR,53593,55025012700.0
5082,1979 Milky Way,VERONA,DANE,CH PERIOP SERVICES,General Surgery,OR,53593,55025012700.0
5083,1979 Milky Way,VERONA,DANE,CH PERIOP SERVICES,General Surgery,OR,53593,55025012700.0
5084,1979 Milky Way,VERONA,DANE,CH PERIOP SERVICES,General Surgery,OR,53593,55025012700.0
5085,1979 Milky Way,VERONA,DANE,CH PERIOP SERVICES,General Surgery,OR,53593,55025012700.0
5086,1979 Milky Way,VERONA,DANE,CH PERIOP SERVICES,General Surgery,OR,53593,55025012700.0
5087,1979 Milky Way,VERONA,DANE,CH PERIOP SERVICES,General Surgery,OR,53593,55025012700.0
5088,1979 Milky Way,VERONA,*Unspecified,CH EMERGENCY,Emergency Medicine,ED,53593,55025012700.0
5089,1979 Milky Way,VERONA,*Unspecified,EMH IR IMAGING,Radiology,OR,53593,55025012700.0
5090,1979 Milky Way,VERONA,*Unspecified,EMH IR IMAGING,Radiology,OR,53593,55025012700.0
5091,1979 Milky Way,VERONA,*Unspecified,EMH IR IMAGING,Radiology,OR,53593,55025012700.0
5092,1979 Milky Way,VERONA,*Unspecified,EMH IR IMAGING,Radiology,OR,53593,55025012700.0
5093,1979 Milky Way,VERONA,*Unspecified,EMH IR IMAGING,Radiology,OR,53593,55025012700.0
5094,1979 Milky Way,VERONA,*Unspecified,EMH IR IMAGING,Radiology,OR,53593,55025012700.0
5095,1979 Milky Way,VERONA,*Unspecified,EMH IR IMAGING,Radiology,OR,53593,55025012700.0
5096,1979 Milky Way,VERONA,*Unspecified,EMH IR IMAGING,Radiology,OR,53593,55025012700.0
5097,1979 Milky Way,VERONA,*Unspecified,EMH IR IMAGING,Radiology,OR,53593,55025012700.0
5098,1979 Milky Way,VERONA,*Unspecified,EMH IR IMAGING,Radiology,OR,53593,55025012700.0
5099,1979 Milky Way,VERONA,*Unspecified,MODEL OVERFLOW,*Unspecified,,53593,55025012700.0
5100,1979 Milky Way,VERONA,*Unspecified,MODEL OVERFLOW,*Unspecified,,53593,55025012700.0
5101,1979 Milky Way,VERONA,*Unspecified,MODEL OVERFLOW,*Unspecified,,53593,55025012700.0
5102,1979 Milky Way,VERONA,*Unspecified,MODEL OVERFLOW,*Unspecified,,53593,55025012700.0
5103,1979 Milky Way,VERONA,*Unspecified,MODEL OVERFLOW,*Unspecified,,53593,55025012700.0
5104,1979 Milky Way,VERONA,*Unspecified,MODEL OVERFLOW,*Unspecified,,53593,55025012700.0
5105,1979 Milky Way,VERONA,*Unspecified,EMH OBSERVATION,*Unspecified,,53593,55025012700.0
5106,1979 Milky Way,VERONA,*Unspecified,EMH CARDIAC ICU,Cardiac Intensive Care,ICU,53593,55025012700.0
5107,1979 Milky Way,VERONA,*Unspecified,EMH CARDIAC ICU,Cardiac Intensive Care,ICU,53593,55025012700.0
5108,1979 Milky Way,VERONA,*Unspecified,EMH CARDIAC ICU,Cardiac Intensive Care,ICU,53593,55025012700.0
5109,1979 Milky Way,VERONA,*Unspecified,EMH CARDIAC ICU,Cardiac Intensive Care,ICU,53593,55025012700.0
5110,1979 Milky Way,VERONA,*Unspecified,EMH CARDIAC ICU,Cardiac Intensive Care,ICU,53593,55025012700.0
5111,1979 Milky Way,VERONA,*Unspecified,EMH CARDIAC ICU,Cardiac Intensive Care,ICU,53593,55025012700.0
5112,1979 Milky Way,VERONA,*Unspecified,EMH CARDIAC ICU,Cardiac Intensive Care,ICU,53593,55025012700.0
5113,1979 Milky Way,VERONA,*Unspecified,EMH CARDIAC ICU,Cardiac Intensive Care,ICU,53593,55025012700.0
5114,1979 Milky Way,VERONA,*Unspecified,EMH CARDIAC ICU,Cardiac Intensive Care,ICU,53593,55025012700.0
5115,1979 Milky Way,VERONA,*Unspecified,EMH CARDIAC ICU,Cardiac Intensive Care,ICU,53593,55025012700.0
5116,1979 Milky Way,VERONA,*Unspecified,EMH CARDIAC ICU,Cardiac Intensive Care,ICU,53593,55025012700.0
5117,1979 Milky Way,VERONA,*Unspecified,EMH CARDIAC ICU,Cardiac Intensive Care,ICU,53593,55025012700.0
5118,1979 Milky Way,VERONA,*Unspecified,EMH CARDIAC ICU,Cardiac Intensive Care,ICU,53593,55025012700.0
5119,1979 Milky Way,VERONA,*Unspecified,EMH CARDIAC ICU,Cardiac Intensive Care,ICU,53593,55025012700.0
5120,1979 Milky Way,VERONA,*Unspecified,EMH OBSERVATION,*Unspecified,,53593,55025012700.0
5121,1979 Milky Way,VERONA,*Unspecified,EMH OBSERVATION,*Unspecified,,53593,55025012700.0
5122,1979 Milky Way,VERONA,*Unspecified,EMH OBSERVATION,*Unspecified,,53593,55025012700.0
5123,1979 Milky Way,VERONA,*Unspecified,EMH OBSERVATION,*Unspecified,,53593,55025012700.0
5124,1979 Milky Way,VERONA,*Unspecified,EMH LABOR & DELIVERY,Obstetrics and Gynecology,L&D,53593,55025012700.0
5125,1979 Milky Way,VERONA,*Unspecified,EMH LABOR & DELIVERY,Obstetrics and Gynecology,L&D,53593,55025012700.0
5126,1979 Milky Way,VERONA,*Unspecified,EMH LABOR & DELIVERY,Obstetrics and Gynecology,L&D,53593,55025012700.0
5127,1979 Milky Way,VERONA,*Unspecified,EMH OBSERVATION,*Unspecified,,53593,55025012700.0
5128,1979 Milky Way,VERONA,*Unspecified,EMH OBSERVATION,*Unspecified,,53593,55025012700.0
5129,1979 Milky Way,VERONA,*Unspecified,EMH OBSERVATION,*Unspecified,,53593,55025012700.0
5130,1979 Milky Way,VERONA,*Unspecified,EMH OBSERVATION,*Unspecified,,53593,55025012700.0
5131,1979 Milky Way,VERONA,*Unspecified,EMH OBSERVATION,*Unspecified,,53593,55025012700.0
5132,1979 Milky Way,VERONA,*Unspecified,EMH OBSERVATION,*Unspecified,,53593,55025012700.0
5133,1979 Milky Way,VERONA,*Unspecified,EMH OBSERVATION,*Unspecified,,53593,55025012700.0
5134,1979 Milky Way,VERONA,*Unspecified,EMH OBSERVATION,*Unspecified,,53593,55025012700.0
5135,1979 Milky Way,VERONA,*Unspecified,EMH OBSERVATION,*Unspecified,,53593,55025012700.0
5136,1979 Milky Way,VERONA,*Unspecified,EMH OBSERVATION,*Unspecified,,53593,55025012700.0
5137,1979 Milky Way,VERONA,*Unspecified,MODEL OVERFLOW,*Unspecified,,53593,55025012700.0
5138,1979 Milky Way,VERONA,*Unspecified,MODEL OVERFLOW,*Unspecified,,53593,55025012700.0
5139,1979 Milky Way,VERONA,*Unspecified,MODEL OVERFLOW,*Unspecified,,53593,55025012700.0
5140,1979 Milky Way,VERONA,*Unspecified,MODEL OVERFLOW,*Unspecified,,53593,55025012700.0
5141,1979 Milky Way,VERONA,*Unspecified,MODEL OVERFLOW,*Unspecified,,53593,55025012700.0
5142,1979 Milky Way,VERONA,*Unspecified,MODEL OVERFLOW,*Unspecified,,53593,55025012700.0
5143,1979 Milky Way,VERONA,*Unspecified,MODEL OVERFLOW,*Unspecified,,53593,55025012700.0
5144,1979 Milky Way,VERONA,*Unspecified,MODEL OVERFLOW,*Unspecified,,53593,55025012700.0
5145,1979 Milky Way,VERONA,*Unspecified,MODEL OVERFLOW,*Unspecified,,53593,55025012700.0
5146,1979 Milky Way,VERONA,*Unspecified,MODEL OVERFLOW,*Unspecified,,53593,55025012700.0
5147,1979 Milky Way,VERONA,*Unspecified,MODEL OVERFLOW,*Unspecified,,53593,55025012700.0
5148,1979 Milky Way,VERONA,*Unspecified,MODEL OVERFLOW,*Unspecified,,53593,55025012700.0
5149,1979 Milky Way,VERONA,*Unspecified,MODEL OVERFLOW,*Unspecified,,53593,55025012700.0
5150,1979 Milky Way,VERONA,*Unspecified,MODEL OVERFLOW,*Unspecified,,53593,55025012700.0
5151,1979 Milky Way,VERONA,*Unspecified,MODEL OVERFLOW,*Unspecified,,53593,55025012700.0
5152,1979 Milky Way,VERONA,*Unspecified,MODEL OVERFLOW,*Unspecified,,53593,55025012700.0
5153,1979 Milky Way,VERONA,*Unspecified,MODEL OVERFLOW,*Unspecified,,53593,55025012700.0
5154,1979 Milky Way,VERONA,*Unspecified,MODEL OVERFLOW,*Unspecified,,53593,55025012700.0
5155,1979 Milky Way,VERONA,*Unspecified,MODEL OVERFLOW,*Unspecified,,53593,55025012700.0
5156,1979 Milky Way,VERONA,*Unspecified,MODEL OVERFLOW,*Unspecified,,53593,55025012700.0
5157,1979 Milky Way,VERONA,*Unspecified,MODEL OVERFLOW,*Unspecified,,53593,55025012700.0
5158,1979 Milky Way,VERONA,*Unspecified,MODEL OVERFLOW,*Unspecified,,53593,55025012700.0
5159,1979 Milky Way,VERONA,*Unspecified,MODEL OVERFLOW,*Unspecified,,53593,55025012700.0
5160,1979 Milky Way,VERONA,*Unspecified,MODEL OVERFLOW,*Unspecified,,53593,55025012700.0
5161,1979 Milky Way,VERONA,*Unspecified,MODEL OVERFLOW,*Unspecified,,53593,55025012700.0
5162,1979 Milky Way,VERONA,*Unspecified,MODEL OVERFLOW,*Unspecified,,53593,55025012700.0
5163,1979 Milky Way,VERONA,*Unspecified,MODEL OVERFLOW,*Unspecified,,53593,55025012700.0
5164,1979 Milky Way,VERONA,*Unspecified,MODEL OVERFLOW,*Unspecified,,53593,55025012700.0
5165,1979 Milky Way,VERONA,*Unspecified,MODEL OVERFLOW,*Unspecified,,53593,55025012700.0
5166,1979 Milky Way,VERONA,*Unspecified,MODEL OVERFLOW,*Unspecified,,53593,55025012700.0
5167,1979 Milky Way,VERONA,*Unspecified,MODEL OVERFLOW,*Unspecified,,53593,55025012700.0
5168,1979 Milky Way,VERONA,*Unspecified,MODEL OVERFLOW,*Unspecified,,53593,55025012700.0
5169,1979 Milky Way,VERONA,*Unspecified,MODEL OVERFLOW,*Unspecified,,53593,55025012700.0
5170,1979 Milky Way,VERONA,*Unspecified,MODEL OVERFLOW,*Unspecified,,53593,55025012700.0
5171,1979 Milky Way,VERONA,*Unspecified,MODEL OVERFLOW,*Unspecified,,53593,55025012700.0
5172,1979 Milky Way,VERONA,*Unspecified,MODEL OVERFLOW,*Unspecified,,53593,55025012700.0
5173,1979 Milky Way,VERONA,*Unspecified,MODEL OVERFLOW,*Unspecified,,53593,55025012700.0
5174,1979 Milky Way,VERONA,*Unspecified,MODEL OVERFLOW,*Unspecified,,53593,55025012700.0
5175,1979 Milky Way,VERONA,*Unspecified,MODEL OVERFLOW,*Unspecified,,53593,55025012700.0
5176,1979 Milky Way,VERONA,*Unspecified,MODEL OVERFLOW,*Unspecified,,53593,55025012700.0
5177,1979 Milky Way,VERONA,*Unspecified,MODEL OVERFLOW,*Unspecified,,53593,55025012700.0
5178,1979 Milky Way,VERONA,*Unspecified,MODEL OVERFLOW,*Unspecified,,53593,55025012700.0
5179,1979 Milky Way,VERONA,*Unspecified,MODEL OVERFLOW,*Unspecified,,53593,55025012700.0
5180,1979 Milky Way,VERONA,*Unspecified,MODEL OVERFLOW,*Unspecified,,53593,55025012700.0
5181,,,*Unspecified,,,,,
5182,,,*Unspecified,,,,,
5183,,,*Unspecified,,,,,
5184,,,*Unspecified,,,,,
5185,,,*Unspecified,,,,,
5186,,,*Unspecified,,,,,
5187,,,*Unspecified,,,,,
5188,,,*Unspecified,,,,,
5189,,,*Unspecified,,,,,
5190,,,*Unspecified,,,,,
5191,,,*Unspecified,,,,,
5192,,,*Unspecified,,,,,
5193,,,*Unspecified,,,,,
5194,,,*Unspecified,,,,,
5195,,,*Unspecified,,,,,
5196,,,*Unspecified,,,,,
5197,,,*Unspecified,,,,,
5198,,,*Unspecified,,,,,
5199,,,*Unspecified,,,,,
5200,,,*Unspecified,,,,,
5201,1979 Milky Way,VERONA,*Unspecified,EMH EMERGENCY,Emergency Medicine,ED,53593,55025012700.0
5202,1979 Milky Way,VERONA,*Unspecified,EMH EMERGENCY,Emergency Medicine,ED,53593,55025012700.0
5203,1979 Milky Way,VERONA,*Unspecified,EMH EMERGENCY,Emergency Medicine,ED,53593,55025012700.0
5204,1979 Milky Way,VERONA,*Unspecified,EMH EMERGENCY,Emergency Medicine,ED,53593,55025012700.0
5205,1979 Milky Way,VERONA,*Unspecified,EMH EMERGENCY,Emergency Medicine,ED,53593,55025012700.0
5206,1979 Milky Way,VERONA,*Unspecified,EMH EMERGENCY,Emergency Medicine,ED,53593,55025012700.0
5207,1979 Milky Way,VERONA,*Unspecified,EMH EMERGENCY,Emergency Medicine,ED,53593,55025012700.0
5208,1979 Milky Way,VERONA,*Unspecified,EMH EMERGENCY,Emergency Medicine,ED,53593,55025012700.0
5209,1979 Milky Way,VERONA,*Unspecified,EMH EMERGENCY,Emergency Medicine,ED,53593,55025012700.0
5210,1979 Milky Way,VERONA,*Unspecified,EMH EMERGENCY,Emergency Medicine,ED,53593,55025012700.0
5211,1979 Milky Way,VERONA,*Unspecified,EMH EMERGENCY,Emergency Medicine,ED,53593,55025012700.0
5212,1979 Milky Way,VERONA,*Unspecified,EMH EMERGENCY,Emergency Medicine,ED,53593,55025012700.0
5213,1979 Milky Way,VERONA,*Unspecified,EMH EMERGENCY,Emergency Medicine,ED,53593,55025012700.0
5214,1979 Milky Way,VERONA,*Unspecified,EMH EMERGENCY,Emergency Medicine,ED,53593,55025012700.0
5215,1979 Milky Way,VERONA,*Unspecified,EMH EMERGENCY,Emergency Medicine,ED,53593,55025012700.0
5216,1979 Milky Way,VERONA,*Unspecified,EMH EMERGENCY,Emergency Medicine,ED,53593,55025012700.0
5217,1979 Milky Way,VERONA,*Unspecified,EMH EMERGENCY,Emergency Medicine,ED,53593,55025012700.0
5218,1979 Milky Way,VERONA,*Unspecified,EMH EMERGENCY,Emergency Medicine,ED,53593,55025012700.0
5219,1979 Milky Way,VERONA,*Unspecified,EMH EMERGENCY,Emergency Medicine,ED,53593,55025012700.0
5220,1979 Milky Way,VERONA,*Unspecified,EMH EMERGENCY,Emergency Medicine,ED,53593,55025012700.0
5221,1979 Milky Way,VERONA,*Unspecified,EMH EMERGENCY,Emergency Medicine,ED,53593,55025012700.0
5222,1979 Milky Way,VERONA,*Unspecified,EMH EMERGENCY,Emergency Medicine,ED,53593,55025012700.0
5223,1979 Milky Way,VERONA,*Unspecified,EMH EMERGENCY,Emergency Medicine,ED,53593,55025012700.0
5224,1979 Milky Way,VERONA,*Unspecified,EMH EMERGENCY,Emergency Medicine,ED,53593,55025012700.0
5225,1979 Milky Way,VERONA,*Unspecified,EMH EMERGENCY,Emergency Medicine,ED,53593,55025012700.0
5226,1979 Milky Way,VERONA,*Unspecified,EMH EMERGENCY,Emergency Medicine,ED,53593,55025012700.0
5227,1979 Milky Way,VERONA,*Unspecified,EMH EMERGENCY,Emergency Medicine,ED,53593,55025012700.0
5228,1979 Milky Way,VERONA,*Unspecified,EMH EMERGENCY,Emergency Medicine,ED,53593,55025012700.0
5229,1979 Milky Way,VERONA,*Unspecified,EMH EMERGENCY,Emergency Medicine,ED,53593,55025012700.0
5230,1979 Milky Way,VERONA,*Unspecified,EMH EMERGENCY,Emergency Medicine,ED,53593,55025012700.0
5231,1979 Milky Way,VERONA,*Unspecified,EMH EMERGENCY,Emergency Medicine,ED,53593,55025012700.0
5232,1979 Milky Way,VERONA,*Unspecified,EMH EMERGENCY,Emergency Medicine,ED,53593,55025012700.0
5233,1979 Milky Way,VERONA,*Unspecified,EMH EMERGENCY,Emergency Medicine,ED,53593,55025012700.0
5234,1979 Milky Way,VERONA,*Unspecified,EMH EMERGENCY,Emergency Medicine,ED,53593,55025012700.0
5235,1979 Milky Way,VERONA,*Unspecified,EMH EMERGENCY,Emergency Medicine,ED,53593,55025012700.0
5236,1979 Milky Way,VERONA,*Unspecified,EMH EMERGENCY,Emergency Medicine,ED,53593,55025012700.0
5237,1979 Milky Way,VERONA,*Unspecified,EMH EMERGENCY,Emergency Medicine,ED,53593,55025012700.0
5238,1979 Milky Way,VERONA,*Unspecified,EMH EMERGENCY,Emergency Medicine,ED,53593,55025012700.0
5239,1979 Milky Way,VERONA,*Unspecified,EMH EMERGENCY,Emergency Medicine,ED,53593,55025012700.0
5240,1979 Milky Way,VERONA,*Unspecified,EMH EMERGENCY,Emergency Medicine,ED,53593,55025012700.0
5241,1979 Milky Way,VERONA,*Unspecified,EMH EMERGENCY,Emergency Medicine,ED,53593,55025012700.0
5242,1979 Milky Way,VERONA,*Unspecified,EMH EMERGENCY,Emergency Medicine,ED,53593,55025012700.0
5243,1979 Milky Way,VERONA,*Unspecified,EMH EMERGENCY,Emergency Medicine,ED,53593,55025012700.0
5244,1979 Milky Way,VERONA,*Unspecified,EMH EMERGENCY,Emergency Medicine,ED,53593,55025012700.0
5245,1979 Milky Way,VERONA,*Unspecified,EMH EMERGENCY,Emergency Medicine,ED,53593,55025012700.0
5246,1979 Milky Way,VERONA,*Unspecified,EMH EMERGENCY,Emergency Medicine,ED,53593,55025012700.0
5247,1979 Milky Way,VERONA,*Unspecified,EMH EMERGENCY,Emergency Medicine,ED,53593,55025012700.0
5248,1979 Milky Way,VERONA,*Unspecified,EMH EMERGENCY,Emergency Medicine,ED,53593,55025012700.0
5249,1979 Milky Way,VERONA,*Unspecified,EMH EMERGENCY,Emergency Medicine,ED,53593,55025012700.0
5250,1979 Milky Way,VERONA,*Unspecified,EMH EMERGENCY,Emergency Medicine,ED,53593,55025012700.0
5251,1979 Milky Way,VERONA,*Unspecified,EMH EMERGENCY,Emergency Medicine,ED,53593,55025012700.0
5252,1979 Milky Way,VERONA,*Unspecified,EMH EMERGENCY,Emergency Medicine,ED,53593,55025012700.0
5253,1979 Milky Way,VERONA,*Unspecified,EMH EMERGENCY,Emergency Medicine,ED,53593,55025012700.0
5254,1979 Milky Way,VERONA,*Unspecified,EMH EMERGENCY,Emergency Medicine,ED,53593,55025012700.0
5255,1979 Milky Way,VERONA,*Unspecified,EMH EMERGENCY,Emergency Medicine,ED,53593,55025012700.0
5256,1979 Milky Way,VERONA,*Unspecified,EMH EMERGENCY,Emergency Medicine,ED,53593,55025012700.0
5257,1979 Milky Way,VERONA,*Unspecified,EMH EMERGENCY,Emergency Medicine,ED,53593,55025012700.0
5258,1979 Milky Way,VERONA,*Unspecified,EMH EMERGENCY,Emergency Medicine,ED,53593,55025012700.0
5259,1979 Milky Way,VERONA,*Unspecified,EMH EMERGENCY,Emergency Medicine,ED,53593,55025012700.0
5260,1979 Milky Way,VERONA,*Unspecified,EMH EMERGENCY,Emergency Medicine,ED,53593,55025012700.0
5261,1979 Milky Way,VERONA,*Unspecified,EMH EMERGENCY,Emergency Medicine,ED,53593,55025012700.0
5262,1979 Milky Way,VERONA,*Unspecified,EMH EMERGENCY,Emergency Medicine,ED,53593,55025012700.0
5263,1979 Milky Way,VERONA,*Unspecified,EMH EMERGENCY,Emergency Medicine,ED,53593,55025012700.0
5264,1979 Milky Way,VERONA,*Unspecified,EMH EMERGENCY,Emergency Medicine,ED,53593,55025012700.0
5265,1979 Milky Way,VERONA,*Unspecified,EMH EMERGENCY,Emergency Medicine,ED,53593,55025012700.0
5266,1979 Milky Way,VERONA,*Unspecified,EMH EMERGENCY,Emergency Medicine,ED,53593,55025012700.0
5267,1979 Milky Way,VERONA,*Unspecified,EMH EMERGENCY,Emergency Medicine,ED,53593,55025012700.0
5268,1979 Milky Way,VERONA,*Unspecified,EMH EMERGENCY,Emergency Medicine,ED,53593,55025012700.0
5269,1979 Milky Way,VERONA,*Unspecified,EMH EMERGENCY,Emergency Medicine,ED,53593,55025012700.0
5270,1979 Milky Way,VERONA,*Unspecified,EMH EMERGENCY,Emergency Medicine,ED,53593,55025012700.0
5271,1979 Milky Way,VERONA,*Unspecified,EMH EMERGENCY,Emergency Medicine,ED,53593,55025012700.0
5272,1979 Milky Way,VERONA,*Unspecified,EMH EMERGENCY,Emergency Medicine,ED,53593,55025012700.0
5273,1979 Milky Way,VERONA,*Unspecified,EMH EMERGENCY,Emergency Medicine,ED,53593,55025012700.0
5274,1979 Milky Way,VERONA,*Unspecified,EMH EMERGENCY,Emergency Medicine,ED,53593,55025012700.0
5275,1979 Milky Way,VERONA,*Unspecified,EMH EMERGENCY,Emergency Medicine,ED,53593,55025012700.0
5276,1979 Milky Way,VERONA,*Unspecified,EMH EMERGENCY,Emergency Medicine,ED,53593,55025012700.0
5277,1979 Milky Way,VERONA,*Unspecified,EMH EMERGENCY,Emergency Medicine,ED,53593,55025012700.0
5278,1979 Milky Way,VERONA,*Unspecified,EMH EMERGENCY,Emergency Medicine,ED,53593,55025012700.0
5279,1979 Milky Way,VERONA,*Unspecified,EMH EMERGENCY,Emergency Medicine,ED,53593,55025012700.0
5280,1979 Milky Way,VERONA,*Unspecified,EMH EMERGENCY,Emergency Medicine,ED,53593,55025012700.0
5281,1979 Milky Way,VERONA,*Unspecified,EMH EMERGENCY,Emergency Medicine,ED,53593,55025012700.0
5282,1979 Milky Way,VERONA,*Unspecified,EMH EMERGENCY,Emergency Medicine,ED,53593,55025012700.0
5283,1979 Milky Way,VERONA,*Unspecified,EMH EMERGENCY,Emergency Medicine,ED,53593,55025012700.0
5284,1979 Milky Way,VERONA,*Unspecified,EMH EMERGENCY,Emergency Medicine,ED,53593,55025012700.0
5285,1979 Milky Way,VERONA,*Unspecified,EMH EMERGENCY,Emergency Medicine,ED,53593,55025012700.0
5286,1979 Milky Way,VERONA,*Unspecified,EMH EMERGENCY,Emergency Medicine,ED,53593,55025012700.0
5287,1979 Milky Way,VERONA,*Unspecified,EMH EMERGENCY,Emergency Medicine,ED,53593,55025012700.0
5288,1979 Milky Way,VERONA,*Unspecified,EMH EMERGENCY,Emergency Medicine,ED,53593,55025012700.0
5289,1979 Milky Way,VERONA,*Unspecified,EMH EMERGENCY,Emergency Medicine,ED,53593,55025012700.0
5290,1979 Milky Way,VERONA,*Unspecified,EMH EMERGENCY,Emergency Medicine,ED,53593,55025012700.0
5291,1979 Milky Way,VERONA,*Unspecified,EMH EMERGENCY,Emergency Medicine,ED,53593,55025012700.0
5292,1979 Milky Way,VERONA,*Unspecified,EMH EMERGENCY,Emergency Medicine,ED,53593,55025012700.0
5293,1979 Milky Way,VERONA,*Unspecified,EMH EMERGENCY,Emergency Medicine,ED,53593,55025012700.0
5294,1979 Milky Way,VERONA,*Unspecified,EMH EMERGENCY,Emergency Medicine,ED,53593,55025012700.0
5295,1979 Milky Way,VERONA,*Unspecified,EMH EMERGENCY,Emergency Medicine,ED,53593,55025012700.0
5296,1979 Milky Way,VERONA,*Unspecified,EMH EMERGENCY,Emergency Medicine,ED,53593,55025012700.0
5297,,,*Unspecified,*Unspecified,*Unspecified,*Unspecified,,
5298,1979 Milky Way,VERONA,*Unspecified,EMH IR IMAGING,Radiology,OR,53593,55025012700.0
5299,1979 Milky Way,VERONA,*Unspecified,EMH CARDIAC CATH LAB,Cardiology,OR,53593,55025012700.0
5300,1979 Milky Way,VERONA,*Unspecified,EMH LABOR & DELIVERY,Obstetrics and Gynecology,L&D,53593,55025012700.0
5301,1979 Milky Way,VERONA,*Unspecified,EMH GI SERVICES,*Unspecified,OR,53593,55025012700.0
5302,1979 Milky Way,VERONA,*Unspecified,EMH PERIOP SERVICES,*Unspecified,OR,53593,55025012700.0
5303,1979 Milky Way,VERONA,DANE,EHS ASC,*Unspecified,OR,53593,55025012700.0
5304,1500 SW 10th Ave,Topeka,SHAWNEE,INTERVENTIONAL RADIOLOGY,Radiology,HOD,66604,20177003603.0
5305,1979 Milky Way,VERONA,*Unspecified,EMH RECOVERY,*Unspecified,OR,53593,55025012700.0
5306,920 SW Lane St,Topeka,*Unspecified,EXCELLENT SURGERY,*Unspecified,,66606,20177000500.0
5307,2660 SW 3rd Street Suite 002,Topeka,SHAWNEE,SDS,*Unspecified,OR,66606,20177000500.0
5308,2660 SW 3rd Street Suite 002,Topeka,SHAWNEE,SDS,*Unspecified,OR,66606,20177000500.0
5309,1500 SW 10th Ave,Topeka,SHAWNEE,PERIOP SERVICES,*Unspecified,OR,66604,20177003603.0
5310,1500 SW 10th Ave,Topeka,SHAWNEE,ANESTHESIA,Anesthesiology,,66604,20177003603.0
5311,1500 SW 10th Ave,Topeka,SHAWNEE,BIRTHPLACE,Obstetrics,L&D,66604,20177003603.0
5312,,,*Unspecified,*Unspecified,*Unspecified,*Unspecified,,
5313,,,*Unspecified,*Unspecified,*Unspecified,*Unspecified,,
5314,,,*Unspecified,*Unspecified,*Unspecified,*Unspecified,,
5315,,,*Unspecified,*Unspecified,*Unspecified,*Unspecified,,
5316,,,*Unspecified,*Unspecified,*Unspecified,*Unspecified,,
5317,,,*Unspecified,*Unspecified,*Unspecified,*Unspecified,,
5318,,,*Unspecified,*Unspecified,*Unspecified,*Unspecified,,
5319,,,*Unspecified,*Unspecified,*Unspecified,*Unspecified,,
5320,,,*Unspecified,*Unspecified,*Unspecified,*Unspecified,,
5321,1979 Milky Way,VERONA,DANE,CH PERIOP SERVICES,General Surgery,OR,53593,55025012700.0
5322,1500 SW 10th Ave,Topeka,SHAWNEE,PERIOP SERVICES,*Unspecified,OR,66604,20177003603.0
5323,1500 SW 10th Ave,Topeka,SHAWNEE,PERIOP SERVICES,*Unspecified,OR,66604,20177003603.0
5324,1500 SW 10th Ave,Topeka,SHAWNEE,PERIOP SERVICES,*Unspecified,OR,66604,20177003603.0
5325,1500 SW 10th Ave,Topeka,SHAWNEE,PERIOP SERVICES,*Unspecified,OR,66604,20177003603.0
5326,1500 SW 10th Ave,Topeka,SHAWNEE,PERIOP SERVICES,*Unspecified,OR,66604,20177003603.0
5327,1500 SW 10th Ave,Topeka,SHAWNEE,PERIOP SERVICES,*Unspecified,OR,66604,20177003603.0
5328,1500 SW 10th Ave,Topeka,SHAWNEE,PERIOP SERVICES,*Unspecified,OR,66604,20177003603.0
5329,1500 SW 10th Ave,Topeka,SHAWNEE,PERIOP SERVICES,*Unspecified,OR,66604,20177003603.0
5330,1500 SW 10th Ave,Topeka,SHAWNEE,PERIOP SERVICES,*Unspecified,OR,66604,20177003603.0
5331,2660 SW 3rd Street Suite 002,Topeka,SHAWNEE,SDS,*Unspecified,OR,66606,20177000500.0
5332,2660 SW 3rd Street Suite 002,Topeka,SHAWNEE,SDS,*Unspecified,OR,66606,20177000500.0
5333,2660 SW 3rd Street Suite 002,Topeka,SHAWNEE,SDS,*Unspecified,OR,66606,20177000500.0
5334,2660 SW 3rd Street Suite 002,Topeka,SHAWNEE,SDS,*Unspecified,OR,66606,20177000500.0
5335,2660 SW 3rd Street Suite 002,Topeka,SHAWNEE,SDS,*Unspecified,OR,66606,20177000500.0
5336,920 SW Lane St,Topeka,*Unspecified,EXCELLENT SURGERY,*Unspecified,,66606,20177000500.0
5337,920 SW Lane St,Topeka,*Unspecified,EXCELLENT SURGERY,*Unspecified,,66606,20177000500.0
5338,1500 SW 10th Ave,Topeka,SHAWNEE,BIRTHPLACE,Obstetrics,L&D,66604,20177003603.0
5339,1500 SW 10th Ave,Topeka,SHAWNEE,PERIOP SERVICES,*Unspecified,OR,66604,20177003603.0
5340,1500 SW 10th Ave,Topeka,SHAWNEE,PERIOP SERVICES,*Unspecified,OR,66604,20177003603.0
5341,1500 SW 10th Ave,Topeka,SHAWNEE,PERIOP SERVICES,*Unspecified,OR,66604,20177003603.0
5342,1500 SW 10th Ave,Topeka,SHAWNEE,PERIOP SERVICES,*Unspecified,OR,66604,20177003603.0
5343,920 SW Lane St,Topeka,*Unspecified,EXCELLENT SURGERY,*Unspecified,,66606,20177000500.0
5344,1500 SW 10th Ave,Topeka,SHAWNEE,PERIOP SERVICES,*Unspecified,OR,66604,20177003603.0
5345,1500 SW 10th Ave,Topeka,SHAWNEE,PERIOP SERVICES,*Unspecified,OR,66604,20177003603.0
5346,1500 SW 10th Ave,Topeka,SHAWNEE,PERIOP SERVICES,*Unspecified,OR,66604,20177003603.0
5347,1500 SW 10th Ave,Topeka,SHAWNEE,PERIOP SERVICES,*Unspecified,OR,66604,20177003603.0
5348,1500 SW 10th Ave,Topeka,SHAWNEE,PERIOP SERVICES,*Unspecified,OR,66604,20177003603.0
5349,1500 SW 10th Ave,Topeka,SHAWNEE,PERIOP SERVICES,*Unspecified,OR,66604,20177003603.0
5350,1500 SW 10th Ave,Topeka,SHAWNEE,PERIOP SERVICES,*Unspecified,OR,66604,20177003603.0
5351,1500 SW 10th Ave,Topeka,SHAWNEE,PERIOP SERVICES,*Unspecified,OR,66604,20177003603.0
5352,1979 Milky Way,VERONA,*Unspecified,EMH CARDIAC CATH LAB,Cardiology,OR,53593,55025012700.0
5353,1979 Milky Way,VERONA,*Unspecified,EMH CARDIAC CATH LAB,Cardiology,OR,53593,55025012700.0
5354,1979 Milky Way,VERONA,*Unspecified,EMH CARDIAC CATH LAB,Cardiology,OR,53593,55025012700.0
5355,1979 Milky Way,VERONA,*Unspecified,EMH PERIOP SERVICES,*Unspecified,OR,53593,55025012700.0
5356,1979 Milky Way,VERONA,*Unspecified,EMH PERIOP SERVICES,*Unspecified,OR,53593,55025012700.0
5357,1979 Milky Way,VERONA,*Unspecified,EMH PERIOP SERVICES,*Unspecified,OR,53593,55025012700.0
5358,1979 Milky Way,VERONA,*Unspecified,EMH PERIOP SERVICES,*Unspecified,OR,53593,55025012700.0
5359,1979 Milky Way,VERONA,*Unspecified,EMH PERIOP SERVICES,*Unspecified,OR,53593,55025012700.0
5360,1979 Milky Way,VERONA,*Unspecified,EMH PERIOP SERVICES,*Unspecified,OR,53593,55025012700.0
5361,1979 Milky Way,VERONA,*Unspecified,EMH PERIOP SERVICES,*Unspecified,OR,53593,55025012700.0
5362,1979 Milky Way,VERONA,*Unspecified,EMH PERIOP SERVICES,*Unspecified,OR,53593,55025012700.0
5363,1979 Milky Way,VERONA,*Unspecified,EMH PERIOP SERVICES,*Unspecified,OR,53593,55025012700.0
5364,1979 Milky Way,VERONA,*Unspecified,EMH PERIOP SERVICES,*Unspecified,OR,53593,55025012700.0
5365,1979 Milky Way,VERONA,*Unspecified,EMH PERIOP SERVICES,*Unspecified,OR,53593,55025012700.0
5366,1979 Milky Way,VERONA,*Unspecified,EMH PERIOP SERVICES,*Unspecified,OR,53593,55025012700.0
5367,1979 Milky Way,VERONA,*Unspecified,EMH LABOR & DELIVERY,Obstetrics and Gynecology,L&D,53593,55025012700.0
5368,1979 Milky Way,VERONA,*Unspecified,EMH LABOR & DELIVERY,Obstetrics and Gynecology,L&D,53593,55025012700.0
5369,1979 Milky Way,VERONA,DANE,EHS ASC,*Unspecified,OR,53593,55025012700.0
5370,1979 Milky Way,VERONA,DANE,EHS ASC,*Unspecified,OR,53593,55025012700.0
5371,1979 Milky Way,VERONA,DANE,EHS ASC,*Unspecified,OR,53593,55025012700.0
5372,1979 Milky Way,VERONA,*Unspecified,EMH GI SERVICES,*Unspecified,OR,53593,55025012700.0
5373,1979 Milky Way,VERONA,*Unspecified,EMH GI SERVICES,*Unspecified,OR,53593,55025012700.0
5374,1979 Milky Way,VERONA,*Unspecified,EMH GI SERVICES,*Unspecified,OR,53593,55025012700.0
5375,1979 Milky Way,VERONA,*Unspecified,EMH RECOVERY,*Unspecified,OR,53593,55025012700.0
5376,1979 Milky Way,VERONA,DANE,CH PERIOP SERVICES,General Surgery,OR,53593,55025012700.0
5377,1979 Milky Way,VERONA,DANE,CH PERIOP SERVICES,General Surgery,OR,53593,55025012700.0
5378,1979 Milky Way,VERONA,DANE,CH PERIOP SERVICES,General Surgery,OR,53593,55025012700.0
5379,1979 Milky Way,VERONA,DANE,CH PERIOP SERVICES,General Surgery,OR,53593,55025012700.0
5380,1979 Milky Way,VERONA,*Unspecified,EMH IR IMAGING,Radiology,OR,53593,55025012700.0
5381,1979 Milky Way,VERONA,*Unspecified,EMH IR IMAGING,Radiology,OR,53593,55025012700.0
5382,,,*Unspecified,*Unspecified,*Unspecified,*Unspecified,,
5383,,,*Unspecified,*Unspecified,*Unspecified,*Unspecified,,
5384,,,*Unspecified,*Unspecified,*Unspecified,*Unspecified,,
5385,,,*Unspecified,*Unspecified,*Unspecified,*Unspecified,,
5386,,,*Unspecified,*Unspecified,*Unspecified,*Unspecified,,
5387,,,*Unspecified,*Unspecified,*Unspecified,*Unspecified,,
5388,920 SW Lane St Ste 200,Topeka,SHAWNEE,EXCELLENT PRE-POST,Otolaryngology,OR,66606,20177000500.0
5389,920 SW Lane St Ste 200,Topeka,SHAWNEE,EXCELLENT PRE-POST,Otolaryngology,OR,66606,20177000500.0
5390,1500 SW 10th Ave,Topeka,SHAWNEE,PRE-POST,*Unspecified,OR,66604,20177003603.0
5391,1500 SW 10th Ave,Topeka,SHAWNEE,PRE-POST,*Unspecified,OR,66604,20177003603.0
5392,1500 SW 10th Ave,Topeka,SHAWNEE,PRE-POST,*Unspecified,OR,66604,20177003603.0
5393,1500 SW 10th Ave,Topeka,SHAWNEE,PRE-POST,*Unspecified,OR,66604,20177003603.0
5394,1500 SW 10th Ave,Topeka,SHAWNEE,PRE-POST,*Unspecified,OR,66604,20177003603.0
5395,1500 SW 10th Ave,Topeka,SHAWNEE,PRE-POST,*Unspecified,OR,66604,20177003603.0
5396,1500 SW 10th Ave,Topeka,SHAWNEE,PRE-POST,*Unspecified,OR,66604,20177003603.0
5397,1500 SW 10th Ave,Topeka,SHAWNEE,PRE-POST,*Unspecified,OR,66604,20177003603.0
5398,1500 SW 10th Ave,Topeka,SHAWNEE,PRE-POST,*Unspecified,OR,66604,20177003603.0
5399,1500 SW 10th Ave,Topeka,SHAWNEE,PRE-POST,*Unspecified,OR,66604,20177003603.0
5400,1500 SW 10th Ave,Topeka,SHAWNEE,PACU,*Unspecified,OR,66604,20177003603.0
5401,1500 SW 10th Ave,Topeka,SHAWNEE,PACU,*Unspecified,OR,66604,20177003603.0
5402,1500 SW 10th Ave,Topeka,SHAWNEE,PRE-POST,*Unspecified,OR,66604,20177003603.0
5403,1500 SW 10th Ave,Topeka,SHAWNEE,PRE-POST,*Unspecified,OR,66604,20177003603.0
5404,1500 SW 10th Ave,Topeka,SHAWNEE,PRE-POST,*Unspecified,OR,66604,20177003603.0
5405,1500 SW 10th Ave,Topeka,SHAWNEE,PRE-POST,*Unspecified,OR,66604,20177003603.0
5406,1500 SW 10th Ave,Topeka,SHAWNEE,PACU,*Unspecified,OR,66604,20177003603.0
5407,1500 SW 10th Ave,Topeka,SHAWNEE,PACU,*Unspecified,OR,66604,20177003603.0
5408,1500 SW 10th Ave,Topeka,SHAWNEE,PACU,*Unspecified,OR,66604,20177003603.0
5409,1500 SW 10th Ave,Topeka,SHAWNEE,PACU,*Unspecified,OR,66604,20177003603.0
5410,1500 SW 10th Ave,Topeka,SHAWNEE,PACU,*Unspecified,OR,66604,20177003603.0
5411,1500 SW 10th Ave,Topeka,SHAWNEE,PACU,*Unspecified,OR,66604,20177003603.0
5412,1500 SW 10th Ave,Topeka,SHAWNEE,PACU,*Unspecified,OR,66604,20177003603.0
5413,1500 SW 10th Ave,Topeka,SHAWNEE,PACU,*Unspecified,OR,66604,20177003603.0
5414,1500 SW 10th Ave,Topeka,SHAWNEE,PACU,*Unspecified,OR,66604,20177003603.0
5415,1500 SW 10th Ave,Topeka,SHAWNEE,PACU,*Unspecified,OR,66604,20177003603.0
5416,1500 SW 10th Ave,Topeka,SHAWNEE,PACU,*Unspecified,OR,66604,20177003603.0
5417,1500 SW 10th Ave,Topeka,SHAWNEE,PACU,*Unspecified,OR,66604,20177003603.0
5418,1500 SW 10th Ave,Topeka,SHAWNEE,PACU,*Unspecified,OR,66604,20177003603.0
5419,1500 SW 10th Ave,Topeka,SHAWNEE,PACU,*Unspecified,OR,66604,20177003603.0
5420,1500 SW 10th Ave,Topeka,SHAWNEE,PRE-POST,*Unspecified,OR,66604,20177003603.0
5421,1500 SW 10th Ave,Topeka,SHAWNEE,PACU,*Unspecified,OR,66604,20177003603.0
5422,1500 SW 10th Ave,Topeka,SHAWNEE,PRE-POST,*Unspecified,OR,66604,20177003603.0
5423,1500 SW 10th Ave,Topeka,SHAWNEE,PRE-POST,*Unspecified,OR,66604,20177003603.0
5424,1500 SW 10th Ave,Topeka,SHAWNEE,PRE-POST,*Unspecified,OR,66604,20177003603.0
5425,1500 SW 10th Ave,Topeka,SHAWNEE,PRE-POST,*Unspecified,OR,66604,20177003603.0
5426,1500 SW 10th Ave,Topeka,SHAWNEE,PRE-POST,*Unspecified,OR,66604,20177003603.0
5427,1500 SW 10th Ave,Topeka,SHAWNEE,PRE-POST,*Unspecified,OR,66604,20177003603.0
5428,1500 SW 10th Ave,Topeka,SHAWNEE,PRE-POST,*Unspecified,OR,66604,20177003603.0
5429,1500 SW 10th Ave,Topeka,SHAWNEE,PRE-POST,*Unspecified,OR,66604,20177003603.0
5430,1500 SW 10th Ave,Topeka,SHAWNEE,PRE-POST,*Unspecified,OR,66604,20177003603.0
5431,1500 SW 10th Ave,Topeka,SHAWNEE,PRE-POST,*Unspecified,OR,66604,20177003603.0
5432,1500 SW 10th Ave,Topeka,SHAWNEE,PRE-POST,*Unspecified,OR,66604,20177003603.0
5433,1500 SW 10th Ave,Topeka,SHAWNEE,PRE-POST,*Unspecified,OR,66604,20177003603.0
5434,2660 SW 3rd Street Suite 002,Topeka,SHAWNEE,SDS,*Unspecified,OR,66606,20177000500.0
5435,2660 SW 3rd Street Suite 002,Topeka,SHAWNEE,SDS,*Unspecified,OR,66606,20177000500.0
5436,2660 SW 3rd Street Suite 002,Topeka,SHAWNEE,SDS,*Unspecified,OR,66606,20177000500.0
5437,2660 SW 3rd Street Suite 002,Topeka,SHAWNEE,SDS,*Unspecified,OR,66606,20177000500.0
5438,2660 SW 3rd Street Suite 002,Topeka,SHAWNEE,SDS,*Unspecified,OR,66606,20177000500.0
5439,2660 SW 3rd Street Suite 002,Topeka,SHAWNEE,SDS,*Unspecified,OR,66606,20177000500.0
5440,2660 SW 3rd Street Suite 002,Topeka,SHAWNEE,SDS,*Unspecified,OR,66606,20177000500.0
5441,2660 SW 3rd Street Suite 002,Topeka,SHAWNEE,SDS,*Unspecified,OR,66606,20177000500.0
5442,2660 SW 3rd Street Suite 002,Topeka,SHAWNEE,SDS,*Unspecified,OR,66606,20177000500.0
5443,2660 SW 3rd Street Suite 002,Topeka,SHAWNEE,SDS,*Unspecified,OR,66606,20177000500.0
5444,2660 SW 3rd Street Suite 002,Topeka,SHAWNEE,SDS,*Unspecified,OR,66606,20177000500.0
5445,2660 SW 3rd Street Suite 002,Topeka,SHAWNEE,SDS,*Unspecified,OR,66606,20177000500.0
5446,2660 SW 3rd Street Suite 002,Topeka,SHAWNEE,SDS,*Unspecified,OR,66606,20177000500.0
5447,2660 SW 3rd Street Suite 002,Topeka,SHAWNEE,SDS,*Unspecified,OR,66606,20177000500.0
5448,920 SW Lane St Ste 200,Topeka,SHAWNEE,EXCELLENT PRE-POST,Otolaryngology,OR,66606,20177000500.0
5449,920 SW Lane St Ste 200,Topeka,SHAWNEE,EXCELLENT PRE-POST,Otolaryngology,OR,66606,20177000500.0
5450,920 SW Lane St Ste 200,Topeka,SHAWNEE,EXCELLENT PRE-POST,Otolaryngology,OR,66606,20177000500.0
5451,920 SW Lane St Ste 200,Topeka,SHAWNEE,EXCELLENT PRE-POST,Otolaryngology,OR,66606,20177000500.0
5452,920 SW Lane St Ste 200,Topeka,SHAWNEE,EXCELLENT PRE-POST,Otolaryngology,OR,66606,20177000500.0
5453,920 SW Lane St Ste 200,Topeka,SHAWNEE,EXCELLENT PRE-POST,Otolaryngology,OR,66606,20177000500.0
5454,920 SW Lane St Ste 200,Topeka,SHAWNEE,EXCELLENT PRE-POST,Otolaryngology,OR,66606,20177000500.0
5455,920 SW Lane St Ste 200,Topeka,SHAWNEE,EXCELLENT PRE-POST,Otolaryngology,OR,66606,20177000500.0
5456,,,*Unspecified,*Unspecified,*Unspecified,*Unspecified,,
5457,,,*Unspecified,*Unspecified,*Unspecified,*Unspecified,,
5458,,,*Unspecified,*Unspecified,*Unspecified,*Unspecified,,
5459,1979 Milky Way,VERONA,*Unspecified,EMH PRE-PROCEDURE,*Unspecified,OR,53593,55025012700.0
5460,1979 Milky Way,VERONA,*Unspecified,EMH PRE-PROCEDURE,*Unspecified,OR,53593,55025012700.0
5461,1979 Milky Way,VERONA,*Unspecified,EMH PRE-PROCEDURE,*Unspecified,OR,53593,55025012700.0
5462,1979 Milky Way,VERONA,*Unspecified,EMH PRE-PROCEDURE,*Unspecified,OR,53593,55025012700.0
5463,1979 Milky Way,VERONA,*Unspecified,EMH PRE-PROCEDURE,*Unspecified,OR,53593,55025012700.0
5464,1979 Milky Way,VERONA,*Unspecified,EMH PRE-PROCEDURE,*Unspecified,OR,53593,55025012700.0
5465,1979 Milky Way,VERONA,*Unspecified,EMH PRE-PROCEDURE,*Unspecified,OR,53593,55025012700.0
5466,1979 Milky Way,VERONA,*Unspecified,EMH PRE-PROCEDURE,*Unspecified,OR,53593,55025012700.0
5467,1979 Milky Way,VERONA,*Unspecified,EMH PRE-PROCEDURE,*Unspecified,OR,53593,55025012700.0
5468,1979 Milky Way,VERONA,*Unspecified,EMH PRE-PROCEDURE,*Unspecified,OR,53593,55025012700.0
5469,1979 Milky Way,VERONA,*Unspecified,EMH PRE-PROCEDURE,*Unspecified,OR,53593,55025012700.0
5470,1979 Milky Way,VERONA,*Unspecified,EMH PRE-PROCEDURE,*Unspecified,OR,53593,55025012700.0
5471,1979 Milky Way,VERONA,*Unspecified,EMH RECOVERY,*Unspecified,OR,53593,55025012700.0
5472,1979 Milky Way,VERONA,*Unspecified,EMH RECOVERY,*Unspecified,OR,53593,55025012700.0
5473,1979 Milky Way,VERONA,*Unspecified,EMH RECOVERY,*Unspecified,OR,53593,55025012700.0
5474,1979 Milky Way,VERONA,*Unspecified,EMH RECOVERY,*Unspecified,OR,53593,55025012700.0
5475,1979 Milky Way,VERONA,*Unspecified,EMH RECOVERY,*Unspecified,OR,53593,55025012700.0
5476,1979 Milky Way,VERONA,*Unspecified,EMH RECOVERY,*Unspecified,OR,53593,55025012700.0
5477,1979 Milky Way,VERONA,*Unspecified,EMH RECOVERY,*Unspecified,OR,53593,55025012700.0
5478,1979 Milky Way,VERONA,*Unspecified,EMH RECOVERY,*Unspecified,OR,53593,55025012700.0
5479,1979 Milky Way,VERONA,*Unspecified,EMH RECOVERY,*Unspecified,OR,53593,55025012700.0
5480,1979 Milky Way,VERONA,*Unspecified,EMH RECOVERY,*Unspecified,OR,53593,55025012700.0
5481,1979 Milky Way,VERONA,*Unspecified,EMH RECOVERY,*Unspecified,OR,53593,55025012700.0
5482,1979 Milky Way,VERONA,*Unspecified,EMH RECOVERY,*Unspecified,OR,53593,55025012700.0
5483,,,*Unspecified,*Unspecified,*Unspecified,*Unspecified,,
5484,,,*Unspecified,*Unspecified,*Unspecified,*Unspecified,,
5485,,,*Unspecified,*Unspecified,*Unspecified,*Unspecified,,
5486,1500 SW 10th Ave,Topeka,SHAWNEE,PRE-POST,*Unspecified,OR,66604,20177003603.0
5487,1500 SW 10th Ave,Topeka,SHAWNEE,PRE-POST,*Unspecified,OR,66604,20177003603.0
5488,,,*Unspecified,*Unspecified,*Unspecified,*Unspecified,,
5489,,,*Unspecified,*Unspecified,*Unspecified,*Unspecified,,
5490,,,*Unspecified,*Unspecified,*Unspecified,*Unspecified,,
5491,,,*Unspecified,*Unspecified,*Unspecified,*Unspecified,,
5492,,,*Unspecified,*Unspecified,*Unspecified,*Unspecified,,
5493,,,*Unspecified,*Unspecified,*Unspecified,*Unspecified,,
5494,,,*Unspecified,*Unspecified,*Unspecified,*Unspecified,,
5495,,,*Unspecified,*Unspecified,*Unspecified,*Unspecified,,
5496,,,*Unspecified,*Unspecified,*Unspecified,*Unspecified,,
5497,,,*Unspecified,*Unspecified,*Unspecified,*Unspecified,,
5498,,,*Unspecified,*Unspecified,*Unspecified,*Unspecified,,
5499,1500 SW 10th AVE,Topeka,*Unspecified,*Unspecified,*Unspecified,*Unspecified,66604-1301,
5500,1500 SW 10th AVE,Topeka,*Unspecified,*Unspecified,*Unspecified,*Unspecified,66604-1301,
5501,1500 SW 10th AVE,Topeka,*Unspecified,*Unspecified,*Unspecified,*Unspecified,66604-1301,
5502,1500 SW 10th AVE,Topeka,*Unspecified,*Unspecified,*Unspecified,*Unspecified,66604-1301,
5503,,,*Unspecified,*Unspecified,*Unspecified,*Unspecified,,
5504,,,*Unspecified,*Unspecified,*Unspecified,*Unspecified,,
5505,,,*Unspecified,*Unspecified,*Unspecified,*Unspecified,,
5506,,,*Unspecified,*Unspecified,*Unspecified,*Unspecified,,
5507,1500 SW 10th AVE,Topeka,*Unspecified,*Unspecified,*Unspecified,*Unspecified,66604-1301,
5508,1500 SW 10th AVE,Topeka,*Unspecified,*Unspecified,*Unspecified,*Unspecified,66604-1301,
5509,1500 SW 10th AVE,Topeka,*Unspecified,*Unspecified,*Unspecified,*Unspecified,66604-1301,
5510,,,*Unspecified,*Unspecified,*Unspecified,*Unspecified,,
5511,1979 Milky Way,VERONA,DANE,EHS ASC,*Unspecified,OR,53593,55025012700.0
5512,1979 Milky Way,VERONA,DANE,EHS ASC,*Unspecified,OR,53593,55025012700.0
5513,1979 Milky Way,VERONA,DANE,EHS ASC,*Unspecified,OR,53593,55025012700.0
5514,1979 Milky Way,VERONA,DANE,EHS ASC,*Unspecified,OR,53593,55025012700.0
5515,1979 Milky Way,VERONA,DANE,EHS ASC,*Unspecified,OR,53593,55025012700.0
5516,1979 Milky Way,VERONA,DANE,EHS ASC,*Unspecified,OR,53593,55025012700.0
5517,1979 Milky Way,VERONA,DANE,EHS ASC,*Unspecified,OR,53593,55025012700.0
5518,1979 Milky Way,VERONA,DANE,EHS ASC,*Unspecified,OR,53593,55025012700.0
5519,1979 Milky Way,VERONA,DANE,EHS ASC,*Unspecified,OR,53593,55025012700.0
5520,1979 Milky Way,VERONA,DANE,EHS ASC,*Unspecified,OR,53593,55025012700.0
5521,1979 Milky Way,VERONA,DANE,EHS ASC,*Unspecified,OR,53593,55025012700.0
5522,1979 Milky Way,VERONA,DANE,EHS ASC,*Unspecified,OR,53593,55025012700.0
5523,1979 Milky Way,VERONA,DANE,EHS ASC,*Unspecified,OR,53593,55025012700.0
5524,1979 Milky Way,VERONA,DANE,EHS ASC,*Unspecified,OR,53593,55025012700.0
5525,1979 Milky Way,VERONA,DANE,EHS ASC,*Unspecified,OR,53593,55025012700.0
5526,,,*Unspecified,*Unspecified,*Unspecified,*Unspecified,,
5527,,,*Unspecified,*Unspecified,*Unspecified,*Unspecified,,
5528,,,*Unspecified,*Unspecified,*Unspecified,*Unspecified,,
5529,,,*Unspecified,*Unspecified,*Unspecified,*Unspecified,,
5530,,,*Unspecified,*Unspecified,*Unspecified,*Unspecified,,
5531,,,*Unspecified,*Unspecified,*Unspecified,*Unspecified,,
5532,,,*Unspecified,*Unspecified,*Unspecified,*Unspecified,,
5533,,,*Unspecified,*Unspecified,*Unspecified,*Unspecified,,
5534,1979 Milky Way,VERONA,*Unspecified,EMH MED SURG,*Unspecified,,53593,55025012700.0
5535,1500 SW 10th Ave,Topeka,SHAWNEE,CVOPC,*Unspecified,,66604,20177003603.0
5536,1500 SW 10th Ave,Topeka,SHAWNEE,CVOPC,*Unspecified,,66604,20177003603.0
5537,1500 SW 10th Ave,Topeka,SHAWNEE,CVOPC,*Unspecified,,66604,20177003603.0
5538,1500 SW 10th Ave,Topeka,SHAWNEE,CVOPC,*Unspecified,,66604,20177003603.0
5539,1500 SW 10th Ave,Topeka,SHAWNEE,CVOPC,*Unspecified,,66604,20177003603.0
5540,1500 SW 10th Ave,Topeka,SHAWNEE,CVOPC,*Unspecified,,66604,20177003603.0
5541,1500 SW 10th Ave,Topeka,SHAWNEE,CVOPC,*Unspecified,,66604,20177003603.0
5542,1500 SW 10th Ave,Topeka,SHAWNEE,CVOPC,*Unspecified,,66604,20177003603.0
5543,1500 SW 10th Ave,Topeka,SHAWNEE,CVOPC,*Unspecified,,66604,20177003603.0
5544,1979 Milky Way,VERONA,*Unspecified,EMH MED SURG,*Unspecified,,53593,55025012700.0
5545,1500 SW 10th Ave,Topeka,SHAWNEE,CVOPC,*Unspecified,,66604,20177003603.0
5546,1500 SW 10th Ave,Topeka,SHAWNEE,CVOPC,*Unspecified,,66604,20177003603.0
5547,1500 SW 10th Ave,Topeka,SHAWNEE,CVOPC,*Unspecified,,66604,20177003603.0
5548,1500 SW 10th Ave,Topeka,SHAWNEE,CVOPC,*Unspecified,,66604,20177003603.0
5549,1500 SW 10th Ave,Topeka,SHAWNEE,CVOPC,*Unspecified,,66604,20177003603.0
5550,1500 SW 10th Ave,Topeka,SHAWNEE,CVOPC,*Unspecified,,66604,20177003603.0
5551,1500 SW 10th Ave,Topeka,SHAWNEE,CVOPC,*Unspecified,,66604,20177003603.0
5552,1500 SW 10th Ave,Topeka,SHAWNEE,CVOPC,*Unspecified,,66604,20177003603.0
5553,1500 SW 10th Ave,Topeka,SHAWNEE,CVOPC,*Unspecified,,66604,20177003603.0
5554,1500 SW 10th Ave,Topeka,SHAWNEE,CVOPC,*Unspecified,,66604,20177003603.0
5555,1979 Milky Way,VERONA,*Unspecified,EMH ICU,Intensive Care,ICU,53593,55025012700.0
5556,1500 SW 10th Ave,Topeka,SHAWNEE,CVOPC,*Unspecified,,66604,20177003603.0
5557,1500 SW 10th Ave,Topeka,SHAWNEE,CVOPC,*Unspecified,,66604,20177003603.0
5558,1500 SW 10th Ave,Topeka,SHAWNEE,CVOPC,*Unspecified,,66604,20177003603.0
5559,1500 SW 10th Ave,Topeka,SHAWNEE,CVOPC,*Unspecified,,66604,20177003603.0
5560,1500 SW 10th Ave,Topeka,SHAWNEE,CVOPC,*Unspecified,,66604,20177003603.0
5561,1500 SW 10th Ave,Topeka,SHAWNEE,CRITICAL CARE-2SOUTH,*Unspecified,ICU,66604,20177003603.0
5562,1500 SW 10th Ave,Topeka,SHAWNEE,CRITICAL CARE-2SOUTH,*Unspecified,ICU,66604,20177003603.0
5563,1500 SW 10th Ave,Topeka,SHAWNEE,CRITICAL CARE-2SOUTH,*Unspecified,ICU,66604,20177003603.0
5564,1500 SW 10th Ave,Topeka,SHAWNEE,CRITICAL CARE-2SOUTH,*Unspecified,ICU,66604,20177003603.0
5565,1500 SW 10th Ave,Topeka,SHAWNEE,CRITICAL CARE-2SOUTH,*Unspecified,ICU,66604,20177003603.0
5566,1979 Milky Way,VERONA,*Unspecified,EMH ICU,Intensive Care,ICU,53593,55025012700.0
5567,1500 SW 10th Ave,Topeka,SHAWNEE,CRITICAL CARE-2SOUTH,*Unspecified,ICU,66604,20177003603.0
5568,1500 SW 10th Ave,Topeka,SHAWNEE,CRITICAL CARE-2SOUTH,*Unspecified,ICU,66604,20177003603.0
5569,1500 SW 10th Ave,Topeka,SHAWNEE,CRITICAL CARE-2SOUTH,*Unspecified,ICU,66604,20177003603.0
5570,1500 SW 10th Ave,Topeka,SHAWNEE,CRITICAL CARE-2SOUTH,*Unspecified,ICU,66604,20177003603.0
5571,1500 SW 10th Ave,Topeka,SHAWNEE,CRITICAL CARE-2SOUTH,*Unspecified,ICU,66604,20177003603.0
5572,1500 SW 10th Ave,Topeka,SHAWNEE,CRITICAL CARE-2SOUTH,*Unspecified,ICU,66604,20177003603.0
5573,1500 SW 10th Ave,Topeka,SHAWNEE,CRITICAL CARE-2SOUTH,*Unspecified,ICU,66604,20177003603.0
5574,1500 SW 10th Ave,Topeka,SHAWNEE,CRITICAL CARE-2SOUTH,*Unspecified,ICU,66604,20177003603.0
5575,1500 SW 10th Ave,Topeka,SHAWNEE,CRITICAL CARE-2SOUTH,*Unspecified,ICU,66604,20177003603.0
5576,1500 SW 10th Ave,Topeka,SHAWNEE,CRITICAL CARE-2SOUTH,*Unspecified,ICU,66604,20177003603.0
5577,1979 Milky Way,VERONA,*Unspecified,EMH ICU,Intensive Care,ICU,53593,55025012700.0
5578,1500 SW 10th Ave,Topeka,SHAWNEE,CRITICAL CARE-PAVILION,Critical Care Medicine,ICU,66604,20177003603.0
5579,1500 SW 10th Ave,Topeka,SHAWNEE,CRITICAL CARE-PAVILION,Critical Care Medicine,ICU,66604,20177003603.0
5580,1500 SW 10th Ave,Topeka,SHAWNEE,CRITICAL CARE-PAVILION,Critical Care Medicine,ICU,66604,20177003603.0
5581,1500 SW 10th Ave,Topeka,SHAWNEE,CRITICAL CARE-PAVILION,Critical Care Medicine,ICU,66604,20177003603.0
5582,1500 SW 10th Ave,Topeka,SHAWNEE,CRITICAL CARE-PAVILION,Critical Care Medicine,ICU,66604,20177003603.0
5583,1500 SW 10th Ave,Topeka,SHAWNEE,CRITICAL CARE-PAVILION,Critical Care Medicine,ICU,66604,20177003603.0
5584,1500 SW 10th Ave,Topeka,SHAWNEE,CRITICAL CARE-PAVILION,Critical Care Medicine,ICU,66604,20177003603.0
5585,1500 SW 10th Ave,Topeka,SHAWNEE,CRITICAL CARE-PAVILION,Critical Care Medicine,ICU,66604,20177003603.0
5586,1500 SW 10th Ave,Topeka,SHAWNEE,CRITICAL CARE-PAVILION,Critical Care Medicine,ICU,66604,20177003603.0
5587,1500 SW 10th Ave,Topeka,SHAWNEE,CRITICAL CARE-PAVILION,Critical Care Medicine,ICU,66604,20177003603.0
5588,1979 Milky Way,VERONA,*Unspecified,EMH ICU,Intensive Care,ICU,53593,55025012700.0
5589,1500 SW 10th Ave,Topeka,SHAWNEE,CRITICAL CARE-PAVILION,Critical Care Medicine,ICU,66604,20177003603.0
5590,1500 SW 10th Ave,Topeka,SHAWNEE,CRITICAL CARE-PAVILION,Critical Care Medicine,ICU,66604,20177003603.0
5591,1500 SW 10th Ave,Topeka,SHAWNEE,NIC,Neonatology,ICU,66604,20177003603.0
5592,1500 SW 10th Ave,Topeka,SHAWNEE,NIC,Neonatology,ICU,66604,20177003603.0
5593,1500 SW 10th Ave,Topeka,SHAWNEE,NIC,Neonatology,ICU,66604,20177003603.0
5594,1500 SW 10th Ave,Topeka,SHAWNEE,NIC,Neonatology,ICU,66604,20177003603.0
5595,1500 SW 10th Ave,Topeka,SHAWNEE,NIC,Neonatology,ICU,66604,20177003603.0
5596,1500 SW 10th Ave,Topeka,SHAWNEE,NIC,Neonatology,ICU,66604,20177003603.0
5597,1500 SW 10th Ave,Topeka,SHAWNEE,NIC,Neonatology,ICU,66604,20177003603.0
5598,1500 SW 10th Ave,Topeka,SHAWNEE,NIC,Neonatology,ICU,66604,20177003603.0
5599,1979 Milky Way,VERONA,*Unspecified,EMH ICU,Intensive Care,ICU,53593,55025012700.0
5600,1500 SW 10th Ave,Topeka,SHAWNEE,NIC,Neonatology,ICU,66604,20177003603.0
5601,1500 SW 10th Ave,Topeka,SHAWNEE,NIC,Neonatology,ICU,66604,20177003603.0
5602,1500 SW 10th Ave,Topeka,SHAWNEE,NIC,Neonatology,ICU,66604,20177003603.0
5603,1500 SW 10th Ave,Topeka,SHAWNEE,NIC,Neonatology,ICU,66604,20177003603.0
5604,1500 SW 10th Ave,Topeka,SHAWNEE,NIC,Neonatology,ICU,66604,20177003603.0
5605,1500 SW 10th Ave,Topeka,SHAWNEE,NIC,Neonatology,ICU,66604,20177003603.0
5606,1500 SW 10th Ave,Topeka,SHAWNEE,NIC,Neonatology,ICU,66604,20177003603.0
5607,1500 SW 10th Ave,Topeka,SHAWNEE,NIC,Neonatology,ICU,66604,20177003603.0
5608,1500 SW 10th Ave,Topeka,SHAWNEE,NIC,Neonatology,ICU,66604,20177003603.0
5609,1979 Milky Way,VERONA,*Unspecified,EMH PSYCHIATRY,Psychiatry,,53593,55025012700.0
5610,1500 SW 10th Ave,Topeka,SHAWNEE,NIC,Neonatology,ICU,66604,20177003603.0
5611,1500 SW 10th Ave,Topeka,SHAWNEE,NIC,Neonatology,ICU,66604,20177003603.0
5612,1500 SW 10th Ave,Topeka,SHAWNEE,NIC,Neonatology,ICU,66604,20177003603.0
5613,1500 SW 10th Ave,Topeka,SHAWNEE,NIC,Neonatology,ICU,66604,20177003603.0
5614,1500 SW 10th Ave,Topeka,SHAWNEE,NIC,Neonatology,ICU,66604,20177003603.0
5615,1500 SW 10th Ave,Topeka,SHAWNEE,NIC,Neonatology,ICU,66604,20177003603.0
5616,1500 SW 10th Ave,Topeka,SHAWNEE,NIC,Neonatology,ICU,66604,20177003603.0
5617,1500 SW 10th Ave,Topeka,SHAWNEE,NIC,Neonatology,ICU,66604,20177003603.0
5618,1500 SW 10th Ave,Topeka,SHAWNEE,NIC,Neonatology,ICU,66604,20177003603.0
5619,1500 SW 10th Ave,Topeka,SHAWNEE,NIC,Neonatology,ICU,66604,20177003603.0
5620,1979 Milky Way,VERONA,*Unspecified,EMH PSYCHIATRY,Psychiatry,,53593,55025012700.0
5621,1500 SW 10th Ave,Topeka,SHAWNEE,NIC,Neonatology,ICU,66604,20177003603.0
5622,1500 SW 10th Ave,Topeka,SHAWNEE,NIC,Neonatology,ICU,66604,20177003603.0
5623,1500 SW 10th Ave,Topeka,SHAWNEE,NIC,Neonatology,ICU,66604,20177003603.0
5624,1500 SW 10th Ave,Topeka,SHAWNEE,NIC,Neonatology,ICU,66604,20177003603.0
5625,1500 SW 10th Ave,Topeka,SHAWNEE,NIC,Neonatology,ICU,66604,20177003603.0
5626,1500 SW 10th Ave,Topeka,SHAWNEE,NIC,Neonatology,ICU,66604,20177003603.0
5627,1500 SW 10th Ave,Topeka,SHAWNEE,NIC,Neonatology,ICU,66604,20177003603.0
5628,1500 SW 10th Ave,Topeka,SHAWNEE,NIC,Neonatology,ICU,66604,20177003603.0
5629,1500 SW 10th Ave,Topeka,SHAWNEE,NIC,Neonatology,ICU,66604,20177003603.0
5630,1500 SW 10th Ave,Topeka,SHAWNEE,NIC,Neonatology,ICU,66604,20177003603.0
5631,1979 Milky Way,VERONA,*Unspecified,EMH PSYCHIATRY,Psychiatry,,53593,55025012700.0
5632,1500 SW 10th Ave,Topeka,SHAWNEE,NIC,Neonatology,ICU,66604,20177003603.0
5633,1500 SW 10th Ave,Topeka,SHAWNEE,JOINT CENTER,*Unspecified,,66604,20177003603.0
5634,1500 SW 10th Ave,Topeka,SHAWNEE,JOINT CENTER,*Unspecified,,66604,20177003603.0
5635,1500 SW 10th Ave,Topeka,SHAWNEE,JOINT CENTER,*Unspecified,,66604,20177003603.0
5636,1500 SW 10th Ave,Topeka,SHAWNEE,JOINT CENTER,*Unspecified,,66604,20177003603.0
5637,1500 SW 10th Ave,Topeka,SHAWNEE,JOINT CENTER,*Unspecified,,66604,20177003603.0
5638,1500 SW 10th Ave,Topeka,SHAWNEE,JOINT CENTER,*Unspecified,,66604,20177003603.0
5639,1500 SW 10th Ave,Topeka,SHAWNEE,JOINT CENTER,*Unspecified,,66604,20177003603.0
5640,1500 SW 10th Ave,Topeka,SHAWNEE,JOINT CENTER,*Unspecified,,66604,20177003603.0
5641,1500 SW 10th Ave,Topeka,SHAWNEE,JOINT CENTER,*Unspecified,,66604,20177003603.0
5642,1979 Milky Way,VERONA,*Unspecified,EMH PSYCHIATRY,Psychiatry,,53593,55025012700.0
5643,1500 SW 10th Ave,Topeka,SHAWNEE,JOINT CENTER,*Unspecified,,66604,20177003603.0
5644,1500 SW 10th Ave,Topeka,SHAWNEE,JOINT CENTER,*Unspecified,,66604,20177003603.0
5645,1500 SW 10th Ave,Topeka,SHAWNEE,JOINT CENTER,*Unspecified,,66604,20177003603.0
5646,1500 SW 10th Ave,Topeka,SHAWNEE,JOINT CENTER,*Unspecified,,66604,20177003603.0
5647,1500 SW 10th Ave,Topeka,SHAWNEE,JOINT CENTER,*Unspecified,,66604,20177003603.0
5648,1500 SW 10th Ave,Topeka,SHAWNEE,JOINT CENTER,*Unspecified,,66604,20177003603.0
5649,1500 SW 10th Ave,Topeka,SHAWNEE,JOINT CENTER,*Unspecified,,66604,20177003603.0
5650,1500 SW 10th Ave,Topeka,SHAWNEE,SPINE CENTER,*Unspecified,,66604,20177003603.0
5651,1500 SW 10th Ave,Topeka,SHAWNEE,SPINE CENTER,*Unspecified,,66604,20177003603.0
5652,1500 SW 10th Ave,Topeka,SHAWNEE,SPINE CENTER,*Unspecified,,66604,20177003603.0
5653,1979 Milky Way,VERONA,*Unspecified,EMH PSYCHIATRY,Psychiatry,,53593,55025012700.0
5654,1500 SW 10th Ave,Topeka,SHAWNEE,SPINE CENTER,*Unspecified,,66604,20177003603.0
5655,1500 SW 10th Ave,Topeka,SHAWNEE,SPINE CENTER,*Unspecified,,66604,20177003603.0
5656,1500 SW 10th Ave,Topeka,SHAWNEE,SPINE CENTER,*Unspecified,,66604,20177003603.0
5657,1500 SW 10th Ave,Topeka,SHAWNEE,SPINE CENTER,*Unspecified,,66604,20177003603.0
5658,1500 SW 10th Ave,Topeka,SHAWNEE,SPINE CENTER,*Unspecified,,66604,20177003603.0
5659,1500 SW 10th Ave,Topeka,SHAWNEE,SPINE CENTER,*Unspecified,,66604,20177003603.0
5660,1500 SW 10th Ave,Topeka,SHAWNEE,SPINE CENTER,*Unspecified,,66604,20177003603.0
5661,1500 SW 10th Ave,Topeka,SHAWNEE,SPINE CENTER,*Unspecified,,66604,20177003603.0
5662,1500 SW 10th Ave,Topeka,SHAWNEE,SPINE CENTER,*Unspecified,,66604,20177003603.0
5663,1500 SW 10th Ave,Topeka,SHAWNEE,SPINE CENTER,*Unspecified,,66604,20177003603.0
5664,1979 Milky Way,VERONA,*Unspecified,EMH PHYS MED & REHAB,Physical Medicine and Rehabilitation,HOD,53593,55025012700.0
5665,1500 SW 10th Ave,Topeka,SHAWNEE,SPINE CENTER,*Unspecified,,66604,20177003603.0
5666,1500 SW 10th Ave,Topeka,SHAWNEE,BIRTHPLACE,Obstetrics,L&D,66604,20177003603.0
5667,1500 SW 10th Ave,Topeka,SHAWNEE,BIRTHPLACE,Obstetrics,L&D,66604,20177003603.0
5668,1500 SW 10th Ave,Topeka,SHAWNEE,BIRTHPLACE,Obstetrics,L&D,66604,20177003603.0
5669,1500 SW 10th Ave,Topeka,SHAWNEE,BIRTHPLACE,Obstetrics,L&D,66604,20177003603.0
5670,1500 SW 10th Ave,Topeka,SHAWNEE,BIRTHPLACE,Obstetrics,L&D,66604,20177003603.0
5671,1500 SW 10th Ave,Topeka,SHAWNEE,BIRTHPLACE,Obstetrics,L&D,66604,20177003603.0
5672,1500 SW 10th Ave,Topeka,SHAWNEE,BIRTHPLACE,Obstetrics,L&D,66604,20177003603.0
5673,1500 SW 10th Ave,Topeka,SHAWNEE,BIRTHPLACE,Obstetrics,L&D,66604,20177003603.0
5674,1500 SW 10th Ave,Topeka,SHAWNEE,BIRTHPLACE,Obstetrics,L&D,66604,20177003603.0
5675,1979 Milky Way,VERONA,*Unspecified,EMH PHYS MED & REHAB,Physical Medicine and Rehabilitation,HOD,53593,55025012700.0
5676,1500 SW 10th Ave,Topeka,SHAWNEE,BIRTHPLACE,Obstetrics,L&D,66604,20177003603.0
5677,1500 SW 10th Ave,Topeka,SHAWNEE,BIRTHPLACE,Obstetrics,L&D,66604,20177003603.0
5678,1500 SW 10th Ave,Topeka,SHAWNEE,BIRTHPLACE,Obstetrics,L&D,66604,20177003603.0
5679,1500 SW 10th Ave,Topeka,SHAWNEE,BIRTHPLACE,Obstetrics,L&D,66604,20177003603.0
5680,1500 SW 10th Ave,Topeka,SHAWNEE,BIRTHPLACE,Obstetrics,L&D,66604,20177003603.0
5681,1500 SW 10th Ave,Topeka,SHAWNEE,BIRTHPLACE,Obstetrics,L&D,66604,20177003603.0
5682,1500 SW 10th Ave,Topeka,SHAWNEE,BIRTHPLACE,Obstetrics,L&D,66604,20177003603.0
5683,1500 SW 10th Ave,Topeka,SHAWNEE,BIRTHPLACE,Obstetrics,L&D,66604,20177003603.0
5684,1500 SW 10th Ave,Topeka,SHAWNEE,BIRTHPLACE,Obstetrics,L&D,66604,20177003603.0
5685,1500 SW 10th Ave,Topeka,SHAWNEE,BIRTHPLACE,Obstetrics,L&D,66604,20177003603.0
5686,1979 Milky Way,VERONA,*Unspecified,EMH PHYS MED & REHAB,Physical Medicine and Rehabilitation,HOD,53593,55025012700.0
5687,1500 SW 10th Ave,Topeka,SHAWNEE,BIRTHPLACE,Obstetrics,L&D,66604,20177003603.0
5688,1500 SW 10th Ave,Topeka,SHAWNEE,BIRTHPLACE,Obstetrics,L&D,66604,20177003603.0
5689,1500 SW 10th Ave,Topeka,SHAWNEE,BIRTHPLACE,Obstetrics,L&D,66604,20177003603.0
5690,1500 SW 10th Ave,Topeka,SHAWNEE,BIRTHPLACE,Obstetrics,L&D,66604,20177003603.0
5691,1500 SW 10th Ave,Topeka,SHAWNEE,BIRTHPLACE,Obstetrics,L&D,66604,20177003603.0
5692,1500 SW 10th Ave,Topeka,SHAWNEE,BIRTHPLACE,Obstetrics,L&D,66604,20177003603.0
5693,1500 SW 10th Ave,Topeka,SHAWNEE,BIRTHPLACE,Obstetrics,L&D,66604,20177003603.0
5694,1500 SW 10th Ave,Topeka,SHAWNEE,BIRTHPLACE,Obstetrics,L&D,66604,20177003603.0
5695,1500 SW 10th Ave,Topeka,SHAWNEE,BIRTHPLACE,Obstetrics,L&D,66604,20177003603.0
5696,1500 SW 10th Ave,Topeka,SHAWNEE,BIRTHPLACE,Obstetrics,L&D,66604,20177003603.0
5697,1979 Milky Way,VERONA,*Unspecified,EMH PHYS MED & REHAB,Physical Medicine and Rehabilitation,HOD,53593,55025012700.0
5698,1500 SW 10th Ave,Topeka,SHAWNEE,BIRTHPLACE,Obstetrics,L&D,66604,20177003603.0
5699,1500 SW 10th Ave,Topeka,SHAWNEE,BIRTHPLACE,Obstetrics,L&D,66604,20177003603.0
5700,1500 SW 10th Ave,Topeka,SHAWNEE,BIRTHPLACE,Obstetrics,L&D,66604,20177003603.0
5701,1500 SW 10th Ave,Topeka,SHAWNEE,BIRTHPLACE,Obstetrics,L&D,66604,20177003603.0
5702,1500 SW 10th Ave,Topeka,SHAWNEE,BIRTHPLACE,Obstetrics,L&D,66604,20177003603.0
5703,1500 SW 10th Ave,Topeka,SHAWNEE,BIRTHPLACE,Obstetrics,L&D,66604,20177003603.0
5704,1500 SW 10th Ave,Topeka,SHAWNEE,BIRTHPLACE,Obstetrics,L&D,66604,20177003603.0
5705,1500 SW 10th Ave,Topeka,SHAWNEE,BIRTHPLACE,Obstetrics,L&D,66604,20177003603.0
5706,1500 SW 10th Ave,Topeka,SHAWNEE,POST-SURGICAL-4WEST,*Unspecified,,66604,20177003603.0
5707,1500 SW 10th Ave,Topeka,SHAWNEE,POST-SURGICAL-4WEST,*Unspecified,,66604,20177003603.0
5708,1979 Milky Way,VERONA,*Unspecified,EMH PHYS MED & REHAB,Physical Medicine and Rehabilitation,HOD,53593,55025012700.0
5709,1500 SW 10th Ave,Topeka,SHAWNEE,POST-SURGICAL-4WEST,*Unspecified,,66604,20177003603.0
5710,1500 SW 10th Ave,Topeka,SHAWNEE,POST-SURGICAL-4WEST,*Unspecified,,66604,20177003603.0
5711,1500 SW 10th Ave,Topeka,SHAWNEE,POST-SURGICAL-4WEST,*Unspecified,,66604,20177003603.0
5712,1500 SW 10th Ave,Topeka,SHAWNEE,POST-SURGICAL-4WEST,*Unspecified,,66604,20177003603.0
5713,1500 SW 10th Ave,Topeka,SHAWNEE,POST-SURGICAL-4WEST,*Unspecified,,66604,20177003603.0
5714,1500 SW 10th Ave,Topeka,SHAWNEE,POST-SURGICAL-4WEST,*Unspecified,,66604,20177003603.0
5715,1500 SW 10th Ave,Topeka,SHAWNEE,POST-SURGICAL-4WEST,*Unspecified,,66604,20177003603.0
5716,1500 SW 10th Ave,Topeka,SHAWNEE,POST-SURGICAL-4WEST,*Unspecified,,66604,20177003603.0
5717,1500 SW 10th Ave,Topeka,SHAWNEE,POST-SURGICAL-4WEST,*Unspecified,,66604,20177003603.0
5718,1500 SW 10th Ave,Topeka,SHAWNEE,POST-SURGICAL-4WEST,*Unspecified,,66604,20177003603.0
5719,1979 Milky Way,VERONA,*Unspecified,EMH PEDIATRICS,Pediatrics,,53593,55025012700.0
5720,1500 SW 10th Ave,Topeka,SHAWNEE,POST-SURGICAL-4WEST,*Unspecified,,66604,20177003603.0
5721,1500 SW 10th Ave,Topeka,SHAWNEE,POST-SURGICAL-4WEST,*Unspecified,,66604,20177003603.0
5722,1500 SW 10th Ave,Topeka,SHAWNEE,NURSERY,*Unspecified,L&D,66604,20177003603.0
5723,1500 SW 10th Ave,Topeka,SHAWNEE,NURSERY,*Unspecified,L&D,66604,20177003603.0
5724,1500 SW 10th Ave,Topeka,SHAWNEE,PEDIATRICS,Pediatrics,HOD,66604,20177003603.0
5725,1500 SW 10th Ave,Topeka,SHAWNEE,PEDIATRICS,Pediatrics,HOD,66604,20177003603.0
5726,1500 SW 10th Ave,Topeka,SHAWNEE,PEDIATRICS,Pediatrics,HOD,66604,20177003603.0
5727,1500 SW 10th Ave,Topeka,SHAWNEE,PEDIATRICS,Pediatrics,HOD,66604,20177003603.0
5728,1500 SW 10th Ave,Topeka,SHAWNEE,PEDIATRICS,Pediatrics,HOD,66604,20177003603.0
5729,1500 SW 10th Ave,Topeka,SHAWNEE,PEDIATRICS,Pediatrics,HOD,66604,20177003603.0
5730,1979 Milky Way,VERONA,*Unspecified,EMH PEDIATRICS,Pediatrics,,53593,55025012700.0
5731,1500 SW 10th Ave,Topeka,SHAWNEE,PEDIATRICS,Pediatrics,HOD,66604,20177003603.0
5732,1500 SW 10th Ave,Topeka,SHAWNEE,PEDIATRICS,Pediatrics,HOD,66604,20177003603.0
5733,1500 SW 10th Ave,Topeka,SHAWNEE,PEDIATRICS,Pediatrics,HOD,66604,20177003603.0
5734,1500 SW 10th Ave,Topeka,SHAWNEE,PEDIATRICS,Pediatrics,HOD,66604,20177003603.0
5735,1500 SW 10th Ave,Topeka,SHAWNEE,PEDIATRICS,Pediatrics,HOD,66604,20177003603.0
5736,1500 SW 10th Ave,Topeka,SHAWNEE,PEDIATRICS,Pediatrics,HOD,66604,20177003603.0
5737,1500 SW 10th Ave,Topeka,SHAWNEE,PEDIATRICS,Pediatrics,HOD,66604,20177003603.0
5738,1500 SW 10th Ave,Topeka,SHAWNEE,PEDIATRICS,Pediatrics,HOD,66604,20177003603.0
5739,1500 SW 10th Ave,Topeka,SHAWNEE,PEDIATRICS,Pediatrics,HOD,66604,20177003603.0
5740,1500 SW 10th Ave,Topeka,SHAWNEE,PEDIATRICS,Pediatrics,HOD,66604,20177003603.0
5741,1979 Milky Way,VERONA,*Unspecified,EMH PEDIATRICS,Pediatrics,,53593,55025012700.0
5742,1500 SW 10th Ave,Topeka,SHAWNEE,PICU,*Unspecified,ICU,66604,20177003603.0
5743,1500 SW 10th Ave,Topeka,SHAWNEE,PICU,*Unspecified,ICU,66604,20177003603.0
5744,1500 SW 10th Ave,Topeka,SHAWNEE,PICU,*Unspecified,ICU,66604,20177003603.0
5745,1500 SW 10th Ave,Topeka,SHAWNEE,PICU,*Unspecified,ICU,66604,20177003603.0
5746,1500 SW 10th Ave,Topeka,SHAWNEE,PICU,*Unspecified,ICU,66604,20177003603.0
5747,1500 SW 10th Ave,Topeka,SHAWNEE,PICU,*Unspecified,ICU,66604,20177003603.0
5748,1500 SW 10th Ave,Topeka,SHAWNEE,YOUNG ADULT CENTER,*Unspecified,,66604,20177003603.0
5749,1500 SW 10th Ave,Topeka,SHAWNEE,YOUNG ADULT CENTER,*Unspecified,,66604,20177003603.0
5750,1500 SW 10th Ave,Topeka,SHAWNEE,YOUNG ADULT CENTER,*Unspecified,,66604,20177003603.0
5751,1500 SW 10th Ave,Topeka,SHAWNEE,YOUNG ADULT CENTER,*Unspecified,,66604,20177003603.0
5752,1979 Milky Way,VERONA,*Unspecified,EMH PEDIATRICS,Pediatrics,,53593,55025012700.0
5753,1500 SW 10th Ave,Topeka,SHAWNEE,YOUNG ADULT CENTER,*Unspecified,,66604,20177003603.0
5754,1500 SW 10th Ave,Topeka,SHAWNEE,YOUNG ADULT CENTER,*Unspecified,,66604,20177003603.0
5755,1500 SW 10th Ave,Topeka,SHAWNEE,YOUNG ADULT CENTER,*Unspecified,,66604,20177003603.0
5756,1500 SW 10th Ave,Topeka,SHAWNEE,YOUNG ADULT CENTER,*Unspecified,,66604,20177003603.0
5757,1500 SW 10th Ave,Topeka,SHAWNEE,5 NORTH,*Unspecified,,66604,20177003603.0
5758,1500 SW 10th Ave,Topeka,SHAWNEE,5 NORTH,*Unspecified,,66604,20177003603.0
5759,1500 SW 10th Ave,Topeka,SHAWNEE,5 NORTH,*Unspecified,,66604,20177003603.0
5760,1500 SW 10th Ave,Topeka,SHAWNEE,5 NORTH,*Unspecified,,66604,20177003603.0
5761,1500 SW 10th Ave,Topeka,SHAWNEE,5 NORTH,*Unspecified,,66604,20177003603.0
5762,1500 SW 10th Ave,Topeka,SHAWNEE,5 NORTH,*Unspecified,,66604,20177003603.0
5763,1979 Milky Way,VERONA,*Unspecified,EMH PEDIATRICS,Pediatrics,,53593,55025012700.0
5764,1500 SW 10th Ave,Topeka,SHAWNEE,5 NORTH,*Unspecified,,66604,20177003603.0
5765,1500 SW 10th Ave,Topeka,SHAWNEE,5 NORTH,*Unspecified,,66604,20177003603.0
5766,1500 SW 10th Ave,Topeka,SHAWNEE,5 NORTH,*Unspecified,,66604,20177003603.0
5767,1500 SW 10th Ave,Topeka,SHAWNEE,5 NORTH,*Unspecified,,66604,20177003603.0
5768,1500 SW 10th Ave,Topeka,SHAWNEE,5 NORTH,*Unspecified,,66604,20177003603.0
5769,1500 SW 10th Ave,Topeka,SHAWNEE,5 NORTH,*Unspecified,,66604,20177003603.0
5770,1500 SW 10th Ave,Topeka,SHAWNEE,5 NORTH,*Unspecified,,66604,20177003603.0
5771,1500 SW 10th Ave,Topeka,SHAWNEE,5 NORTH,*Unspecified,,66604,20177003603.0
5772,1500 SW 10th Ave,Topeka,SHAWNEE,5 NORTH,*Unspecified,,66604,20177003603.0
5773,1500 SW 10th Ave,Topeka,SHAWNEE,5 NORTH,*Unspecified,,66604,20177003603.0
5774,1979 Milky Way,VERONA,*Unspecified,EMH ANTEPARTUM,Obstetrics,L&D,53593,55025012700.0
5775,1500 SW 10th Ave,Topeka,SHAWNEE,5 NORTH,*Unspecified,,66604,20177003603.0
5776,1500 SW 10th Ave,Topeka,SHAWNEE,5 NORTH,*Unspecified,,66604,20177003603.0
5777,1500 SW 10th Ave,Topeka,SHAWNEE,5 NORTH,*Unspecified,,66604,20177003603.0
5778,1500 SW 10th Ave,Topeka,SHAWNEE,5 NORTH,*Unspecified,,66604,20177003603.0
5779,1500 SW 10th Ave,Topeka,SHAWNEE,5 NORTH,*Unspecified,,66604,20177003603.0
5780,1500 SW 10th Ave,Topeka,SHAWNEE,5 NORTH,*Unspecified,,66604,20177003603.0
5781,1500 SW 10th Ave,Topeka,SHAWNEE,5 NORTH,*Unspecified,,66604,20177003603.0
5782,1500 SW 10th Ave,Topeka,SHAWNEE,5 NORTH,*Unspecified,,66604,20177003603.0
5783,1500 SW 10th Ave,Topeka,SHAWNEE,5 NORTH,*Unspecified,,66604,20177003603.0
5784,1500 SW 10th Ave,Topeka,SHAWNEE,5 NORTH,*Unspecified,,66604,20177003603.0
5785,1979 Milky Way,VERONA,*Unspecified,EMH ANTEPARTUM,Obstetrics,L&D,53593,55025012700.0
5786,1500 SW 10th Ave,Topeka,SHAWNEE,5 NORTH,*Unspecified,,66604,20177003603.0
5787,1500 SW 10th Ave,Topeka,SHAWNEE,5 NORTH,*Unspecified,,66604,20177003603.0
5788,1500 SW 10th Ave,Topeka,SHAWNEE,5 NORTH,*Unspecified,,66604,20177003603.0
5789,1500 SW 10th Ave,Topeka,SHAWNEE,5 NORTH,*Unspecified,,66604,20177003603.0
5790,1500 SW 10th Ave,Topeka,SHAWNEE,5 NORTH,*Unspecified,,66604,20177003603.0
5791,1500 SW 10th Ave,Topeka,SHAWNEE,5 NORTH,*Unspecified,,66604,20177003603.0
5792,1500 SW 10th Ave,Topeka,SHAWNEE,6 NORTH,*Unspecified,,66604,20177003603.0
5793,1500 SW 10th Ave,Topeka,SHAWNEE,6 NORTH,*Unspecified,,66604,20177003603.0
5794,1500 SW 10th Ave,Topeka,SHAWNEE,6 NORTH,*Unspecified,,66604,20177003603.0
5795,1500 SW 10th Ave,Topeka,SHAWNEE,6 NORTH,*Unspecified,,66604,20177003603.0
5796,1979 Milky Way,VERONA,*Unspecified,EMH ANTEPARTUM,Obstetrics,L&D,53593,55025012700.0
5797,1500 SW 10th Ave,Topeka,SHAWNEE,6 NORTH,*Unspecified,,66604,20177003603.0
5798,1500 SW 10th Ave,Topeka,SHAWNEE,6 NORTH,*Unspecified,,66604,20177003603.0
5799,1500 SW 10th Ave,Topeka,SHAWNEE,6 NORTH,*Unspecified,,66604,20177003603.0
5800,1500 SW 10th Ave,Topeka,SHAWNEE,6 NORTH,*Unspecified,,66604,20177003603.0
5801,1500 SW 10th Ave,Topeka,SHAWNEE,6 NORTH,*Unspecified,,66604,20177003603.0
5802,1500 SW 10th Ave,Topeka,SHAWNEE,6 NORTH,*Unspecified,,66604,20177003603.0
5803,1500 SW 10th Ave,Topeka,SHAWNEE,6 NORTH,*Unspecified,,66604,20177003603.0
5804,1500 SW 10th Ave,Topeka,SHAWNEE,6 NORTH,*Unspecified,,66604,20177003603.0
5805,1500 SW 10th Ave,Topeka,SHAWNEE,6 NORTH,*Unspecified,,66604,20177003603.0
5806,1500 SW 10th Ave,Topeka,SHAWNEE,6 NORTH,*Unspecified,,66604,20177003603.0
5807,1979 Milky Way,VERONA,*Unspecified,EMH ANTEPARTUM,Obstetrics,L&D,53593,55025012700.0
5808,1500 SW 10th Ave,Topeka,SHAWNEE,6 NORTH,*Unspecified,,66604,20177003603.0
5809,1500 SW 10th Ave,Topeka,SHAWNEE,6 NORTH,*Unspecified,,66604,20177003603.0
5810,1500 SW 10th Ave,Topeka,SHAWNEE,6 NORTH,*Unspecified,,66604,20177003603.0
5811,1500 SW 10th Ave,Topeka,SHAWNEE,6 NORTH,*Unspecified,,66604,20177003603.0
5812,1500 SW 10th Ave,Topeka,SHAWNEE,6 NORTH,*Unspecified,,66604,20177003603.0
5813,1500 SW 10th Ave,Topeka,SHAWNEE,6 NORTH,*Unspecified,,66604,20177003603.0
5814,1500 SW 10th Ave,Topeka,SHAWNEE,6 NORTH,*Unspecified,,66604,20177003603.0
5815,1500 SW 10th Ave,Topeka,SHAWNEE,6 NORTH,*Unspecified,,66604,20177003603.0
5816,1500 SW 10th Ave,Topeka,SHAWNEE,6 NORTH,*Unspecified,,66604,20177003603.0
5817,1500 SW 10th Ave,Topeka,SHAWNEE,6 NORTH,*Unspecified,,66604,20177003603.0
5818,1979 Milky Way,VERONA,*Unspecified,EMH ANTEPARTUM,Obstetrics,L&D,53593,55025012700.0
5819,1500 SW 10th Ave,Topeka,SHAWNEE,6 NORTH,*Unspecified,,66604,20177003603.0
5820,1500 SW 10th Ave,Topeka,SHAWNEE,6 NORTH,*Unspecified,,66604,20177003603.0
5821,1500 SW 10th Ave,Topeka,SHAWNEE,6 NORTH,*Unspecified,,66604,20177003603.0
5822,1500 SW 10th Ave,Topeka,SHAWNEE,6 NORTH,*Unspecified,,66604,20177003603.0
5823,1500 SW 10th Ave,Topeka,SHAWNEE,6 NORTH,*Unspecified,,66604,20177003603.0
5824,1500 SW 10th Ave,Topeka,SHAWNEE,6 NORTH,*Unspecified,,66604,20177003603.0
5825,1500 SW 10th Ave,Topeka,SHAWNEE,6 NORTH,*Unspecified,,66604,20177003603.0
5826,1500 SW 10th Ave,Topeka,SHAWNEE,6 NORTH,*Unspecified,,66604,20177003603.0
5827,1500 SW 10th Ave,Topeka,SHAWNEE,6 NORTH,*Unspecified,,66604,20177003603.0
5828,1500 SW 10th Ave 340B00935100SV,Topeka,SHAWNEE,GERIPSYCH-6EAST,*Unspecified,,66604,20177003603.0
5829,1979 Milky Way,VERONA,*Unspecified,EMH LABOR & DELIVERY,Obstetrics and Gynecology,L&D,53593,55025012700.0
5830,1500 SW 10th Ave 340B00935100SV,Topeka,SHAWNEE,GERIPSYCH-6EAST,*Unspecified,,66604,20177003603.0
5831,1500 SW 10th Ave 340B00935100SV,Topeka,SHAWNEE,GERIPSYCH-6EAST,*Unspecified,,66604,20177003603.0
5832,1500 SW 10th Ave 340B00935100SV,Topeka,SHAWNEE,GERIPSYCH-6EAST,*Unspecified,,66604,20177003603.0
5833,1500 SW 10th Ave 340B00935100SV,Topeka,SHAWNEE,GERIPSYCH-6EAST,*Unspecified,,66604,20177003603.0
5834,1500 SW 10th Ave 340B00935100SV,Topeka,SHAWNEE,GERIPSYCH-6EAST,*Unspecified,,66604,20177003603.0
5835,1500 SW 10th Ave 340B00935100SV,Topeka,SHAWNEE,GERIPSYCH-6EAST,*Unspecified,,66604,20177003603.0
5836,1500 SW 10th Ave 340B00935100SV,Topeka,SHAWNEE,GERIPSYCH-6EAST,*Unspecified,,66604,20177003603.0
5837,1500 SW 10th Ave 340B00935100SV,Topeka,SHAWNEE,GERIPSYCH-6EAST,*Unspecified,,66604,20177003603.0
5838,1500 SW 10th Ave 340B00935100SV,Topeka,SHAWNEE,GERIPSYCH-6EAST,*Unspecified,,66604,20177003603.0
5839,1500 SW 10th Ave 340B00935100SV,Topeka,SHAWNEE,GERIPSYCH-6EAST,*Unspecified,,66604,20177003603.0
5840,1979 Milky Way,VERONA,*Unspecified,EMH LABOR & DELIVERY,Obstetrics and Gynecology,L&D,53593,55025012700.0
5841,1500 SW 10th Ave 340B00935100SV,Topeka,SHAWNEE,GERIPSYCH-6EAST,*Unspecified,,66604,20177003603.0
5842,1500 SW 10th Ave 340B00935100SV,Topeka,SHAWNEE,GERIPSYCH-6EAST,*Unspecified,,66604,20177003603.0
5843,1500 SW 10th Ave 340B00935100SV,Topeka,SHAWNEE,GERIPSYCH-6EAST,*Unspecified,,66604,20177003603.0
5844,1500 SW 10th Ave 340B00935100SV,Topeka,SHAWNEE,GERIPSYCH-6EAST,*Unspecified,,66604,20177003603.0
5845,1500 SW 10th Ave 340B00935100SV,Topeka,SHAWNEE,GERIPSYCH-6EAST,*Unspecified,,66604,20177003603.0
5846,1500 SW 10th Ave 340B00935100SV,Topeka,SHAWNEE,GERO-PSYCH-6WEST,*Unspecified,,66604,20177003603.0
5847,1500 SW 10th Ave 340B00935100SV,Topeka,SHAWNEE,GERO-PSYCH-6WEST,*Unspecified,,66604,20177003603.0
5848,1500 SW 10th Ave 340B00935100SV,Topeka,SHAWNEE,GERO-PSYCH-6WEST,*Unspecified,,66604,20177003603.0
5849,1500 SW 10th Ave 340B00935100SV,Topeka,SHAWNEE,GERO-PSYCH-6WEST,*Unspecified,,66604,20177003603.0
5850,1500 SW 10th Ave 340B00935100SV,Topeka,SHAWNEE,GERO-PSYCH-6WEST,*Unspecified,,66604,20177003603.0
5851,1979 Milky Way,VERONA,*Unspecified,EMH LABOR & DELIVERY,Obstetrics and Gynecology,L&D,53593,55025012700.0
5852,1500 SW 10th Ave 340B00935100SV,Topeka,SHAWNEE,GERO-PSYCH-6WEST,*Unspecified,,66604,20177003603.0
5853,1500 SW 10th Ave 340B00935100SV,Topeka,SHAWNEE,GERO-PSYCH-6WEST,*Unspecified,,66604,20177003603.0
5854,1500 SW 10th Ave 340B00935100SV,Topeka,SHAWNEE,GERO-PSYCH-6WEST,*Unspecified,,66604,20177003603.0
5855,1500 SW 10th Ave 340B00935100SV,Topeka,SHAWNEE,GERO-PSYCH-6WEST,*Unspecified,,66604,20177003603.0
5856,1500 SW 10th Ave 340B00935100SV,Topeka,SHAWNEE,GERO-PSYCH-6WEST,*Unspecified,,66604,20177003603.0
5857,1500 SW 10th Ave 340B00935100SV,Topeka,SHAWNEE,GERO-PSYCH-6WEST,*Unspecified,,66604,20177003603.0
5858,1500 SW 10th Ave 340B00935100SV,Topeka,SHAWNEE,GERO-PSYCH-6WEST,*Unspecified,,66604,20177003603.0
5859,1500 SW 10th Ave 340B00935100SV,Topeka,SHAWNEE,GERO-PSYCH-6WEST,*Unspecified,,66604,20177003603.0
5860,1500 SW 10th Ave 340B00935100SV,Topeka,SHAWNEE,GERO-PSYCH-6WEST,*Unspecified,,66604,20177003603.0
5861,1500 SW 10th Ave,Topeka,SHAWNEE,POST-SURGICAL-7 SOUTH,*Unspecified,,66604,20177003603.0
5862,1979 Milky Way,VERONA,*Unspecified,EMH PRE-PROCEDURE,*Unspecified,OR,53593,55025012700.0
5863,1979 Milky Way,VERONA,*Unspecified,EMH LABOR & DELIVERY,Obstetrics and Gynecology,L&D,53593,55025012700.0
5864,1414 SW 8th Ave,Topeka,SHAWNEE,INFUSION CENTER,Infusion Therapy,HOD,66606,20177000500.0
5865,1414 SW 8th Ave,Topeka,SHAWNEE,INFUSION CENTER,Infusion Therapy,HOD,66606,20177000500.0
5866,1414 SW 8th Ave,Topeka,SHAWNEE,INFUSION CENTER,Infusion Therapy,HOD,66606,20177000500.0
5867,1414 SW 8th Ave,Topeka,SHAWNEE,INFUSION CENTER,Infusion Therapy,HOD,66606,20177000500.0
5868,1414 SW 8th Ave,Topeka,SHAWNEE,INFUSION CENTER,Infusion Therapy,HOD,66606,20177000500.0
5869,1414 SW 8th Ave,Topeka,SHAWNEE,INFUSION CENTER,Infusion Therapy,HOD,66606,20177000500.0
5870,1414 SW 8th Ave,Topeka,SHAWNEE,INFUSION CENTER,Infusion Therapy,HOD,66606,20177000500.0
5871,1414 SW 8th Ave,Topeka,SHAWNEE,INFUSION CENTER,Infusion Therapy,HOD,66606,20177000500.0
5872,1500 SW 10th Ave,Topeka,SHAWNEE,POST-SURGICAL-7 SOUTH,*Unspecified,,66604,20177003603.0
5873,1500 SW 10th Ave,Topeka,SHAWNEE,POST-SURGICAL-7 SOUTH,*Unspecified,,66604,20177003603.0
5874,1979 Milky Way,VERONA,*Unspecified,EMH LABOR & DELIVERY,Obstetrics and Gynecology,L&D,53593,55025012700.0
5875,1500 SW 10th Ave,Topeka,SHAWNEE,POST-SURGICAL-7 SOUTH,*Unspecified,,66604,20177003603.0
5876,1500 SW 10th Ave,Topeka,SHAWNEE,POST-SURGICAL-7 SOUTH,*Unspecified,,66604,20177003603.0
5877,1500 SW 10th Ave,Topeka,SHAWNEE,POST-SURGICAL-7 SOUTH,*Unspecified,,66604,20177003603.0
5878,1500 SW 10th Ave,Topeka,SHAWNEE,POST-SURGICAL-7 SOUTH,*Unspecified,,66604,20177003603.0
5879,1500 SW 10th Ave,Topeka,SHAWNEE,POST-SURGICAL-7 SOUTH,*Unspecified,,66604,20177003603.0
5880,1500 SW 10th Ave,Topeka,SHAWNEE,POST-SURGICAL-7 SOUTH,*Unspecified,,66604,20177003603.0
5881,1500 SW 10th Ave,Topeka,SHAWNEE,POST-SURGICAL-7 SOUTH,*Unspecified,,66604,20177003603.0
5882,1500 SW 10th Ave,Topeka,SHAWNEE,POST-SURGICAL-7 SOUTH,*Unspecified,,66604,20177003603.0
5883,1500 SW 10th Ave,Topeka,SHAWNEE,POST-SURGICAL-7 SOUTH,*Unspecified,,66604,20177003603.0
5884,1500 SW 10th Ave,Topeka,SHAWNEE,POST-SURGICAL-7 SOUTH,*Unspecified,,66604,20177003603.0
5885,1979 Milky Way,VERONA,*Unspecified,EMH POSTPARTUM,*Unspecified,L&D,53593,55025012700.0
5886,1500 SW 10th Ave,Topeka,SHAWNEE,POST-SURGICAL-7 SOUTH,*Unspecified,,66604,20177003603.0
5887,1500 SW 10th Ave,Topeka,SHAWNEE,7 NORTH,*Unspecified,,66604,20177003603.0
5888,1500 SW 10th Ave,Topeka,SHAWNEE,7 NORTH,*Unspecified,,66604,20177003603.0
5889,1500 SW 10th Ave,Topeka,SHAWNEE,7 NORTH,*Unspecified,,66604,20177003603.0
5890,1500 SW 10th Ave,Topeka,SHAWNEE,7 NORTH,*Unspecified,,66604,20177003603.0
5891,1500 SW 10th Ave,Topeka,SHAWNEE,7 NORTH,*Unspecified,,66604,20177003603.0
5892,1500 SW 10th Ave,Topeka,SHAWNEE,7 NORTH,*Unspecified,,66604,20177003603.0
5893,1500 SW 10th Ave,Topeka,SHAWNEE,7 NORTH,*Unspecified,,66604,20177003603.0
5894,1500 SW 10th Ave,Topeka,SHAWNEE,7 NORTH,*Unspecified,,66604,20177003603.0
5895,1500 SW 10th Ave,Topeka,SHAWNEE,7 NORTH,*Unspecified,,66604,20177003603.0
5896,1979 Milky Way,VERONA,*Unspecified,EMH POSTPARTUM,*Unspecified,L&D,53593,55025012700.0
5897,1500 SW 10th Ave,Topeka,SHAWNEE,7 NORTH,*Unspecified,,66604,20177003603.0
5898,1500 SW 10th Ave,Topeka,SHAWNEE,7 NORTH,*Unspecified,,66604,20177003603.0
5899,1500 SW 10th Ave,Topeka,SHAWNEE,7 NORTH,*Unspecified,,66604,20177003603.0
5900,1500 SW 10th Ave,Topeka,SHAWNEE,7 NORTH,*Unspecified,,66604,20177003603.0
5901,1500 SW 10th Ave,Topeka,SHAWNEE,7 NORTH,*Unspecified,,66604,20177003603.0
5902,1500 SW 10th Ave,Topeka,SHAWNEE,7 NORTH,*Unspecified,,66604,20177003603.0
5903,1500 SW 10th Ave,Topeka,SHAWNEE,7 NORTH,*Unspecified,,66604,20177003603.0
5904,1500 SW 10th Ave,Topeka,SHAWNEE,7 NORTH,*Unspecified,,66604,20177003603.0
5905,1500 SW 10th Ave,Topeka,SHAWNEE,7 NORTH,*Unspecified,,66604,20177003603.0
5906,1500 SW 10th Ave,Topeka,SHAWNEE,7 NORTH,*Unspecified,,66604,20177003603.0
5907,1979 Milky Way,VERONA,*Unspecified,EMH POSTPARTUM,*Unspecified,L&D,53593,55025012700.0
5908,1500 SW 10th Ave,Topeka,SHAWNEE,7 NORTH,*Unspecified,,66604,20177003603.0
5909,1500 SW 10th Ave,Topeka,SHAWNEE,7 NORTH,*Unspecified,,66604,20177003603.0
5910,1500 SW 10th Ave,Topeka,SHAWNEE,7 NORTH,*Unspecified,,66604,20177003603.0
5911,1500 SW 10th Ave,Topeka,SHAWNEE,7 NORTH,*Unspecified,,66604,20177003603.0
5912,1500 SW 10th Ave,Topeka,SHAWNEE,7 NORTH,*Unspecified,,66604,20177003603.0
5913,1500 SW 10th Ave,Topeka,SHAWNEE,7 NORTH,*Unspecified,,66604,20177003603.0
5914,1500 SW 10th Ave,Topeka,SHAWNEE,7 NORTH,*Unspecified,,66604,20177003603.0
5915,1500 SW 10th Ave,Topeka,SHAWNEE,7 NORTH,*Unspecified,,66604,20177003603.0
5916,1500 SW 10th Ave,Topeka,SHAWNEE,7 NORTH,*Unspecified,,66604,20177003603.0
5917,1500 SW 10th Ave,Topeka,SHAWNEE,7 NORTH,*Unspecified,,66604,20177003603.0
5918,1979 Milky Way,VERONA,*Unspecified,EMH POSTPARTUM,*Unspecified,L&D,53593,55025012700.0
5919,1500 SW 10th Ave,Topeka,SHAWNEE,7 NORTH,*Unspecified,,66604,20177003603.0
5920,1500 SW 10th Ave,Topeka,SHAWNEE,7 NORTH,*Unspecified,,66604,20177003603.0
5921,1500 SW 10th Ave,Topeka,SHAWNEE,7 NORTH,*Unspecified,,66604,20177003603.0
5922,1500 SW 10th Ave,Topeka,SHAWNEE,7 NORTH,*Unspecified,,66604,20177003603.0
5923,1500 SW 10th Ave 340B00935100SV,Topeka,SHAWNEE,OP OBSERV UNIT,*Unspecified,,66604,20177003603.0
5924,1500 SW 10th Ave 340B00935100SV,Topeka,SHAWNEE,OP OBSERV UNIT,*Unspecified,,66604,20177003603.0
5925,1500 SW 10th Ave 340B00935100SV,Topeka,SHAWNEE,OP OBSERV UNIT,*Unspecified,,66604,20177003603.0
5926,1500 SW 10th Ave 340B00935100SV,Topeka,SHAWNEE,OP OBSERV UNIT,*Unspecified,,66604,20177003603.0
5927,1500 SW 10th Ave 340B00935100SV,Topeka,SHAWNEE,OP OBSERV UNIT,*Unspecified,,66604,20177003603.0
5928,1500 SW 10th Ave 340B00935100SV,Topeka,SHAWNEE,OP OBSERV UNIT,*Unspecified,,66604,20177003603.0
5929,1979 Milky Way,VERONA,*Unspecified,EMH POSTPARTUM,*Unspecified,L&D,53593,55025012700.0
5930,1500 SW 10th Ave 340B00935100SV,Topeka,SHAWNEE,OP OBSERV UNIT,*Unspecified,,66604,20177003603.0
5931,1500 SW 10th Ave 340B00935100SV,Topeka,SHAWNEE,OP OBSERV UNIT,*Unspecified,,66604,20177003603.0
5932,1500 SW 10th Ave,Topeka,SHAWNEE,3 PAVILION,*Unspecified,,66604,20177003603.0
5933,1500 SW 10th Ave,Topeka,SHAWNEE,3 PAVILION,*Unspecified,,66604,20177003603.0
5934,1500 SW 10th Ave,Topeka,SHAWNEE,3 PAVILION,*Unspecified,,66604,20177003603.0
5935,1500 SW 10th Ave,Topeka,SHAWNEE,3 PAVILION,*Unspecified,,66604,20177003603.0
5936,1500 SW 10th Ave,Topeka,SHAWNEE,3 PAVILION,*Unspecified,,66604,20177003603.0
5937,1500 SW 10th Ave,Topeka,SHAWNEE,3 PAVILION,*Unspecified,,66604,20177003603.0
5938,1500 SW 10th Ave,Topeka,SHAWNEE,3 PAVILION,*Unspecified,,66604,20177003603.0
5939,1500 SW 10th Ave,Topeka,SHAWNEE,3 PAVILION,*Unspecified,,66604,20177003603.0
5940,1979 Milky Way,VERONA,*Unspecified,EMH ICU,Intensive Care,ICU,53593,55025012700.0
5941,1500 SW 10th Ave,Topeka,SHAWNEE,3 PAVILION,*Unspecified,,66604,20177003603.0
5942,1500 SW 10th Ave,Topeka,SHAWNEE,3 PAVILION,*Unspecified,,66604,20177003603.0
5943,1500 SW 10th Ave,Topeka,SHAWNEE,3 PAVILION,*Unspecified,,66604,20177003603.0
5944,1500 SW 10th Ave,Topeka,SHAWNEE,3 PAVILION,*Unspecified,,66604,20177003603.0
5945,1500 SW 10th Ave,Topeka,SHAWNEE,3 PAVILION,*Unspecified,,66604,20177003603.0
5946,1500 SW 10th Ave,Topeka,SHAWNEE,3 PAVILION,*Unspecified,,66604,20177003603.0
5947,1500 SW 10th Ave,Topeka,SHAWNEE,3 PAVILION,*Unspecified,,66604,20177003603.0
5948,1500 SW 10th Ave,Topeka,SHAWNEE,3 PAVILION,*Unspecified,,66604,20177003603.0
5949,1500 SW 10th Ave,Topeka,SHAWNEE,3 PAVILION,*Unspecified,,66604,20177003603.0
5950,1500 SW 10th Ave,Topeka,SHAWNEE,3 PAVILION,*Unspecified,,66604,20177003603.0
5951,1979 Milky Way,VERONA,*Unspecified,EMH NEURO ICU,Neurological Intensive Care,ICU,53593,55025012700.0
5952,1500 SW 10th Ave,Topeka,SHAWNEE,3 PAVILION,*Unspecified,,66604,20177003603.0
5953,1500 SW 10th Ave,Topeka,SHAWNEE,3 PAVILION,*Unspecified,,66604,20177003603.0
5954,1500 SW 10th Ave,Topeka,SHAWNEE,3 PAVILION,*Unspecified,,66604,20177003603.0
5955,1500 SW 10th Ave,Topeka,SHAWNEE,3 PAVILION,*Unspecified,,66604,20177003603.0
5956,1500 SW 10th Ave,Topeka,SHAWNEE,3 PAVILION,*Unspecified,,66604,20177003603.0
5957,1500 SW 10th Ave,Topeka,SHAWNEE,4 PAVILION,Hematology and Oncology,,66604,20177003603.0
5958,1500 SW 10th Ave,Topeka,SHAWNEE,4 PAVILION,Hematology and Oncology,,66604,20177003603.0
5959,1500 SW 10th Ave,Topeka,SHAWNEE,4 PAVILION,Hematology and Oncology,,66604,20177003603.0
5960,1500 SW 10th Ave,Topeka,SHAWNEE,4 PAVILION,Hematology and Oncology,,66604,20177003603.0
5961,1500 SW 10th Ave,Topeka,SHAWNEE,4 PAVILION,Hematology and Oncology,,66604,20177003603.0
5962,1979 Milky Way,VERONA,*Unspecified,EMH NEURO ICU,Neurological Intensive Care,ICU,53593,55025012700.0
5963,1500 SW 10th Ave,Topeka,SHAWNEE,4 PAVILION,Hematology and Oncology,,66604,20177003603.0
5964,1500 SW 10th Ave,Topeka,SHAWNEE,4 PAVILION,Hematology and Oncology,,66604,20177003603.0
5965,1500 SW 10th Ave,Topeka,SHAWNEE,4 PAVILION,Hematology and Oncology,,66604,20177003603.0
5966,1500 SW 10th Ave,Topeka,SHAWNEE,4 PAVILION,Hematology and Oncology,,66604,20177003603.0
5967,1500 SW 10th Ave,Topeka,SHAWNEE,4 PAVILION,Hematology and Oncology,,66604,20177003603.0
5968,1500 SW 10th Ave,Topeka,SHAWNEE,4 PAVILION,Hematology and Oncology,,66604,20177003603.0
5969,1500 SW 10th Ave,Topeka,SHAWNEE,4 PAVILION,Hematology and Oncology,,66604,20177003603.0
5970,1500 SW 10th Ave,Topeka,SHAWNEE,4 PAVILION,Hematology and Oncology,,66604,20177003603.0
5971,1500 SW 10th Ave,Topeka,SHAWNEE,4 PAVILION,Hematology and Oncology,,66604,20177003603.0
5972,1500 SW 10th Ave,Topeka,SHAWNEE,4 PAVILION,Hematology and Oncology,,66604,20177003603.0
5973,1979 Milky Way,VERONA,*Unspecified,EMH PHASE II,*Unspecified,OR,53593,55025012700.0
5974,1979 Milky Way,VERONA,*Unspecified,EMH NEURO ICU,Neurological Intensive Care,ICU,53593,55025012700.0
5975,1500 SW 10th Ave,Topeka,SHAWNEE,4 PAVILION,Hematology and Oncology,,66604,20177003603.0
5976,1500 SW 10th Ave,Topeka,SHAWNEE,4 PAVILION,Hematology and Oncology,,66604,20177003603.0
5977,1500 SW 10th Ave,Topeka,SHAWNEE,4 PAVILION,Hematology and Oncology,,66604,20177003603.0
5978,1500 SW 10th Ave,Topeka,SHAWNEE,4 PAVILION,Hematology and Oncology,,66604,20177003603.0
5979,1500 SW 10th Ave,Topeka,SHAWNEE,4 PAVILION,Hematology and Oncology,,66604,20177003603.0
5980,1500 SW 10th Ave,Topeka,SHAWNEE,4 PAVILION,Hematology and Oncology,,66604,20177003603.0
5981,1500 SW 10th Ave,Topeka,SHAWNEE,4 PAVILION,Hematology and Oncology,,66604,20177003603.0
5982,3707 SW 6th Ave,Topeka,SHAWNEE,SVW-ADULT,*Unspecified,,66606,20177000500.0
5983,3707 SW 6th Ave,Topeka,SHAWNEE,SVW-ADULT,*Unspecified,,66606,20177000500.0
5984,3707 SW 6th Ave,Topeka,SHAWNEE,SVW-ADULT,*Unspecified,,66606,20177000500.0
5985,1979 Milky Way,VERONA,*Unspecified,EMH NEURO ICU,Neurological Intensive Care,ICU,53593,55025012700.0
5986,3707 SW 6th Ave,Topeka,SHAWNEE,SVW-ADULT,*Unspecified,,66606,20177000500.0
5987,3707 SW 6th Ave,Topeka,SHAWNEE,SVW-ADULT,*Unspecified,,66606,20177000500.0
5988,3707 SW 6th Ave,Topeka,SHAWNEE,SVW-ADULT,*Unspecified,,66606,20177000500.0
5989,3707 SW 6th Ave,Topeka,SHAWNEE,SVW-ADULT,*Unspecified,,66606,20177000500.0
5990,3707 SW 6th Ave,Topeka,SHAWNEE,SVW-ADULT,*Unspecified,,66606,20177000500.0
5991,3707 SW 6th Ave,Topeka,SHAWNEE,SVW-ADULT,*Unspecified,,66606,20177000500.0
5992,3707 SW 6th Ave,Topeka,SHAWNEE,SVW-ADULT,*Unspecified,,66606,20177000500.0
5993,3707 SW 6th Ave,Topeka,SHAWNEE,SVW-ADULT,*Unspecified,,66606,20177000500.0
5994,3707 SW 6th Ave,Topeka,SHAWNEE,SVW-ADULT,*Unspecified,,66606,20177000500.0
5995,1979 Milky Way,VERONA,*Unspecified,EMH NEURO ICU,Neurological Intensive Care,ICU,53593,55025012700.0
5996,3707 SW 6th Ave,Topeka,SHAWNEE,SVW-ADULT,*Unspecified,,66606,20177000500.0
5997,3707 SW 6th Ave,Topeka,SHAWNEE,SVW-ADULT,*Unspecified,,66606,20177000500.0
5998,3707 SW 6th Ave,Topeka,SHAWNEE,SVW-ADULT,*Unspecified,,66606,20177000500.0
5999,3707 SW 6th Ave,Topeka,SHAWNEE,SVW-ADULT,*Unspecified,,66606,20177000500.0
6000,3707 SW 6th Ave,Topeka,SHAWNEE,SVW-ADULT,*Unspecified,,66606,20177000500.0
6001,3707 SW 6th Ave,Topeka,SHAWNEE,SVW-ADULT,*Unspecified,,66606,20177000500.0
6002,3707 SW 6th Ave,Topeka,SHAWNEE,SVW-ADULT,*Unspecified,,66606,20177000500.0
6003,3707 SW 6th Ave,Topeka,SHAWNEE,SVW-ADULT,*Unspecified,,66606,20177000500.0
6004,3707 SW 6th Ave,Topeka,SHAWNEE,SVW-ADULT,*Unspecified,,66606,20177000500.0
6005,3707 SW 6th Ave,Topeka,SHAWNEE,SVW-CHILD/ADOLESCENT,*Unspecified,,66606,20177000500.0
6006,1979 Milky Way,VERONA,*Unspecified,EMH NEURO ICU,Neurological Intensive Care,ICU,53593,55025012700.0
6007,3707 SW 6th Ave,Topeka,SHAWNEE,SVW-CHILD/ADOLESCENT,*Unspecified,,66606,20177000500.0
6008,3707 SW 6th Ave,Topeka,SHAWNEE,SVW-CHILD/ADOLESCENT,*Unspecified,,66606,20177000500.0
6009,3707 SW 6th Ave,Topeka,SHAWNEE,SVW-CHILD/ADOLESCENT,*Unspecified,,66606,20177000500.0
6010,3707 SW 6th Ave,Topeka,SHAWNEE,SVW-CHILD/ADOLESCENT,*Unspecified,,66606,20177000500.0
6011,3707 SW 6th Ave,Topeka,SHAWNEE,SVW-CHILD/ADOLESCENT,*Unspecified,,66606,20177000500.0
6012,3707 SW 6th Ave,Topeka,SHAWNEE,SVW-CHILD/ADOLESCENT,*Unspecified,,66606,20177000500.0
6013,3707 SW 6th Ave,Topeka,SHAWNEE,SVW-CHILD/ADOLESCENT,*Unspecified,,66606,20177000500.0
6014,3707 SW 6th Ave,Topeka,SHAWNEE,SVW-CHILD/ADOLESCENT,*Unspecified,,66606,20177000500.0
6015,3707 SW 6th Ave,Topeka,SHAWNEE,SVW-CHILD/ADOLESCENT,*Unspecified,,66606,20177000500.0
6016,3707 SW 6th Ave,Topeka,SHAWNEE,SVW-CHILD/ADOLESCENT,*Unspecified,,66606,20177000500.0
6017,1979 Milky Way,VERONA,*Unspecified,EMH NEURO ICU,Neurological Intensive Care,ICU,53593,55025012700.0
6018,3707 SW 6th Ave,Topeka,SHAWNEE,SVW-CHILD/ADOLESCENT,*Unspecified,,66606,20177000500.0
6019,3707 SW 6th Ave,Topeka,SHAWNEE,SVW-CHILD/ADOLESCENT,*Unspecified,,66606,20177000500.0
6020,3707 SW 6th Ave,Topeka,SHAWNEE,SVW-CHILD/ADOLESCENT,*Unspecified,,66606,20177000500.0
6021,1500 SW 10th Ave,Topeka,SHAWNEE,EMERGENCY DEPARTMENT,Emergency Medicine,ED,66604,20177003603.0
6022,1500 SW 10th Ave,Topeka,SHAWNEE,EMERGENCY DEPARTMENT,Emergency Medicine,ED,66604,20177003603.0
6023,1500 SW 10th Ave,Topeka,SHAWNEE,EMERGENCY DEPARTMENT,Emergency Medicine,ED,66604,20177003603.0
6024,1500 SW 10th Ave,Topeka,SHAWNEE,EMERGENCY DEPARTMENT,Emergency Medicine,ED,66604,20177003603.0
6025,1500 SW 10th Ave,Topeka,SHAWNEE,EMERGENCY DEPARTMENT,Emergency Medicine,ED,66604,20177003603.0
6026,1500 SW 10th Ave,Topeka,SHAWNEE,EMERGENCY DEPARTMENT,Emergency Medicine,ED,66604,20177003603.0
6027,1979 Milky Way,VERONA,*Unspecified,EMH NEURO ICU,Neurological Intensive Care,ICU,53593,55025012700.0
6028,1500 SW 10th Ave,Topeka,SHAWNEE,EMERGENCY DEPARTMENT,Emergency Medicine,ED,66604,20177003603.0
6029,1500 SW 10th Ave,Topeka,SHAWNEE,EMERGENCY DEPARTMENT,Emergency Medicine,ED,66604,20177003603.0
6030,1500 SW 10th Ave,Topeka,SHAWNEE,EMERGENCY DEPARTMENT,Emergency Medicine,ED,66604,20177003603.0
6031,1500 SW 10th Ave,Topeka,SHAWNEE,EMERGENCY DEPARTMENT,Emergency Medicine,ED,66604,20177003603.0
6032,1500 SW 10th Ave,Topeka,SHAWNEE,EMERGENCY DEPARTMENT,Emergency Medicine,ED,66604,20177003603.0
6033,1500 SW 10th Ave,Topeka,SHAWNEE,EMERGENCY DEPARTMENT,Emergency Medicine,ED,66604,20177003603.0
6034,1500 SW 10th Ave,Topeka,SHAWNEE,EMERGENCY DEPARTMENT,Emergency Medicine,ED,66604,20177003603.0
6035,1500 SW 10th Ave,Topeka,SHAWNEE,EMERGENCY DEPARTMENT,Emergency Medicine,ED,66604,20177003603.0
6036,1500 SW 10th Ave,Topeka,SHAWNEE,EMERGENCY DEPARTMENT,Emergency Medicine,ED,66604,20177003603.0
6037,1500 SW 10th Ave,Topeka,SHAWNEE,EMERGENCY DEPARTMENT,Emergency Medicine,ED,66604,20177003603.0
6038,1979 Milky Way,VERONA,*Unspecified,EMH PEDIATRIC ICU,Pediatric Intensive Care,ICU,53593,55025012700.0
6039,1500 SW 10th Ave,Topeka,SHAWNEE,EMERGENCY DEPARTMENT,Emergency Medicine,ED,66604,20177003603.0
6040,1500 SW 10th Ave,Topeka,SHAWNEE,EMERGENCY DEPARTMENT,Emergency Medicine,ED,66604,20177003603.0
6041,1500 SW 10th Ave,Topeka,SHAWNEE,EMERGENCY DEPARTMENT,Emergency Medicine,ED,66604,20177003603.0
6042,1500 SW 10th Ave,Topeka,SHAWNEE,EMERGENCY DEPARTMENT,Emergency Medicine,ED,66604,20177003603.0
6043,1500 SW 10th Ave,Topeka,SHAWNEE,EMERGENCY DEPARTMENT,Emergency Medicine,ED,66604,20177003603.0
6044,1500 SW 10th Ave,Topeka,SHAWNEE,EMERGENCY DEPARTMENT,Emergency Medicine,ED,66604,20177003603.0
6045,1500 SW 10th Ave,Topeka,SHAWNEE,EMERGENCY DEPARTMENT,Emergency Medicine,ED,66604,20177003603.0
6046,1500 SW 10th Ave,Topeka,SHAWNEE,EMERGENCY DEPARTMENT,Emergency Medicine,ED,66604,20177003603.0
6047,1500 SW 10th Ave,Topeka,SHAWNEE,EMERGENCY DEPARTMENT,Emergency Medicine,ED,66604,20177003603.0
6048,1500 SW 10th Ave,Topeka,SHAWNEE,EMERGENCY DEPARTMENT,Emergency Medicine,ED,66604,20177003603.0
6049,1979 Milky Way,VERONA,*Unspecified,EMH PEDIATRIC ICU,Pediatric Intensive Care,ICU,53593,55025012700.0
6050,1500 SW 10th Ave,Topeka,SHAWNEE,EMERGENCY DEPARTMENT,Emergency Medicine,ED,66604,20177003603.0
6051,1500 SW 10th Ave,Topeka,SHAWNEE,EMERGENCY DEPARTMENT,Emergency Medicine,ED,66604,20177003603.0
6052,1500 SW 10th Ave,Topeka,SHAWNEE,EMERGENCY DEPARTMENT,Emergency Medicine,ED,66604,20177003603.0
6053,1500 SW 10th Ave,Topeka,SHAWNEE,EMERGENCY DEPARTMENT,Emergency Medicine,ED,66604,20177003603.0
6054,1500 SW 10th Ave,Topeka,SHAWNEE,EMERGENCY DEPARTMENT,Emergency Medicine,ED,66604,20177003603.0
6055,1500 SW 10th Ave,Topeka,SHAWNEE,EMERGENCY DEPARTMENT,Emergency Medicine,ED,66604,20177003603.0
6056,1500 SW 10th Ave,Topeka,SHAWNEE,EMERGENCY DEPARTMENT,Emergency Medicine,ED,66604,20177003603.0
6057,1500 SW 10th Ave,Topeka,SHAWNEE,EMERGENCY DEPARTMENT,Emergency Medicine,ED,66604,20177003603.0
6058,1500 SW 10th Ave,Topeka,SHAWNEE,EMERGENCY DEPARTMENT,Emergency Medicine,ED,66604,20177003603.0
6059,1500 SW 10th Ave,Topeka,SHAWNEE,EMERGENCY DEPARTMENT,Emergency Medicine,ED,66604,20177003603.0
6060,1979 Milky Way,VERONA,*Unspecified,EMH PEDIATRIC ICU,Pediatric Intensive Care,ICU,53593,55025012700.0
6061,1500 SW 10th Ave,Topeka,SHAWNEE,EMERGENCY DEPARTMENT,Emergency Medicine,ED,66604,20177003603.0
6062,1500 SW 10th Ave,Topeka,SHAWNEE,EMERGENCY DEPARTMENT,Emergency Medicine,ED,66604,20177003603.0
6063,1500 SW 10th Ave,Topeka,SHAWNEE,EMERGENCY DEPARTMENT,Emergency Medicine,ED,66604,20177003603.0
6064,1500 SW 10th Ave,Topeka,SHAWNEE,EMERGENCY DEPARTMENT,Emergency Medicine,ED,66604,20177003603.0
6065,1500 SW 10th Ave,Topeka,SHAWNEE,EMERGENCY DEPARTMENT,Emergency Medicine,ED,66604,20177003603.0
6066,1500 SW 10th Ave,Topeka,SHAWNEE,EMERGENCY DEPARTMENT,Emergency Medicine,ED,66604,20177003603.0
6067,1500 SW 10th Ave,Topeka,SHAWNEE,EMERGENCY DEPARTMENT,Emergency Medicine,ED,66604,20177003603.0
6068,1500 SW 10th Ave,Topeka,SHAWNEE,EMERGENCY DEPARTMENT,Emergency Medicine,ED,66604,20177003603.0
6069,1500 SW 10th Ave,Topeka,SHAWNEE,PRE-POST,*Unspecified,OR,66604,20177003603.0
6070,1500 SW 10th Ave,Topeka,SHAWNEE,PRE-POST,*Unspecified,OR,66604,20177003603.0
6071,1979 Milky Way,VERONA,*Unspecified,EMH PEDIATRIC ICU,Pediatric Intensive Care,ICU,53593,55025012700.0
6072,1500 SW 10th Ave,Topeka,SHAWNEE,PRE-POST,*Unspecified,OR,66604,20177003603.0
6073,1500 SW 10th Ave,Topeka,SHAWNEE,PRE-POST,*Unspecified,OR,66604,20177003603.0
6074,1500 SW 10th Ave,Topeka,SHAWNEE,PRE-POST,*Unspecified,OR,66604,20177003603.0
6075,1500 SW 10th Ave,Topeka,SHAWNEE,PRE-POST,*Unspecified,OR,66604,20177003603.0
6076,1500 SW 10th Ave,Topeka,SHAWNEE,PRE-POST,*Unspecified,OR,66604,20177003603.0
6077,1500 SW 10th Ave,Topeka,SHAWNEE,PRE-POST,*Unspecified,OR,66604,20177003603.0
6078,1500 SW 10th Ave,Topeka,SHAWNEE,PRE-POST,*Unspecified,OR,66604,20177003603.0
6079,1500 SW 10th Ave,Topeka,SHAWNEE,PRE-POST,*Unspecified,OR,66604,20177003603.0
6080,1500 SW 10th Ave,Topeka,SHAWNEE,PRE-POST,*Unspecified,OR,66604,20177003603.0
6081,1500 SW 10th Ave,Topeka,SHAWNEE,PRE-POST,*Unspecified,OR,66604,20177003603.0
6082,1979 Milky Way,VERONA,*Unspecified,EMH RECOVERY,*Unspecified,OR,53593,55025012700.0
6083,1979 Milky Way,VERONA,*Unspecified,EMH PEDIATRIC ICU,Pediatric Intensive Care,ICU,53593,55025012700.0
6084,1500 SW 10th Ave,Topeka,SHAWNEE,PRE-POST,*Unspecified,OR,66604,20177003603.0
6085,1500 SW 10th Ave,Topeka,SHAWNEE,PRE-POST,*Unspecified,OR,66604,20177003603.0
6086,1500 SW 10th Ave,Topeka,SHAWNEE,PRE-POST,*Unspecified,OR,66604,20177003603.0
6087,1500 SW 10th Ave,Topeka,SHAWNEE,PRE-POST,*Unspecified,OR,66604,20177003603.0
6088,1500 SW 10th Ave,Topeka,SHAWNEE,PRE-POST,*Unspecified,OR,66604,20177003603.0
6089,1500 SW 10th Ave,Topeka,SHAWNEE,PRE-POST,*Unspecified,OR,66604,20177003603.0
6090,1500 SW 10th Ave,Topeka,SHAWNEE,PRE-POST,*Unspecified,OR,66604,20177003603.0
6091,1500 SW 10th Ave,Topeka,SHAWNEE,PRE-POST,*Unspecified,OR,66604,20177003603.0
6092,1500 SW 10th Ave,Topeka,SHAWNEE,PRE-POST,*Unspecified,OR,66604,20177003603.0
6093,1500 SW 10th Ave,Topeka,SHAWNEE,PRE-POST,*Unspecified,OR,66604,20177003603.0
6094,1979 Milky Way,VERONA,*Unspecified,EMH PEDIATRIC ICU,Pediatric Intensive Care,ICU,53593,55025012700.0
6095,1500 SW 10th Ave,Topeka,SHAWNEE,PRE-POST,*Unspecified,OR,66604,20177003603.0
6096,1500 SW 10th Ave,Topeka,SHAWNEE,PRE-POST,*Unspecified,OR,66604,20177003603.0
6097,1500 SW 10th Ave,Topeka,SHAWNEE,PRE-POST,*Unspecified,OR,66604,20177003603.0
6098,1500 SW 10th Ave,Topeka,SHAWNEE,PRE-POST,*Unspecified,OR,66604,20177003603.0
6099,1500 SW 10th Ave,Topeka,SHAWNEE,PRE-POST,*Unspecified,OR,66604,20177003603.0
6100,1500 SW 10th Ave,Topeka,SHAWNEE,PRE-POST,*Unspecified,OR,66604,20177003603.0
6101,1500 SW 10th Ave,Topeka,SHAWNEE,PRE-POST,*Unspecified,OR,66604,20177003603.0
6102,1500 SW 10th Ave,Topeka,SHAWNEE,PRE-POST,*Unspecified,OR,66604,20177003603.0
6103,1500 SW 10th Ave,Topeka,SHAWNEE,PRE-POST,*Unspecified,OR,66604,20177003603.0
6104,1500 SW 10th Ave,Topeka,SHAWNEE,PRE-POST,*Unspecified,OR,66604,20177003603.0
6105,1979 Milky Way,VERONA,*Unspecified,EMH PEDIATRIC ICU,Pediatric Intensive Care,ICU,53593,55025012700.0
6106,1500 SW 10th Ave,Topeka,SHAWNEE,PRE-POST,*Unspecified,OR,66604,20177003603.0
6107,1500 SW 10th Ave,Topeka,SHAWNEE,PRE-POST,*Unspecified,OR,66604,20177003603.0
6108,1500 SW 10th Ave,Topeka,SHAWNEE,PRE-POST,*Unspecified,OR,66604,20177003603.0
6109,1500 SW 10th Ave,Topeka,SHAWNEE,PRE-POST,*Unspecified,OR,66604,20177003603.0
6110,1500 SW 10th Ave,Topeka,SHAWNEE,PRE-POST,*Unspecified,OR,66604,20177003603.0
6111,1500 SW 10th Ave,Topeka,SHAWNEE,PRE-POST,*Unspecified,OR,66604,20177003603.0
6112,1500 SW 10th Ave,Topeka,SHAWNEE,PRE-POST,*Unspecified,OR,66604,20177003603.0
6113,1500 SW 10th Ave,Topeka,SHAWNEE,PRE-POST,*Unspecified,OR,66604,20177003603.0
6114,1500 SW 10th Ave,Topeka,SHAWNEE,PRE-POST,*Unspecified,OR,66604,20177003603.0
6115,1500 SW 10th Ave,Topeka,SHAWNEE,PRE-POST,*Unspecified,OR,66604,20177003603.0
6116,1979 Milky Way,VERONA,*Unspecified,EMH PEDIATRIC ICU,Pediatric Intensive Care,ICU,53593,55025012700.0
6117,1500 SW 10th Ave,Topeka,SHAWNEE,PRE-POST,*Unspecified,OR,66604,20177003603.0
6118,1500 SW 10th Ave,Topeka,SHAWNEE,PRE-POST,*Unspecified,OR,66604,20177003603.0
6119,1500 SW 10th Ave,Topeka,SHAWNEE,PRE-POST,*Unspecified,OR,66604,20177003603.0
6120,1500 SW 10th Ave,Topeka,SHAWNEE,PRE-POST,*Unspecified,OR,66604,20177003603.0
6121,1500 SW 10th Ave,Topeka,SHAWNEE,PRE-POST,*Unspecified,OR,66604,20177003603.0
6122,1500 SW 10th Ave,Topeka,SHAWNEE,PRE-POST,*Unspecified,OR,66604,20177003603.0
6123,1500 SW 10th Ave,Topeka,SHAWNEE,PRE-POST,*Unspecified,OR,66604,20177003603.0
6124,1500 SW 10th Ave,Topeka,SHAWNEE,PRE-POST,*Unspecified,OR,66604,20177003603.0
6125,1615 SW 8th Avenue,Topeka,SHAWNEE,SLEEP CENTER,Sleep Medicine,HOD,66606,20177000500.0
6126,1500 SW 10th Ave,Topeka,SHAWNEE,ENDOSCOPY,Gastroenterology,HOD,66604,20177003603.0
6127,1979 Milky Way,VERONA,*Unspecified,EMH SURGICAL ICU,Surgical Intensive Care,ICU,53593,55025012700.0
6128,823 SW Mulvane Ste 101,Topeka,SHAWNEE,PAIN CLINIC,Pain Medicine,HOD,66606,20177000500.0
6129,1500 SW 10th Ave,Topeka,SHAWNEE,BREASTFEEDING CENTER,*Unspecified,HOD,66606,20177000500.0
6130,929 SW Mulvane,Topeka,SHAWNEE,CARDIAC REHAB HC,Cardiac Rehabilitation,HOD,66606,20177000500.0
6131,929 SW Mulvane,Topeka,SHAWNEE,SV HEART CENTER CARDIAC ULTRASOUND,Radiology,HOD,66606,20177000500.0
6132,,Topeka,SHAWNEE,CARDIOVASCULAR SERV,*Unspecified,HOD,,
6133,1500 SW 10th Ave,Topeka,SHAWNEE,CT SCAN,Radiology,HOD,66604,20177003603.0
6134,,Topeka,SHAWNEE,ECT,*Unspecified,HOD,,
6135,,Topeka,SHAWNEE,JUV RHEUM ARTH CLINIC,Rheumatology,,,
6136,1500 SW 10th Ave,TOPEKA,SHAWNEE,LABORATORY,Lab,Normal,66606,20177000500.0
6137,1500 SW 10th Ave,Topeka,SHAWNEE,MRI,Radiology,HOD,66604,20177003603.0
6138,1979 Milky Way,VERONA,*Unspecified,EMH SURGICAL ICU,Surgical Intensive Care,ICU,53593,55025012700.0
6139,,Topeka,SHAWNEE,MULTIPLE TESTS,*Unspecified,HOD,,
6140,,Topeka,SHAWNEE,NICU DEV PROG CLINIC,*Unspecified,HOD,,
6141,,Topeka,SHAWNEE,NICU FOLLOW UP CLINIC,Neonatology,,,
6142,929 SW Mulvane St,Topeka,SHAWNEE,SV HEART CENTER NUCLEAR CARDIOLOGY,Radiology,HOD,66606,20177000500.0
6143,1500 SW 10th Ave,TOPEKA,SHAWNEE,NUCLEAR MEDICINE,Radiology,HOD,66604,20177003603.0
6144,,Topeka,SHAWNEE,OSTOMY,*Unspecified,HOD,,
6145,,Topeka,SHAWNEE,PARKINSONS CLINIC,*Unspecified,HOD,,
6146,3707 SW 6th Ave,TOPEKA,SHAWNEE,PARTIAL DAY PSYCH,Psychiatry,HOD,66606,20177000500.0
6147,1500 SW 10th Ave 340B00935100SV,Topeka,SHAWNEE,PHYSICAL MEDICINE,Physical Medicine and Rehabilitation,HOD,,
6148,1500 SW 10th Ave,TOPEKA,SHAWNEE,PRE-ADMISSION TESTING,Pre-Admission Testing,OR,66604,20177003603.0
6149,1979 Milky Way,VERONA,*Unspecified,EMH SURGICAL ICU,Surgical Intensive Care,ICU,53593,55025012700.0
6150,1500 SW 10th Ave,TOPEKA,SHAWNEE,PULMONARY LAB,Pulmonology,HOD,66604,20177003603.0
6151,1500 SW 10th Ave,Topeka,SHAWNEE,RADIOLOGY,Radiology,HOD,66606,20177000500.0
6152,1500 SW 10th Ave 340B00935100SV,Topeka,SHAWNEE,SR PARTIAL HOSP PROG,*Unspecified,HOD,,
6153,920 SW Washburn Ave 340B00935100SV,Topeka,SHAWNEE,SLEEP LAB,*Unspecified,HOD,,
6154,1500 SW 10th Ave,Topeka,SHAWNEE,ULTRASOUND,Radiology,HOD,66604,20177003603.0
6155,1500 SW 10th Street,Topeka,SHAWNEE,WOUND CARE CENTER,Wound Care,,66604,20177003603.0
6156,1500 SW 10th Ave,Topeka,SHAWNEE,SURGERY,*Unspecified,OR,66606,20177000500.0
6157,,Topeka,SHAWNEE,OPL CRIT CARE-2 SOUTH,*Unspecified,HOD,,
6158,,Topeka,SHAWNEE,OPL JOINT CENTER-3EAST,*Unspecified,HOD,,
6159,,Topeka,SHAWNEE,OPL 5 EAST (PEDS),*Unspecified,HOD,,
6160,1979 Milky Way,VERONA,*Unspecified,EMH SURGICAL ICU,Surgical Intensive Care,ICU,53593,55025012700.0
6161,,Topeka,SHAWNEE,OPL 5 NORTH,*Unspecified,HOD,,
6162,,Topeka,SHAWNEE,OPL 6 NORTH,*Unspecified,HOD,,
6163,,Topeka,SHAWNEE,OPL GERO-PSYCH-6WEST,*Unspecified,HOD,,
6164,,Topeka,SHAWNEE,OPL POST-SURG-7 WEST,*Unspecified,HOD,,
6165,,Topeka,SHAWNEE,OPL 7 NORTH,*Unspecified,HOD,,
6166,,Topeka,SHAWNEE,OPL BIRTHPLACE,*Unspecified,L&D,,
6167,,Topeka,SHAWNEE,OPL CVOPC,*Unspecified,HOD,,
6168,,Topeka,SHAWNEE,OPL PICU,*Unspecified,HOD,,
6169,2660 SW 3rd Street Suite 002,Topeka,SHAWNEE,SDS,*Unspecified,OR,66606,20177000500.0
6170,1500 SW 10th Ave,Topeka,SHAWNEE,WOMEN'S CENTER,*Unspecified,HOD,66604,20177003603.0
6171,1979 Milky Way,VERONA,*Unspecified,EMH SURGICAL ICU,Surgical Intensive Care,ICU,53593,55025012700.0
6172,1500 SW 10th Ave,Topeka,SHAWNEE,PICU,*Unspecified,ICU,66604,20177003603.0
6173,1500 SW 10th Ave,Topeka,SHAWNEE,PICU,*Unspecified,ICU,66604,20177003603.0
6174,1500 SW 10th Ave,Topeka,SHAWNEE,PICU,*Unspecified,ICU,66604,20177003603.0
6175,1500 SW 10th Ave,Topeka,SHAWNEE,PICU,*Unspecified,ICU,66604,20177003603.0
6176,1500 SW 10th Ave,Topeka,SHAWNEE,PICU,*Unspecified,ICU,66604,20177003603.0
6177,1500 SW 10th Ave,Topeka,SHAWNEE,PICU,*Unspecified,ICU,66604,20177003603.0
6178,1500 SW 10th Ave,Topeka,SHAWNEE,CVOPC,*Unspecified,,66604,20177003603.0
6179,1500 SW 10th Ave,Topeka,SHAWNEE,CVOPC,*Unspecified,,66604,20177003603.0
6180,1500 SW 10th Ave,Topeka,SHAWNEE,CVOPC,*Unspecified,,66604,20177003603.0
6181,1500 SW 10th Ave,Topeka,SHAWNEE,CVOPC,*Unspecified,,66604,20177003603.0
6182,1979 Milky Way,VERONA,*Unspecified,EMH SURGICAL ICU,Surgical Intensive Care,ICU,53593,55025012700.0
6183,1500 SW 10th Ave,Topeka,SHAWNEE,CVOPC,*Unspecified,,66604,20177003603.0
6184,1500 SW 10th Ave,Topeka,SHAWNEE,CVOPC,*Unspecified,,66604,20177003603.0
6185,1500 SW 10th Ave,Topeka,SHAWNEE,CVOPC,*Unspecified,,66604,20177003603.0
6186,1500 SW 10th Ave,Topeka,SHAWNEE,CVOPC,*Unspecified,,66604,20177003603.0
6187,1500 SW 10th Ave,Topeka,SHAWNEE,CVOPC,*Unspecified,,66604,20177003603.0
6188,1500 SW 10th Ave,Topeka,SHAWNEE,CVOPC,*Unspecified,,66604,20177003603.0
6189,1500 SW 10th Ave,Topeka,SHAWNEE,CVOPC,*Unspecified,,66604,20177003603.0
6190,1500 SW 10th Ave,Topeka,SHAWNEE,CVOPC,*Unspecified,,66604,20177003603.0
6191,1500 SW 10th Ave,Topeka,SHAWNEE,CVOPC,*Unspecified,,66604,20177003603.0
6192,1500 SW 10th Ave,Topeka,SHAWNEE,CVOPC,*Unspecified,,66604,20177003603.0
6193,1979 Milky Way,VERONA,*Unspecified,EMH MAIN OR,*Unspecified,OR,53593,55025012700.0
6194,1979 Milky Way,VERONA,*Unspecified,EMH SURGICAL ICU,Surgical Intensive Care,ICU,53593,55025012700.0
6195,1500 SW 10th Ave,Topeka,SHAWNEE,CVOPC,*Unspecified,,66604,20177003603.0
6196,1500 SW 10th Ave,Topeka,SHAWNEE,CVOPC,*Unspecified,,66604,20177003603.0
6197,1500 SW 10th Ave,Topeka,SHAWNEE,CVOPC,*Unspecified,,66604,20177003603.0
6198,1500 SW 10th Ave,Topeka,SHAWNEE,CVOPC,*Unspecified,,66604,20177003603.0
6199,1500 SW 10th Ave,Topeka,SHAWNEE,CVOPC,*Unspecified,,66604,20177003603.0
6200,1500 SW 10th Ave,Topeka,SHAWNEE,CVOPC,*Unspecified,,66604,20177003603.0
6201,1500 SW 10th Ave,Topeka,SHAWNEE,CVOPC,*Unspecified,,66604,20177003603.0
6202,1500 SW 10th Ave,Topeka,SHAWNEE,CVOPC,*Unspecified,,66604,20177003603.0
6203,1500 SW 10th Ave,Topeka,SHAWNEE,BIRTHPLACE,Obstetrics,L&D,66604,20177003603.0
6204,1500 SW 10th Ave,Topeka,SHAWNEE,POST-SURGICAL-4WEST,*Unspecified,,66604,20177003603.0
6205,1979 Milky Way,VERONA,*Unspecified,EMH SURGICAL ICU,Surgical Intensive Care,ICU,53593,55025012700.0
6206,1500 SW 10th Ave,Topeka,SHAWNEE,5 NORTH,*Unspecified,,66604,20177003603.0
6207,1500 SW 10th Ave 340B00935100SV,Topeka,SHAWNEE,GERIPSYCH-6EAST,*Unspecified,,66604,20177003603.0
6208,1500 SW 10th Ave 340B00935100SV,Topeka,SHAWNEE,GERO-PSYCH-6WEST,*Unspecified,,66604,20177003603.0
6209,1500 SW 10th Ave 340B00935100SV,Topeka,SHAWNEE,GERO-PSYCH-6WEST,*Unspecified,,66604,20177003603.0
6210,3707 SW 6th Ave,Topeka,SHAWNEE,SVW-CHILD/ADOLESCENT,*Unspecified,,66606,20177000500.0
6211,3707 SW 6th Ave,Topeka,SHAWNEE,SVW-CHILD/ADOLESCENT,*Unspecified,,66606,20177000500.0
6212,3707 SW 6th Ave,Topeka,SHAWNEE,SVW-CHILD/ADOLESCENT,*Unspecified,,66606,20177000500.0
6213,3707 SW 6th Ave,Topeka,SHAWNEE,SVW-CHILD/ADOLESCENT,*Unspecified,,66606,20177000500.0
6214,3707 SW 6th Ave,Topeka,SHAWNEE,SVW-CHILD/ADOLESCENT,*Unspecified,,66606,20177000500.0
6215,3707 SW 6th Ave,Topeka,SHAWNEE,SVW-CHILD/ADOLESCENT,*Unspecified,,66606,20177000500.0
6216,1979 Milky Way,VERONA,*Unspecified,EMH ICU,Intensive Care,ICU,53593,55025012700.0
6217,3707 SW 6th Ave,Topeka,SHAWNEE,SVW-CHILD/ADOLESCENT,*Unspecified,,66606,20177000500.0
6218,1500 SW 10th Ave 340B00935100SV,Topeka,SHAWNEE,INFUSION CENTER SERIES,*Unspecified,HOD,66604,20177003603.0
6219,1500 SW 10th Ave,Topeka,SHAWNEE,PACU,*Unspecified,OR,66604,20177003603.0
6220,1979 Milky Way,VERONA,*Unspecified,EMH GI SERVICES,*Unspecified,OR,53593,55025012700.0
6221,1979 Milky Way,VERONA,*Unspecified,EMH ICU,Intensive Care,ICU,53593,55025012700.0
6222,1979 Milky Way,VERONA,*Unspecified,EMH ICU,Intensive Care,ICU,53593,55025012700.0
6223,1979 Milky Way,VERONA,*Unspecified,EMH ICU,Intensive Care,ICU,53593,55025012700.0
6224,1979 Milky Way,VERONA,*Unspecified,EMH ICU,Intensive Care,ICU,53593,55025012700.0
6225,1979 Milky Way,VERONA,*Unspecified,EMH MED SURG,*Unspecified,,53593,55025012700.0
6226,1979 Milky Way,VERONA,*Unspecified,EMH MED SURG,*Unspecified,,53593,55025012700.0
6227,1979 Milky Way,VERONA,*Unspecified,EMH ICU,Intensive Care,ICU,53593,55025012700.0
6228,1979 Milky Way,VERONA,*Unspecified,EMH MED SURG,*Unspecified,,53593,55025012700.0
6229,1979 Milky Way,VERONA,*Unspecified,EMH MED SURG,*Unspecified,,53593,55025012700.0
6230,1979 Milky Way,VERONA,*Unspecified,EMH MED SURG,*Unspecified,,53593,55025012700.0
6231,1979 Milky Way,VERONA,*Unspecified,EMH MED SURG,*Unspecified,,53593,55025012700.0
6232,1979 Milky Way,VERONA,*Unspecified,EMH MED SURG,*Unspecified,,53593,55025012700.0
6233,1979 Milky Way,VERONA,*Unspecified,EMH MED SURG,*Unspecified,,53593,55025012700.0
6234,1979 Milky Way,VERONA,*Unspecified,EMH MED SURG,*Unspecified,,53593,55025012700.0
6235,1979 Milky Way,VERONA,*Unspecified,EMH MED SURG,*Unspecified,,53593,55025012700.0
6236,1979 Milky Way,VERONA,DANE,SBOH MED SURG,*Unspecified,,53593,55025012700.0
6237,1979 Milky Way,VERONA,*Unspecified,EMH OBSERVATION,*Unspecified,,53593,55025012700.0
6238,1979 Milky Way,VERONA,*Unspecified,EMH ICU,Intensive Care,ICU,53593,55025012700.0
6239,1979 Milky Way,VERONA,*Unspecified,EMH CARDIAC CATH LAB,Cardiology,OR,53593,55025012700.0
6240,1979 Milky Way,VERONA,*Unspecified,EMH OBSERVATION,*Unspecified,,53593,55025012700.0
6241,1979 Milky Way,VERONA,*Unspecified,EMH OBSERVATION,*Unspecified,,53593,55025012700.0
6242,1979 Milky Way,VERONA,*Unspecified,EHS URGENT CARE,Urgent Care,ED,53593,55025012700.0
6243,1979 Milky Way,VERONA,*Unspecified,CH EMERGENCY,Emergency Medicine,ED,53593,55025012700.0
6244,1979 Milky Way,VERONA,*Unspecified,CH EMERGENCY,Emergency Medicine,ED,53593,55025012700.0
6245,1979 Milky Way,VERONA,*Unspecified,CH EMERGENCY,Emergency Medicine,ED,53593,55025012700.0
6246,1979 Milky Way,VERONA,*Unspecified,CH EMERGENCY,Emergency Medicine,ED,53593,55025012700.0
6247,1979 Milky Way,VERONA,*Unspecified,CH EMERGENCY,Emergency Medicine,ED,53593,55025012700.0
6248,1979 Milky Way,VERONA,*Unspecified,CH EMERGENCY,Emergency Medicine,ED,53593,55025012700.0
6249,1979 Milky Way,VERONA,*Unspecified,EMH ICU,Intensive Care,ICU,53593,55025012700.0
6250,1979 Milky Way,VERONA,*Unspecified,CH EMERGENCY,Emergency Medicine,ED,53593,55025012700.0
6251,1979 Milky Way,VERONA,*Unspecified,CH LABOR & DELIVERY,Obstetrics and Gynecology,L&D,53593,55025012700.0
6252,1979 Milky Way,VERONA,*Unspecified,CH LABOR & DELIVERY,Obstetrics and Gynecology,L&D,53593,55025012700.0
6253,1979 Milky Way,VERONA,*Unspecified,CH LABOR & DELIVERY,Obstetrics and Gynecology,L&D,53593,55025012700.0
6254,1979 Milky Way,VERONA,*Unspecified,CH MED SURG,*Unspecified,Normal,53593,55025012700.0
6255,1979 Milky Way,VERONA,*Unspecified,CH MED SURG,*Unspecified,Normal,53593,55025012700.0
6256,1979 Milky Way,VERONA,*Unspecified,CH MED SURG,*Unspecified,Normal,53593,55025012700.0
6257,1979 Milky Way,VERONA,*Unspecified,CH MED SURG,*Unspecified,Normal,53593,55025012700.0
6258,1979 Milky Way,VERONA,*Unspecified,CH MED SURG,*Unspecified,Normal,53593,55025012700.0
6259,1979 Milky Way,VERONA,*Unspecified,CH MED SURG,*Unspecified,Normal,53593,55025012700.0
6260,1979 Milky Way,VERONA,*Unspecified,EMH EMERGENCY,Emergency Medicine,ED,53593,55025012700.0
6261,1979 Milky Way,VERONA,*Unspecified,CH REHAB,Physical Medicine and Rehabilitation,Normal,53593,55025012700.0
6262,1979 Milky Way,VERONA,*Unspecified,CH REHAB,Physical Medicine and Rehabilitation,Normal,53593,55025012700.0
6263,1979 Milky Way,VERONA,*Unspecified,CH REHAB,Physical Medicine and Rehabilitation,Normal,53593,55025012700.0
6264,1979 Milky Way,VERONA,*Unspecified,CH REHAB,Physical Medicine and Rehabilitation,Normal,53593,55025012700.0
6265,1979 Milky Way,VERONA,*Unspecified,CH REHAB,Physical Medicine and Rehabilitation,Normal,53593,55025012700.0
6266,1979 Milky Way,VERONA,*Unspecified,CH REHAB,Physical Medicine and Rehabilitation,Normal,53593,55025012700.0
6267,1979 Milky Way,VERONA,*Unspecified,CH REHAB,Physical Medicine and Rehabilitation,Normal,53593,55025012700.0
6268,1979 Milky Way,VERONA,*Unspecified,CH REHAB,Physical Medicine and Rehabilitation,Normal,53593,55025012700.0
6269,1979 Milky Way,VERONA,*Unspecified,CH PSYCHIATRY,Psychiatry,Normal,53593,55025012700.0
6270,1979 Milky Way,VERONA,*Unspecified,CH PSYCHIATRY,Psychiatry,Normal,53593,55025012700.0
6271,1979 Milky Way,VERONA,*Unspecified,EMH EMERGENCY,Emergency Medicine,ED,53593,55025012700.0
6272,1979 Milky Way,VERONA,*Unspecified,CH PSYCHIATRY,Psychiatry,Normal,53593,55025012700.0
6273,1979 Milky Way,VERONA,*Unspecified,CH PSYCHIATRY,Psychiatry,Normal,53593,55025012700.0
6274,1979 Milky Way,VERONA,*Unspecified,CH PSYCHIATRY,Psychiatry,Normal,53593,55025012700.0
6275,1979 Milky Way,VERONA,*Unspecified,CH PSYCHIATRY,Psychiatry,Normal,53593,55025012700.0
6276,1979 Milky Way,VERONA,*Unspecified,CH PSYCHIATRY,Psychiatry,Normal,53593,55025012700.0
6277,1979 Milky Way,VERONA,*Unspecified,CH PSYCHIATRY,Psychiatry,Normal,53593,55025012700.0
6278,1979 Milky Way,VERONA,*Unspecified,CH PSYCHIATRY,Psychiatry,Normal,53593,55025012700.0
6279,1979 Milky Way,VERONA,*Unspecified,CH PSYCHIATRY,Psychiatry,Normal,53593,55025012700.0
6280,1979 Milky Way,VERONA,*Unspecified,CH PSYCHIATRY,Psychiatry,Normal,53593,55025012700.0
6281,1979 Milky Way,VERONA,*Unspecified,CH PSYCHIATRY,Psychiatry,Normal,53593,55025012700.0
6282,1979 Milky Way,VERONA,*Unspecified,EMH EMERGENCY,Emergency Medicine,ED,53593,55025012700.0
6283,1979 Milky Way,VERONA,*Unspecified,CH PSYCHIATRY,Psychiatry,Normal,53593,55025012700.0
6284,1979 Milky Way,VERONA,*Unspecified,CH PSYCHIATRY,Psychiatry,Normal,53593,55025012700.0
6285,1979 Milky Way,VERONA,*Unspecified,CH PSYCHIATRY,Psychiatry,Normal,53593,55025012700.0
6286,1979 Milky Way,VERONA,DANE,CH PERIOP SERVICES,General Surgery,OR,53593,55025012700.0
6287,1979 Milky Way,VERONA,*Unspecified,CH EMERGENCY,Emergency Medicine,ED,53593,55025012700.0
6288,1979 Milky Way,VERONA,*Unspecified,EMH OBSERVATION,*Unspecified,,53593,55025012700.0
6289,1979 Milky Way,VERONA,*Unspecified,EMH CARDIAC ICU,Cardiac Intensive Care,ICU,53593,55025012700.0
6290,1979 Milky Way,VERONA,*Unspecified,EMH CARDIAC ICU,Cardiac Intensive Care,ICU,53593,55025012700.0
6291,1979 Milky Way,VERONA,*Unspecified,EMH CARDIAC ICU,Cardiac Intensive Care,ICU,53593,55025012700.0
6292,1979 Milky Way,VERONA,*Unspecified,EMH CARDIAC ICU,Cardiac Intensive Care,ICU,53593,55025012700.0
6293,1979 Milky Way,VERONA,*Unspecified,EMH EMERGENCY,Emergency Medicine,ED,53593,55025012700.0
6294,1979 Milky Way,VERONA,*Unspecified,EMH CARDIAC ICU,Cardiac Intensive Care,ICU,53593,55025012700.0
6295,1979 Milky Way,VERONA,*Unspecified,EMH CARDIAC ICU,Cardiac Intensive Care,ICU,53593,55025012700.0
6296,1979 Milky Way,VERONA,*Unspecified,EMH CARDIAC ICU,Cardiac Intensive Care,ICU,53593,55025012700.0
6297,1979 Milky Way,VERONA,*Unspecified,EMH CARDIAC ICU,Cardiac Intensive Care,ICU,53593,55025012700.0
6298,1979 Milky Way,VERONA,*Unspecified,EMH CARDIAC ICU,Cardiac Intensive Care,ICU,53593,55025012700.0
6299,1979 Milky Way,VERONA,*Unspecified,EMH CARDIAC ICU,Cardiac Intensive Care,ICU,53593,55025012700.0
6300,1979 Milky Way,VERONA,*Unspecified,EMH CARDIAC ICU,Cardiac Intensive Care,ICU,53593,55025012700.0
6301,1979 Milky Way,VERONA,*Unspecified,EMH CARDIAC ICU,Cardiac Intensive Care,ICU,53593,55025012700.0
6302,1979 Milky Way,VERONA,*Unspecified,EMH CARDIAC ICU,Cardiac Intensive Care,ICU,53593,55025012700.0
6303,1979 Milky Way,VERONA,*Unspecified,EMH CARDIAC ICU,Cardiac Intensive Care,ICU,53593,55025012700.0
6304,1979 Milky Way,VERONA,*Unspecified,EMH EMERGENCY,Emergency Medicine,ED,53593,55025012700.0
6305,1979 Milky Way,VERONA,*Unspecified,EMH LABOR & DELIVERY,Obstetrics and Gynecology,L&D,53593,55025012700.0
6306,1979 Milky Way,VERONA,*Unspecified,EMH IR IMAGING,Radiology,OR,53593,55025012700.0
6307,1979 Milky Way,VERONA,*Unspecified,EMH OBSERVATION,*Unspecified,,53593,55025012700.0
6308,1979 Milky Way,VERONA,*Unspecified,EMH OBSERVATION,*Unspecified,,53593,55025012700.0
6309,1979 Milky Way,VERONA,*Unspecified,EMH OBSERVATION,*Unspecified,,53593,55025012700.0
6310,1979 Milky Way,VERONA,*Unspecified,EMH OBSERVATION,*Unspecified,,53593,55025012700.0
6311,1979 Milky Way,VERONA,*Unspecified,EMH OBSERVATION,*Unspecified,,53593,55025012700.0
6312,1979 Milky Way,VERONA,*Unspecified,EMH OBSERVATION,*Unspecified,,53593,55025012700.0
6313,1979 Milky Way,VERONA,*Unspecified,EMH OBSERVATION,*Unspecified,,53593,55025012700.0
6314,1979 Milky Way,VERONA,*Unspecified,EMH OBSERVATION,*Unspecified,,53593,55025012700.0
6315,1979 Milky Way,VERONA,*Unspecified,EMH MED SURG,*Unspecified,,53593,55025012700.0
6316,1979 Milky Way,VERONA,*Unspecified,EMH OBSERVATION,*Unspecified,,53593,55025012700.0
6317,1979 Milky Way,VERONA,*Unspecified,EMH OBSERVATION,*Unspecified,,53593,55025012700.0
6318,1979 Milky Way,VERONA,*Unspecified,EMH OBSERVATION,*Unspecified,,53593,55025012700.0
6319,1979 Milky Way,VERONA,*Unspecified,MODEL OVERFLOW,*Unspecified,,53593,55025012700.0
6320,1979 Milky Way,VERONA,*Unspecified,MODEL OVERFLOW,*Unspecified,,53593,55025012700.0
6321,1979 Milky Way,VERONA,*Unspecified,EMH EMERGENCY,Emergency Medicine,ED,53593,55025012700.0
6322,1979 Milky Way,VERONA,*Unspecified,EMH EMERGENCY,Emergency Medicine,ED,53593,55025012700.0
6323,1979 Milky Way,VERONA,*Unspecified,EMH EMERGENCY,Emergency Medicine,ED,53593,55025012700.0
6324,1979 Milky Way,VERONA,*Unspecified,EMH EMERGENCY,Emergency Medicine,ED,53593,55025012700.0
6325,1979 Milky Way,VERONA,*Unspecified,EMH EMERGENCY,Emergency Medicine,ED,53593,55025012700.0
6326,1979 Milky Way,VERONA,*Unspecified,EMH EMERGENCY,Emergency Medicine,ED,53593,55025012700.0
6327,1979 Milky Way,VERONA,*Unspecified,EMH EMERGENCY,Emergency Medicine,ED,53593,55025012700.0
6328,1979 Milky Way,VERONA,*Unspecified,EMH EMERGENCY,Emergency Medicine,ED,53593,55025012700.0
6329,1979 Milky Way,VERONA,*Unspecified,EMH EMERGENCY,Emergency Medicine,ED,53593,55025012700.0
6330,1979 Milky Way,VERONA,*Unspecified,EMH EMERGENCY,Emergency Medicine,ED,53593,55025012700.0
6331,1979 Milky Way,VERONA,*Unspecified,EMH EMERGENCY,Emergency Medicine,ED,53593,55025012700.0
6332,1979 Milky Way,VERONA,*Unspecified,EMH EMERGENCY,Emergency Medicine,ED,53593,55025012700.0
6333,1979 Milky Way,VERONA,*Unspecified,EMH EMERGENCY,Emergency Medicine,ED,53593,55025012700.0
6334,1979 Milky Way,VERONA,*Unspecified,EMH EMERGENCY,Emergency Medicine,ED,53593,55025012700.0
6335,1979 Milky Way,VERONA,*Unspecified,EMH EMERGENCY,Emergency Medicine,ED,53593,55025012700.0
6336,1979 Milky Way,VERONA,*Unspecified,EMH EMERGENCY,Emergency Medicine,ED,53593,55025012700.0
6337,1979 Milky Way,VERONA,*Unspecified,EMH EMERGENCY,Emergency Medicine,ED,53593,55025012700.0
6338,1979 Milky Way,VERONA,*Unspecified,EMH EMERGENCY,Emergency Medicine,ED,53593,55025012700.0
6339,1979 Milky Way,VERONA,*Unspecified,EMH EMERGENCY,Emergency Medicine,ED,53593,55025012700.0
6340,1979 Milky Way,VERONA,*Unspecified,EMH ICU,Intensive Care,ICU,53593,55025012700.0
6341,1979 Milky Way,VERONA,*Unspecified,EMH MED SURG,*Unspecified,,53593,55025012700.0
6342,1979 Milky Way,VERONA,*Unspecified,EMH EMERGENCY,Emergency Medicine,ED,53593,55025012700.0
6343,1979 Milky Way,VERONA,*Unspecified,EMH EMERGENCY,Emergency Medicine,ED,53593,55025012700.0
6344,1979 Milky Way,VERONA,*Unspecified,EMH EMERGENCY,Emergency Medicine,ED,53593,55025012700.0
6345,1979 Milky Way,VERONA,*Unspecified,EMH EMERGENCY,Emergency Medicine,ED,53593,55025012700.0
6346,1979 Milky Way,VERONA,*Unspecified,EMH EMERGENCY,Emergency Medicine,ED,53593,55025012700.0
6347,1979 Milky Way,VERONA,*Unspecified,EMH EMERGENCY,Emergency Medicine,ED,53593,55025012700.0
6348,1979 Milky Way,VERONA,*Unspecified,EMH EMERGENCY,Emergency Medicine,ED,53593,55025012700.0
6349,1979 Milky Way,VERONA,*Unspecified,EMH EMERGENCY,Emergency Medicine,ED,53593,55025012700.0
6350,1979 Milky Way,VERONA,*Unspecified,EMH EMERGENCY,Emergency Medicine,ED,53593,55025012700.0
6351,1979 Milky Way,VERONA,*Unspecified,EMH EMERGENCY,Emergency Medicine,ED,53593,55025012700.0
6352,1979 Milky Way,VERONA,*Unspecified,EMH EMERGENCY,Emergency Medicine,ED,53593,55025012700.0
6353,1979 Milky Way,VERONA,*Unspecified,EMH EMERGENCY,Emergency Medicine,ED,53593,55025012700.0
6354,1979 Milky Way,VERONA,*Unspecified,EMH EMERGENCY,Emergency Medicine,ED,53593,55025012700.0
6355,1979 Milky Way,VERONA,*Unspecified,EMH EMERGENCY,Emergency Medicine,ED,53593,55025012700.0
6356,1979 Milky Way,VERONA,*Unspecified,EMH EMERGENCY,Emergency Medicine,ED,53593,55025012700.0
6357,1979 Milky Way,VERONA,*Unspecified,EMH EMERGENCY,Emergency Medicine,ED,53593,55025012700.0
6358,1979 Milky Way,VERONA,*Unspecified,EMH EMERGENCY,Emergency Medicine,ED,53593,55025012700.0
6359,1979 Milky Way,VERONA,*Unspecified,EMH EMERGENCY,Emergency Medicine,ED,53593,55025012700.0
6360,1979 Milky Way,VERONA,*Unspecified,EMH EMERGENCY,Emergency Medicine,ED,53593,55025012700.0
6361,1979 Milky Way,VERONA,*Unspecified,EMH EMERGENCY,Emergency Medicine,ED,53593,55025012700.0
6362,1979 Milky Way,VERONA,*Unspecified,EMH EMERGENCY,Emergency Medicine,ED,53593,55025012700.0
6363,1979 Milky Way,VERONA,*Unspecified,EMH EMERGENCY,Emergency Medicine,ED,53593,55025012700.0
6364,1979 Milky Way,VERONA,*Unspecified,EMH EMERGENCY,Emergency Medicine,ED,53593,55025012700.0
6365,1979 Milky Way,VERONA,*Unspecified,EMH EMERGENCY,Emergency Medicine,ED,53593,55025012700.0
6366,1979 Milky Way,VERONA,*Unspecified,EMH EMERGENCY,Emergency Medicine,ED,53593,55025012700.0
6367,1979 Milky Way,VERONA,*Unspecified,EMH MED SURG,*Unspecified,,53593,55025012700.0
6368,1979 Milky Way,VERONA,*Unspecified,EMH SLEEP LAB,Sleep Medicine,HOD,53593,55025012700.0
6369,1979 Milky Way,VERONA,*Unspecified,EMH EMERGENCY,Emergency Medicine,ED,53593,55025012700.0
6370,1979 Milky Way,VERONA,*Unspecified,EMH MED SURG,*Unspecified,,53593,55025012700.0
6371,1979 Milky Way,VERONA,*Unspecified,EMH MED SURG,*Unspecified,,53593,55025012700.0
6372,1979 Milky Way,VERONA,*Unspecified,EMH MED SURG,*Unspecified,,53593,55025012700.0
6373,1979 Milky Way,VERONA,*Unspecified,EMH MED SURG,*Unspecified,,53593,55025012700.0
6374,1979 Milky Way,VERONA,*Unspecified,EMH EMERGENCY,Emergency Medicine,ED,53593,55025012700.0
6375,1979 Milky Way,VERONA,*Unspecified,EMH EMERGENCY,Emergency Medicine,ED,53593,55025012700.0
6376,,Topeka,SHAWNEE,MULTIPLE TESTS,*Unspecified,HOD,,
6377,1500 SW 10th Ave,Topeka,SHAWNEE,EMERGENCY DEPARTMENT,Emergency Medicine,ED,66604,20177003603.0
6378,1500 SW 10th Ave,Topeka,SHAWNEE,EMERGENCY DEPARTMENT,Emergency Medicine,ED,66604,20177003603.0
6379,1500 SW 10th Ave,Topeka,SHAWNEE,EMERGENCY DEPARTMENT,Emergency Medicine,ED,66604,20177003603.0
6380,1979 Milky Way,VERONA,*Unspecified,EMH EMERGENCY,Emergency Medicine,ED,53593,55025012700.0
6381,1500 SW 10th Ave,Topeka,SHAWNEE,EMERGENCY DEPARTMENT,Emergency Medicine,ED,66604,20177003603.0
6382,1500 SW 10th Ave,Topeka,SHAWNEE,EMERGENCY DEPARTMENT,Emergency Medicine,ED,66604,20177003603.0
6383,1500 SW 10th Ave,Topeka,SHAWNEE,POST-SURGICAL-7 SOUTH,*Unspecified,,66604,20177003603.0
6384,1500 SW 10th Ave,Topeka,SHAWNEE,EMERGENCY DEPARTMENT,Emergency Medicine,ED,66604,20177003603.0
6385,1500 SW 10th Ave,Topeka,SHAWNEE,POST-SURGICAL-7 SOUTH,*Unspecified,,66604,20177003603.0
6386,1500 SW 10th Ave,Topeka,SHAWNEE,POST-SURGICAL-7 SOUTH,*Unspecified,,66604,20177003603.0
6387,1500 SW 10th Ave,Topeka,SHAWNEE,POST-SURGICAL-7 SOUTH,*Unspecified,,66604,20177003603.0
6388,1500 SW 10th Ave,Topeka,SHAWNEE,POST-SURGICAL-7 SOUTH,*Unspecified,,66604,20177003603.0
6389,1500 SW 10th Ave,Topeka,SHAWNEE,POST-SURGICAL-7 SOUTH,*Unspecified,,66604,20177003603.0
6390,1500 SW 10th Ave,Topeka,SHAWNEE,POST-SURGICAL-7 SOUTH,*Unspecified,,66604,20177003603.0
6391,1979 Milky Way,VERONA,*Unspecified,EMH EMERGENCY,Emergency Medicine,ED,53593,55025012700.0
6392,1500 SW 10th Ave,Topeka,SHAWNEE,POST-SURGICAL-7 SOUTH,*Unspecified,,66604,20177003603.0
6393,1500 SW 10th Ave,Topeka,SHAWNEE,POST-SURGICAL-7 SOUTH,*Unspecified,,66604,20177003603.0
6394,1500 SW 10th Ave,Topeka,SHAWNEE,PERIOP SERVICES,*Unspecified,OR,66604,20177003603.0
6395,1500 SW 10th Ave,Topeka,SHAWNEE,POST-SURGICAL-7 SOUTH,*Unspecified,,66604,20177003603.0
6396,1500 SW 10th Ave,Topeka,SHAWNEE,POST-SURGICAL-7 SOUTH,*Unspecified,,66604,20177003603.0
6397,1500 SW 10th Ave,Topeka,SHAWNEE,POST-SURGICAL-7 SOUTH,*Unspecified,,66604,20177003603.0
6398,1500 SW 10th Ave,Topeka,SHAWNEE,POST-SURGICAL-7 SOUTH,*Unspecified,,66604,20177003603.0
6399,1500 SW 10th Ave,Topeka,SHAWNEE,POST-SURGICAL-7 SOUTH,*Unspecified,,66604,20177003603.0
6400,1500 SW 10th Ave,Topeka,SHAWNEE,POST-SURGICAL-7 SOUTH,*Unspecified,,66604,20177003603.0
6401,1500 SW 10th Ave,Topeka,SHAWNEE,POST-SURGICAL-7 SOUTH,*Unspecified,,66604,20177003603.0
6402,1979 Milky Way,VERONA,*Unspecified,EMH EMERGENCY,Emergency Medicine,ED,53593,55025012700.0
6403,- 340B00935100SV,,*Unspecified,ST OUTPATIENT CTR,*Unspecified,,,
6404,- 340B00935100SV,,*Unspecified,ST OUTPATIENT CTR,*Unspecified,,,
6405,- 340B00935100SV,,*Unspecified,ST OUTPATIENT CTR,*Unspecified,,,
6406,1500 SW 10th Ave,Topeka,SHAWNEE,CVOPC,*Unspecified,,66604,20177003603.0
6407,1500 SW 10th Ave,Topeka,SHAWNEE,CVOPC,*Unspecified,,66604,20177003603.0
6408,- 340B00935100SV,,*Unspecified,ST OUTPATIENT CTR,*Unspecified,,,
6409,- 340B00935100SV,,*Unspecified,ST OUTPATIENT CTR,*Unspecified,,,
6410,- 340B00935100SV,,*Unspecified,ST OUTPATIENT CTR,*Unspecified,,,
6411,- 340B00935100SV,,*Unspecified,ST OUTPATIENT CTR,*Unspecified,,,
6412,- 340B00935100SV,,*Unspecified,ST OUTPATIENT CTR,*Unspecified,,,
6413,1979 Milky Way,VERONA,*Unspecified,EMH EMERGENCY,Emergency Medicine,ED,53593,55025012700.0
6414,- 340B00935100SV,,*Unspecified,ST OUTPATIENT CTR,*Unspecified,,,
6415,- 340B00935100SV,,*Unspecified,ST OUTPATIENT CTR,*Unspecified,,,
6416,- 340B00935100SV,,*Unspecified,ST OUTPATIENT CTR,*Unspecified,,,
6417,- 340B00935100SV,,*Unspecified,ST OUTPATIENT CTR,*Unspecified,,,
6418,1500 SW 10th Ave,Topeka,SHAWNEE,PACU,*Unspecified,OR,66604,20177003603.0
6419,1500 SW 10th Ave,Topeka,SHAWNEE,PACU,*Unspecified,OR,66604,20177003603.0
6420,1500 SW 10th Ave,Topeka,SHAWNEE,PACU,*Unspecified,OR,66604,20177003603.0
6421,1500 SW 10th Ave,Topeka,SHAWNEE,PACU,*Unspecified,OR,66604,20177003603.0
6422,- 340B00935100SV,,*Unspecified,ST OUTPATIENT CTR,*Unspecified,,,
6423,1414 SW 8th Ave,Topeka,SHAWNEE,INFUSION CENTER,Infusion Therapy,HOD,66606,20177000500.0
6424,1979 Milky Way,VERONA,*Unspecified,EMH EMERGENCY,Emergency Medicine,ED,53593,55025012700.0
6425,1414 SW 8th Ave,Topeka,SHAWNEE,INFUSION CENTER,Infusion Therapy,HOD,66606,20177000500.0
6426,1414 SW 8th Ave,Topeka,SHAWNEE,INFUSION CENTER,Infusion Therapy,HOD,66606,20177000500.0
6427,1414 SW 8th Ave,Topeka,SHAWNEE,INFUSION CENTER,Infusion Therapy,HOD,66606,20177000500.0
6428,1414 SW 8th Ave,Topeka,SHAWNEE,INFUSION CENTER,Infusion Therapy,HOD,66606,20177000500.0
6429,1414 SW 8th Ave,Topeka,SHAWNEE,INFUSION CENTER,Infusion Therapy,HOD,66606,20177000500.0
6430,1414 SW 8th Ave,Topeka,SHAWNEE,INFUSION CENTER,Infusion Therapy,HOD,66606,20177000500.0
6431,1414 SW 8th Ave,Topeka,SHAWNEE,INFUSION CENTER,Infusion Therapy,HOD,66606,20177000500.0
6432,1414 SW 8th Ave,Topeka,SHAWNEE,INFUSION CENTER,Infusion Therapy,HOD,66606,20177000500.0
6433,1414 SW 8th Ave,Topeka,SHAWNEE,INFUSION CENTER,Infusion Therapy,HOD,66606,20177000500.0
6434,1500 SW 10th Ave,Topeka,SHAWNEE,POST-SURGICAL-7 SOUTH,*Unspecified,,66604,20177003603.0
6435,1979 Milky Way,VERONA,*Unspecified,EMH EMERGENCY,Emergency Medicine,ED,53593,55025012700.0
6436,1500 SW 10th Ave,Topeka,SHAWNEE,POST-SURGICAL-7 SOUTH,*Unspecified,,66604,20177003603.0
6437,1500 SW 10th Ave,Topeka,SHAWNEE,POST-SURGICAL-7 SOUTH,*Unspecified,,66604,20177003603.0
6438,1500 SW 10th Ave,Topeka,SHAWNEE,POST-SURGICAL-7 SOUTH,*Unspecified,,66604,20177003603.0
6439,1500 SW 10th Ave,Topeka,SHAWNEE,POST-SURGICAL-7 SOUTH,*Unspecified,,66604,20177003603.0
6440,1500 SW 10th Ave,Topeka,SHAWNEE,POST-SURGICAL-7 SOUTH,*Unspecified,,66604,20177003603.0
6441,1500 SW 10th Ave,Topeka,SHAWNEE,POST-SURGICAL-7 SOUTH,*Unspecified,,66604,20177003603.0
6442,1500 SW 10th Ave,Topeka,SHAWNEE,POST-SURGICAL-7 SOUTH,*Unspecified,,66604,20177003603.0
6443,1500 SW 10th Ave,Topeka,SHAWNEE,PROCEDURE RADIOLOGY,*Unspecified,,66604,20177003603.0
6444,1500 SW 10th Ave,Topeka,SHAWNEE,PROCEDURE RADIOLOGY,*Unspecified,,66604,20177003603.0
6445,- 340B00935100SV,,*Unspecified,ST OUTPATIENT CTR,*Unspecified,,,
6446,1979 Milky Way,VERONA,*Unspecified,EMH EMERGENCY,Emergency Medicine,ED,53593,55025012700.0
6447,1500 SW 10th Ave,Topeka,SHAWNEE,CRITICAL CARE-2SOUTH,*Unspecified,ICU,66604,20177003603.0
6448,1500 SW 10th Ave,Topeka,SHAWNEE,CRITICAL CARE-2SOUTH,*Unspecified,ICU,66604,20177003603.0
6449,1500 SW 10th Ave,Topeka,SHAWNEE,CRITICAL CARE-2SOUTH,*Unspecified,ICU,66604,20177003603.0
6450,1500 SW 10th Ave,Topeka,SHAWNEE,CRITICAL CARE-2SOUTH,*Unspecified,ICU,66604,20177003603.0
6451,1500 SW 10th Ave,Topeka,SHAWNEE,CRITICAL CARE-2SOUTH,*Unspecified,ICU,66604,20177003603.0
6452,1500 SW 10th Ave,Topeka,SHAWNEE,CRITICAL CARE-2SOUTH,*Unspecified,ICU,66604,20177003603.0
6453,- 340B00935100SV,,*Unspecified,ST OUTPATIENT CTR,*Unspecified,,,
6454,- 340B00935100SV,,*Unspecified,ST OUTPATIENT CTR,*Unspecified,,,
6455,- 340B00935100SV,,*Unspecified,ST OUTPATIENT CTR,*Unspecified,,,
6456,- 340B00935100SV,,*Unspecified,ST OUTPATIENT CTR,*Unspecified,,,
6457,1979 Milky Way,VERONA,*Unspecified,EMH EMERGENCY,Emergency Medicine,ED,53593,55025012700.0
6458,1414 SW 8th Ave,Topeka,SHAWNEE,RADIATION THERAPY,Radiation Therapy,HOD,66606,20177000500.0
6459,1414 SW 8th Ave,Topeka,SHAWNEE,CANCER CENTER PET/CT,Radiology,HOD,66606,20177000500.0
6460,1500 SW 10th Ave 340B00935100SV,Topeka,SHAWNEE,CHEMOTHERAPY/INFUSION,*Unspecified,HOD,66604,20177003603.0
6461,1500 SW 10th Ave,Topeka,SHAWNEE,PACU,*Unspecified,OR,66604,20177003603.0
6462,901 SW Garfield Ave,Topeka,SHAWNEE,CANCER CENTER,*Unspecified,HOD,66606,20177000500.0
6463,901 SW Garfield Ave,Topeka,SHAWNEE,CANCER CENTER,*Unspecified,HOD,66606,20177000500.0
6464,901 SW Garfield Ave,Topeka,SHAWNEE,CANCER CENTER,*Unspecified,HOD,66606,20177000500.0
6465,901 SW Garfield Ave,Topeka,SHAWNEE,CANCER CENTER,*Unspecified,HOD,66606,20177000500.0
6466,901 SW Garfield Ave,Topeka,SHAWNEE,CANCER CENTER,*Unspecified,HOD,66606,20177000500.0
6467,,Topeka,SHAWNEE,MRI CENTER,*Unspecified,HOD,,
6468,1979 Milky Way,VERONA,*Unspecified,EMH EMERGENCY,Emergency Medicine,ED,53593,55025012700.0
6469,,Topeka,SHAWNEE,MRI CENTER,*Unspecified,HOD,,
6470,731 SW Mulvane St,Topeka,SHAWNEE,SV IMAGING CENTER,Radiology,HOD,66604,20177003603.0
6471,1500 SW 10th Ave,Topeka,SHAWNEE,PRE-POST,*Unspecified,OR,66604,20177003603.0
6472,920 SW Lane St,Topeka,*Unspecified,EXCELLENT SURGERY,*Unspecified,,66606,20177000500.0
6473,920 SW Lane St Ste 200,Topeka,SHAWNEE,EXCELLENT PRE-POST,Otolaryngology,OR,66606,20177000500.0
6474,920 SW Lane St Ste 200,TOPEKA,SHAWNEE,EXCELLENT OR,Otolaryngology,OR,66606,20177000500.0
6475,1500 SW 10th Ave,Topeka,SHAWNEE,INTERMEDIATE CARE,*Unspecified,,66604,20177003603.0
6476,1500 SW 10th Ave,Topeka,SHAWNEE,NIC,Neonatology,ICU,66604,20177003603.0
6477,1500 SW 10th Ave,Topeka,SHAWNEE,NIC,Neonatology,ICU,66604,20177003603.0
6478,920 SW Lane St,Topeka,*Unspecified,EXCELLENT SURGERY,*Unspecified,,66606,20177000500.0
6479,1979 Milky Way,VERONA,*Unspecified,EMH EMERGENCY,Emergency Medicine,ED,53593,55025012700.0
6480,920 SW Lane St,Topeka,*Unspecified,EXCELLENT SURGERY,*Unspecified,,66606,20177000500.0
6481,920 SW Lane St,Topeka,*Unspecified,EXCELLENT SURGERY,*Unspecified,,66606,20177000500.0
6482,920 SW Lane St,Topeka,*Unspecified,EXCELLENT SURGERY,*Unspecified,,66606,20177000500.0
6483,920 SW Lane St,Topeka,*Unspecified,EXCELLENT SURGERY,*Unspecified,,66606,20177000500.0
6484,920 SW Lane St,Topeka,*Unspecified,EXCELLENT SURGERY,*Unspecified,,66606,20177000500.0
6485,920 SW Lane St,Topeka,*Unspecified,EXCELLENT SURGERY,*Unspecified,,66606,20177000500.0
6486,920 SW Lane St,Topeka,*Unspecified,EXCELLENT SURGERY,*Unspecified,,66606,20177000500.0
6487,920 SW Lane St,Topeka,*Unspecified,EXCELLENT SURGERY,*Unspecified,,66606,20177000500.0
6488,920 SW Lane St,Topeka,*Unspecified,EXCELLENT SURGERY,*Unspecified,,66606,20177000500.0
6489,920 SW Lane St 340B00935100SV,Topeka,SHAWNEE,EXCELLENT SURG OP,*Unspecified,,66606,20177000500.0
6490,1979 Milky Way,VERONA,*Unspecified,EMH EMERGENCY,Emergency Medicine,ED,53593,55025012700.0
6491,920 SW Lane St,Topeka,*Unspecified,EXCELLENT SURGERY,*Unspecified,,66606,20177000500.0
6492,920 SW Lane St,Topeka,*Unspecified,EXCELLENT SURGERY,*Unspecified,,66606,20177000500.0
6493,920 SW Lane St,Topeka,*Unspecified,EXCELLENT SURGERY,*Unspecified,,66606,20177000500.0
6494,920 SW Lane St,Topeka,*Unspecified,EXCELLENT SURGERY,*Unspecified,,66606,20177000500.0
6495,920 SW Lane St,Topeka,*Unspecified,EXCELLENT SURGERY,*Unspecified,,66606,20177000500.0
6496,920 SW Lane St,Topeka,*Unspecified,EXCELLENT SURGERY,*Unspecified,,66606,20177000500.0
6497,920 SW Lane St,Topeka,*Unspecified,EXCELLENT SURGERY,*Unspecified,,66606,20177000500.0
6498,920 SW Lane St,Topeka,*Unspecified,EXCELLENT SURGERY,*Unspecified,,66606,20177000500.0
6499,920 SW Lane St,Topeka,*Unspecified,EXCELLENT SURGERY,*Unspecified,,66606,20177000500.0
6500,920 SW Lane St,Topeka,*Unspecified,EXCELLENT SURGERY,*Unspecified,,66606,20177000500.0
6501,1979 Milky Way,VERONA,*Unspecified,EMH EMERGENCY,Emergency Medicine,ED,53593,55025012700.0
6502,920 SW Lane St,Topeka,*Unspecified,EXCELLENT SURGERY,*Unspecified,,66606,20177000500.0
6503,920 SW Lane St,Topeka,*Unspecified,EXCELLENT SURGERY,*Unspecified,,66606,20177000500.0
6504,920 SW Lane St,Topeka,*Unspecified,EXCELLENT SURGERY,*Unspecified,,66606,20177000500.0
6505,920 SW Lane St,Topeka,*Unspecified,EXCELLENT SURGERY,*Unspecified,,66606,20177000500.0
6506,920 SW Lane St,Topeka,*Unspecified,EXCELLENT SURGERY,*Unspecified,,66606,20177000500.0
6507,920 SW Lane St,Topeka,*Unspecified,EXCELLENT SURGERY,*Unspecified,,66606,20177000500.0
6508,920 SW Lane St,Topeka,*Unspecified,EXCELLENT SURGERY,*Unspecified,,66606,20177000500.0
6509,920 SW Lane St,Topeka,*Unspecified,EXCELLENT SURGERY,*Unspecified,,66606,20177000500.0
6510,920 SW Lane St,Topeka,*Unspecified,EXCELLENT SURGERY,*Unspecified,,66606,20177000500.0
6511,920 SW Lane St,Topeka,*Unspecified,EXCELLENT SURGERY,*Unspecified,,66606,20177000500.0
6512,1979 Milky Way,VERONA,*Unspecified,EMH EMERGENCY,Emergency Medicine,ED,53593,55025012700.0
6513,1500 SW 10th Ave,Topeka,SHAWNEE,INTERMEDIATE CARE,*Unspecified,,66604,20177003603.0
6514,1500 SW 10th Ave,Topeka,SHAWNEE,POST-SURGICAL-7 SOUTH,*Unspecified,,66604,20177003603.0
6515,1500 SW 10th Ave,Topeka,SHAWNEE,POST-SURGICAL-7 SOUTH,*Unspecified,,66604,20177003603.0
6516,1500 SW 10th Ave,Topeka,SHAWNEE,POST-SURGICAL-7 SOUTH,*Unspecified,,66604,20177003603.0
6517,1500 SW 10th Ave 340B00935100SV,Topeka,SHAWNEE,GERO-PSYCH-6WEST,*Unspecified,,66604,20177003603.0
6518,1500 SW 10th Ave 340B00935100SV,Topeka,SHAWNEE,GERO-PSYCH-6WEST,*Unspecified,,66604,20177003603.0
6519,1500 SW 10th Ave 340B00935100SV,Topeka,SHAWNEE,GERO-PSYCH-6WEST,*Unspecified,,66604,20177003603.0
6520,1500 SW 10th Ave,Topeka,SHAWNEE,INTERMEDIATE CARE,*Unspecified,,66604,20177003603.0
6521,1500 SW 10th Ave,Topeka,SHAWNEE,INTERMEDIATE CARE,*Unspecified,,66604,20177003603.0
6522,1500 SW 10th Ave,Topeka,SHAWNEE,INTERMEDIATE CARE,*Unspecified,,66604,20177003603.0
6523,1979 Milky Way,VERONA,*Unspecified,EMH EMERGENCY,Emergency Medicine,ED,53593,55025012700.0
6524,1500 SW 10th Ave,Topeka,SHAWNEE,INTERMEDIATE CARE,*Unspecified,,66604,20177003603.0
6525,1414 SW 8th Ave,Topeka,SHAWNEE,INFUSION CENTER,Infusion Therapy,HOD,66606,20177000500.0
6526,1500 SW 10th Ave,Topeka,SHAWNEE,SPINE CENTER,*Unspecified,,66604,20177003603.0
6527,1500 SW 10th Ave,Topeka,SHAWNEE,SPINE CENTER,*Unspecified,,66604,20177003603.0
6528,1500 SW 10th Ave,Topeka,SHAWNEE,SPINE CENTER,*Unspecified,,66604,20177003603.0
6529,1500 SW 10th Ave,Topeka,SHAWNEE,SPINE CENTER,*Unspecified,,66604,20177003603.0
6530,1500 SW 10th Ave,Topeka,SHAWNEE,SPINE CENTER,*Unspecified,,66604,20177003603.0
6531,1500 SW 10th Ave,Topeka,SHAWNEE,SPINE CENTER,*Unspecified,,66604,20177003603.0
6532,1500 SW 10th Ave,Topeka,SHAWNEE,SPINE CENTER,*Unspecified,,66604,20177003603.0
6533,1500 SW 10th Ave,Topeka,SHAWNEE,SPINE CENTER,*Unspecified,,66604,20177003603.0
6534,1979 Milky Way,VERONA,*Unspecified,EMH EMERGENCY,Emergency Medicine,ED,53593,55025012700.0
6535,1500 SW 10th Ave,Topeka,SHAWNEE,SPINE CENTER,*Unspecified,,66604,20177003603.0
6536,1500 SW 10th Ave,Topeka,SHAWNEE,SPINE CENTER,*Unspecified,,66604,20177003603.0
6537,1500 SW 10th Ave,Topeka,SHAWNEE,SPINE CENTER,*Unspecified,,66604,20177003603.0
6538,1500 SW 10th Ave,Topeka,SHAWNEE,SPINE CENTER,*Unspecified,,66604,20177003603.0
6539,1500 SW 10th Ave,Topeka,SHAWNEE,SPINE CENTER,*Unspecified,,66604,20177003603.0
6540,1500 SW 10th Ave,Topeka,SHAWNEE,SPINE CENTER,*Unspecified,,66604,20177003603.0
6541,1500 SW 10th Ave,Topeka,SHAWNEE,JOINT CENTER,*Unspecified,,66604,20177003603.0
6542,1500 SW 10th Ave,Topeka,SHAWNEE,JOINT CENTER,*Unspecified,,66604,20177003603.0
6543,1500 SW 10th Ave,Topeka,SHAWNEE,JOINT CENTER,*Unspecified,,66604,20177003603.0
6544,1500 SW 10th Ave,Topeka,SHAWNEE,JOINT CENTER,*Unspecified,,66604,20177003603.0
6545,1979 Milky Way,VERONA,*Unspecified,EMH MED SURG,*Unspecified,,53593,55025012700.0
6546,1500 SW 10th Ave,Topeka,SHAWNEE,JOINT CENTER,*Unspecified,,66604,20177003603.0
6547,1414 SW 8th Ave,Topeka,SHAWNEE,INFUSION CENTER,Infusion Therapy,HOD,66606,20177000500.0
6548,1414 SW 8th Ave,Topeka,SHAWNEE,INFUSION CENTER,Infusion Therapy,HOD,66606,20177000500.0
6549,1414 SW 8th Ave,Topeka,SHAWNEE,INFUSION CENTER,Infusion Therapy,HOD,66606,20177000500.0
6550,1414 SW 8th Ave,Topeka,SHAWNEE,INFUSION CENTER,Infusion Therapy,HOD,66606,20177000500.0
6551,1414 SW 8th Ave,Topeka,SHAWNEE,INFUSION CENTER,Infusion Therapy,HOD,66606,20177000500.0
6552,1414 SW 8th Ave,Topeka,SHAWNEE,INFUSION CENTER,Infusion Therapy,HOD,66606,20177000500.0
6553,1414 SW 8th Ave,Topeka,SHAWNEE,INFUSION CENTER,Infusion Therapy,HOD,66606,20177000500.0
6554,1414 SW 8th Ave,Topeka,SHAWNEE,INFUSION CENTER,Infusion Therapy,HOD,66606,20177000500.0
6555,1500 SW 10th Ave,Topeka,SHAWNEE,EMERGENCY DEPARTMENT,Emergency Medicine,ED,66604,20177003603.0
6556,1979 Milky Way,VERONA,*Unspecified,EMH MED SURG,*Unspecified,,53593,55025012700.0
6557,1414 SW 8th Ave,Topeka,SHAWNEE,INFUSION CENTER,Infusion Therapy,HOD,66606,20177000500.0
6558,1414 SW 8th Ave,Topeka,SHAWNEE,INFUSION CENTER,Infusion Therapy,HOD,66606,20177000500.0
6559,1414 SW 8th Ave,Topeka,SHAWNEE,INFUSION CENTER,Infusion Therapy,HOD,66606,20177000500.0
6560,1414 SW 8th Ave,Topeka,SHAWNEE,INFUSION CENTER,Infusion Therapy,HOD,66606,20177000500.0
6561,1414 SW 8th Ave,Topeka,SHAWNEE,INFUSION CENTER,Infusion Therapy,HOD,66606,20177000500.0
6562,1414 SW 8th Ave,Topeka,SHAWNEE,INFUSION CENTER,Infusion Therapy,HOD,66606,20177000500.0
6563,1414 SW 8th Ave,Topeka,SHAWNEE,INFUSION CENTER,Infusion Therapy,HOD,66606,20177000500.0
6564,1414 SW 8th Ave,Topeka,SHAWNEE,INFUSION CENTER,Infusion Therapy,HOD,66606,20177000500.0
6565,1500 SW 10th Ave,Topeka,SHAWNEE,EMERGENCY DEPARTMENT,Emergency Medicine,ED,66604,20177003603.0
6566,1500 SW 10th Ave 340B00935100SV,Topeka,SHAWNEE,OP OBSERV UNIT,*Unspecified,,66604,20177003603.0
6567,1979 Milky Way,VERONA,*Unspecified,EMH PEDIATRICS,Pediatrics,,53593,55025012700.0
6568,1500 SW 10th Ave 340B00935100SV,Topeka,SHAWNEE,OP OBSERV UNIT,*Unspecified,,66604,20177003603.0
6569,1500 SW 10th Ave,Topeka,SHAWNEE,EMERGENCY DEPARTMENT,Emergency Medicine,ED,66604,20177003603.0
6570,1500 SW 10th Ave 340B00935100SV,Topeka,SHAWNEE,TRAUMA CRITICAL CARE,*Unspecified,ICU,66604,20177003603.0
6571,1500 SW 10th Ave 340B00935100SV,Topeka,SHAWNEE,TRAUMA CRITICAL CARE,*Unspecified,ICU,66604,20177003603.0
6572,1500 SW 10th Ave 340B00935100SV,Topeka,SHAWNEE,TRAUMA CRITICAL CARE,*Unspecified,ICU,66604,20177003603.0
6573,1500 SW 10th Ave 340B00935100SV,Topeka,SHAWNEE,TRAUMA CRITICAL CARE,*Unspecified,ICU,66604,20177003603.0
6574,1414 SW 8th Ave,Topeka,SHAWNEE,INFUSION CENTER,Infusion Therapy,HOD,66606,20177000500.0
6575,1500 SW 10th Ave,Topeka,SHAWNEE,CVOPC,*Unspecified,,66604,20177003603.0
6576,1500 SW 10th Ave,Topeka,SHAWNEE,CVOPC,*Unspecified,,66604,20177003603.0
6577,1500 SW 10th Ave,Topeka,SHAWNEE,EMERGENCY DEPARTMENT,Emergency Medicine,ED,66604,20177003603.0
6578,1979 Milky Way,VERONA,*Unspecified,EMH PEDIATRICS,Pediatrics,,53593,55025012700.0
6579,1500 SW 10th Ave,Topeka,SHAWNEE,EMERGENCY DEPARTMENT,Emergency Medicine,ED,66604,20177003603.0
6580,1414 SW 8th Ave,Topeka,SHAWNEE,INFUSION CENTER,Infusion Therapy,HOD,66606,20177000500.0
6581,1414 SW 8th Ave,Topeka,SHAWNEE,INFUSION CENTER,Infusion Therapy,HOD,66606,20177000500.0
6582,1414 SW 8th Ave,Topeka,SHAWNEE,INFUSION CENTER,Infusion Therapy,HOD,66606,20177000500.0
6583,1414 SW 8th Ave,Topeka,SHAWNEE,INFUSION CENTER,Infusion Therapy,HOD,66606,20177000500.0
6584,1414 SW 8th Ave,Topeka,SHAWNEE,INFUSION CENTER,Infusion Therapy,HOD,66606,20177000500.0
6585,1414 SW 8th Ave,Topeka,SHAWNEE,INFUSION CENTER,Infusion Therapy,HOD,66606,20177000500.0
6586,1414 SW 8th Ave,Topeka,SHAWNEE,INFUSION CENTER,Infusion Therapy,HOD,66606,20177000500.0
6587,1414 SW 8th Ave,Topeka,SHAWNEE,INFUSION CENTER,Infusion Therapy,HOD,66606,20177000500.0
6588,1414 SW 8th Ave,Topeka,SHAWNEE,INFUSION CENTER,Infusion Therapy,HOD,66606,20177000500.0
6589,1979 Milky Way,VERONA,*Unspecified,EMH PEDIATRICS,Pediatrics,,53593,55025012700.0
6590,1414 SW 8th Ave,Topeka,SHAWNEE,INFUSION CENTER,Infusion Therapy,HOD,66606,20177000500.0
6591,1414 SW 8th Ave,Topeka,SHAWNEE,INFUSION CENTER,Infusion Therapy,HOD,66606,20177000500.0
6592,1414 SW 8th Ave,Topeka,SHAWNEE,INFUSION CENTER,Infusion Therapy,HOD,66606,20177000500.0
6593,1414 SW 8th Ave,Topeka,SHAWNEE,INFUSION CENTER,Infusion Therapy,HOD,66606,20177000500.0
6594,1414 SW 8th Ave,Topeka,SHAWNEE,INFUSION CENTER,Infusion Therapy,HOD,66606,20177000500.0
6595,1500 SW 10th Ave,Topeka,SHAWNEE,POST SURG OBSERVATION,*Unspecified,,66604,20177003603.0
6596,1500 SW 10th Ave,Topeka,SHAWNEE,POST SURG OBSERVATION,*Unspecified,,66604,20177003603.0
6597,1500 SW 10th Ave,Topeka,SHAWNEE,POST SURG OBSERVATION,*Unspecified,,66604,20177003603.0
6598,1500 SW 10th Ave,Topeka,SHAWNEE,POST SURG OBSERVATION,*Unspecified,,66604,20177003603.0
6599,1500 SW 10th Ave,Topeka,SHAWNEE,POST SURG OBSERVATION,*Unspecified,,66604,20177003603.0
6600,1979 Milky Way,VERONA,*Unspecified,EMH NEONATAL ICU,Neonatology,,53593,55025012700.0
6601,1500 SW 10th Ave,Topeka,SHAWNEE,POST SURG OBSERVATION,*Unspecified,,66604,20177003603.0
6602,1500 SW 10th Ave,Topeka,SHAWNEE,POST SURG OBSERVATION,*Unspecified,,66604,20177003603.0
6603,1500 SW 10th Ave,Topeka,SHAWNEE,POST SURG OBSERVATION,*Unspecified,,66604,20177003603.0
6604,1500 SW 10th Ave,Topeka,SHAWNEE,POST SURG OBSERVATION,*Unspecified,,66604,20177003603.0
6605,1500 SW 10th Ave,Topeka,SHAWNEE,POST SURG OBSERVATION,*Unspecified,,66604,20177003603.0
6606,1500 SW 10th Ave,Topeka,SHAWNEE,POST SURG OBSERVATION,*Unspecified,,66604,20177003603.0
6607,1500 SW 10th Ave,Topeka,SHAWNEE,POST SURG OBSERVATION,*Unspecified,,66604,20177003603.0
6608,1500 SW 10th Ave,Topeka,SHAWNEE,POST SURG OBSERVATION,*Unspecified,,66604,20177003603.0
6609,1500 SW 10th Ave,Topeka,SHAWNEE,POST SURG OBSERVATION,*Unspecified,,66604,20177003603.0
6610,1500 SW 10th Ave,Topeka,SHAWNEE,POST SURG OBSERVATION,*Unspecified,,66604,20177003603.0
6611,1979 Milky Way,VERONA,*Unspecified,EMH NURSERY,*Unspecified,,53593,55025012700.0
6612,1500 SW 10th Ave,Topeka,SHAWNEE,POST SURG OBSERVATION,*Unspecified,,66604,20177003603.0
6613,1979 Milky Way,VERONA,*Unspecified,EMH LABOR & DELIVERY,Obstetrics and Gynecology,L&D,53593,55025012700.0
6614,1979 Milky Way,VERONA,*Unspecified,EMH LABOR & DELIVERY,Obstetrics and Gynecology,L&D,53593,55025012700.0
6615,1979 Milky Way,VERONA,*Unspecified,EMH LABOR & DELIVERY,Obstetrics and Gynecology,L&D,53593,55025012700.0
6616,1979 Milky Way,VERONA,*Unspecified,EMH ANTEPARTUM,Obstetrics,L&D,53593,55025012700.0
6617,1979 Milky Way,VERONA,*Unspecified,EMH POSTPARTUM,*Unspecified,L&D,53593,55025012700.0
6618,1979 Milky Way,VERONA,*Unspecified,EMH ANTEPARTUM,Obstetrics,L&D,53593,55025012700.0
6619,1979 Milky Way,VERONA,*Unspecified,EMH ANTEPARTUM,Obstetrics,L&D,53593,55025012700.0
6620,1979 Milky Way,VERONA,*Unspecified,EMH POSTPARTUM,*Unspecified,L&D,53593,55025012700.0
6621,1979 Milky Way,VERONA,*Unspecified,EMH PSYCHIATRY,Psychiatry,,53593,55025012700.0
6622,1979 Milky Way,VERONA,*Unspecified,EMH PSYCHIATRY,Psychiatry,,53593,55025012700.0
6623,1979 Milky Way,VERONA,*Unspecified,EMH PSYCHIATRY,Psychiatry,,53593,55025012700.0
6624,1979 Milky Way,VERONA,*Unspecified,EMH PRE-PROCEDURE,*Unspecified,OR,53593,55025012700.0
6625,1979 Milky Way,VERONA,*Unspecified,EHS URGENT CARE,Urgent Care,ED,53593,55025012700.0
6626,1979 Milky Way,VERONA,*Unspecified,EMH EMERGENCY,Emergency Medicine,ED,53593,55025012700.0
6627,1979 Milky Way,VERONA,*Unspecified,EMH RECOVERY,*Unspecified,OR,53593,55025012700.0
6628,1979 Milky Way,VERONA,*Unspecified,EMH EMERGENCY,Emergency Medicine,ED,53593,55025012700.0
6629,1979 Milky Way,VERONA,*Unspecified,EHS URGENT CARE,Urgent Care,ED,53593,55025012700.0
6630,1979 Milky Way,VERONA,*Unspecified,EMH PHASE II,*Unspecified,OR,53593,55025012700.0
6631,1979 Milky Way,VERONA,*Unspecified,EHS URGENT CARE,Urgent Care,ED,53593,55025012700.0
6632,1979 Milky Way,VERONA,*Unspecified,EMH POSTPARTUM,*Unspecified,L&D,53593,55025012700.0
6633,1979 Milky Way,VERONA,*Unspecified,EMH LABOR & DELIVERY,Obstetrics and Gynecology,L&D,53593,55025012700.0
6634,1979 Milky Way,VERONA,*Unspecified,EHS URGENT CARE,Urgent Care,ED,53593,55025012700.0
6635,1979 Milky Way,VERONA,*Unspecified,EHS URGENT CARE,Urgent Care,ED,53593,55025012700.0
6636,1979 Milky Way,VERONA,*Unspecified,EMH ONCOLOGY,Oncology,HOD,53593,55025012700.0
6637,1979 Milky Way,VERONA,*Unspecified,EMH ONCOLOGY,Oncology,HOD,53593,55025012700.0
6638,1979 Milky Way,VERONA,*Unspecified,EHS URGENT CARE,Urgent Care,ED,53593,55025012700.0
6639,1979 Milky Way,VERONA,*Unspecified,EHS URGENT CARE,Urgent Care,ED,53593,55025012700.0
6640,1979 Milky Way,VERONA,*Unspecified,EHS URGENT CARE,Urgent Care,ED,53593,55025012700.0
6641,1979 Milky Way,VERONA,*Unspecified,EHS URGENT CARE,Urgent Care,ED,53593,55025012700.0
6642,1979 Milky Way,VERONA,*Unspecified,EHS URGENT CARE,Urgent Care,ED,53593,55025012700.0
6643,1979 Milky Way,VERONA,*Unspecified,EHS URGENT CARE,Urgent Care,ED,53593,55025012700.0
6644,1979 Milky Way,VERONA,*Unspecified,EMH PHYS MED & REHAB,Physical Medicine and Rehabilitation,HOD,53593,55025012700.0
6645,1979 Milky Way,VERONA,*Unspecified,EHS URGENT CARE,Urgent Care,ED,53593,55025012700.0
6646,1979 Milky Way,VERONA,*Unspecified,EHS URGENT CARE,Urgent Care,ED,53593,55025012700.0
6647,1979 Milky Way,VERONA,*Unspecified,EMH PHYS MED & REHAB,Physical Medicine and Rehabilitation,HOD,53593,55025012700.0
6648,1979 Milky Way,VERONA,*Unspecified,EMH PHYS MED & REHAB,Physical Medicine and Rehabilitation,HOD,53593,55025012700.0
6649,1979 Milky Way,VERONA,*Unspecified,EMH ONCOLOGY,Oncology,HOD,53593,55025012700.0
6650,1979 Milky Way,VERONA,*Unspecified,EMH ONCOLOGY,Oncology,HOD,53593,55025012700.0
6651,1979 Milky Way,VERONA,*Unspecified,EMH ONCOLOGY,Oncology,HOD,53593,55025012700.0
6652,1979 Milky Way,VERONA,*Unspecified,EMH ONCOLOGY,Oncology,HOD,53593,55025012700.0
6653,1979 Milky Way,VERONA,*Unspecified,EMH PERIOP SERVICES,*Unspecified,OR,53593,55025012700.0
6654,1979 Milky Way,VERONA,*Unspecified,EMH ONCOLOGY,Oncology,HOD,53593,55025012700.0
6655,1979 Milky Way,VERONA,*Unspecified,EMH ONCOLOGY,Oncology,HOD,53593,55025012700.0
6656,1979 Milky Way,VERONA,*Unspecified,EMH MED SURG,*Unspecified,,53593,55025012700.0
6657,1979 Milky Way,VERONA,*Unspecified,EMH MED SURG,*Unspecified,,53593,55025012700.0
6658,1979 Milky Way,VERONA,*Unspecified,EMH MED SURG,*Unspecified,,53593,55025012700.0
6733,,,*Unspecified,*Unspecified,*Unspecified,*Unspecified,,
6768,,,*Unspecified,*Unspecified,*Unspecified,*Unspecified,,
6838,,,,,,,,
6860,,,*Unspecified,*Unspecified,*Unspecified,*Unspecified,,
6967,1979 Milky Way,VERONA,DANE,EHS ASC,*Unspecified,OR,53593,55025012700.0
6985,,,*Unspecified,*Unspecified,*Unspecified,*Unspecified,,
7000,1414 SW 8th Ave,Topeka,*Unspecified,CC HEMATOLOGY ONCOLOGY,Hematology and Oncology,,66606,20177000500.0
7041,,,,,,,,
7096,,,,,,,,
7127,,,*Unspecified,*Unspecified,*Unspecified,*Unspecified,,
7191,,,*Unspecified,*Unspecified,*Unspecified,*Unspecified,,
7793,1500 SW 10th Ave,Topeka,SHAWNEE,EMERGENCY DEPARTMENT,Emergency Medicine,ED,66604,20177003603.0
7794,1500 SW 10th Ave,Topeka,SHAWNEE,EMERGENCY DEPARTMENT,Emergency Medicine,ED,66604,20177003603.0
7795,2660 SW 3rd Street,TOPEKA,SHAWNEE,KANZA NEURO LAB,Lab,,66606-2438,
7796,,,*Unspecified,*Unspecified,*Unspecified,*Unspecified,,
7797,,,*Unspecified,*Unspecified,*Unspecified,*Unspecified,,
7798,,,*Unspecified,*Unspecified,*Unspecified,*Unspecified,,
7799,,,*Unspecified,823 BARIATRIC,*Unspecified,,,
7800,1301 W 12th,EMPORIA,LYON,EMPORIA NUCLEAR MED,Radiology,,66801-2592,
7801,1301 W 12th,EMPORIA,LYON,EMPORIA ANTI COAG,Cardiology,,66801-2592,
7802,,,*Unspecified,*Unspecified,*Unspecified,*Unspecified,,
7803,,,*Unspecified,*Unspecified,*Unspecified,*Unspecified,,
7804,1500 SW 10th Ave,TOPEKA,SHAWNEE,ED IMAGING DEPARTMENT,Radiology,HOD,66604,20177003603.0
7805,,,*Unspecified,CONROW,*Unspecified,,,
7806,1500 SW 10th Ave,Topeka,SHAWNEE,EMERGENCY DEPARTMENT,Emergency Medicine,ED,66604,20177003603.0
7807,2200 Harvard Road Suite B,LAWRENCE,DOUGLAS,LAWRENCE PEDS HEM ONC,Pediatric Hematology and Oncology,,66049,20045000702.0
7808,"1133 College Avenue, Suite E-210",MANHATTAN,RILEY,MANHATTAN ENDOCRIN,Endocrinology,,66502-2814,
7809,,,*Unspecified,ENTERPRISE SUBMITTER,,,,
7810,"1919 SW 10th St, Ste 22",TOPEKA,SHAWNEE,"PREVENTIVE MEDICINE ASSOC., LLC",,,66604,20177003603.0
7811,1322 Lark Lane,Madison,*Unspecified,EAST SIDE MANOR,,,53701,55025001704.0
7812,4454 Industry Lane,Madison,*Unspecified,WEST SIDE MANUFACTURING,,,53701,55025001704.0
7813,31 Maple St,Madison,*Unspecified,MADISON MANOR,,,53719,55025010901.0
7814,47 Main St,Madison,*Unspecified,ISTHMUS MANUFACTURING,,,53717,55025000205.0
7815,876 Oak Ln,Madison,*Unspecified,MENDOTA NURSING,,,53717,55025000205.0
7816,,,*Unspecified,CAP,,,,
7817,,,*Unspecified,STATE HEALTH AGENCY,,,,
7818,34 Healthy Way,MONONA,DANE,MONONA CLINIC,,,53716,55025002900.0
7819,5224 Willow Dr,Stoughton,*Unspecified,MILD MANOR,,,53589,55025012400.0
7820,300 UTAH ST - Account Payable #1396,HIAWATHA,*Unspecified,HIAWATHA COMMUNITY HOSPITAL,,,66434,20013980700.0
7821,7220 Asbury Dr.,Topeka,*Unspecified,ALDERSGATE VILLAGE ASSISTED LIVING,,,66614,20177003603.0
7822,"413 E Exchange, PO Box 248",HARTFORD,CHASE,"QUEST SERVICES, INC",,,66850,20017990600.0
7823,5000 SW 21st St,Topeka,*Unspecified,"ABBOTT, WARREN DPM",,,66604,20177003603.0
7824,2010 W. 10th St,Topeka,*Unspecified,ADVANCED FOOT CARE CENTER,,,66604,20177003603.0
7825,7220 SW Asbury Drive,Topeka,*Unspecified,ALDERSGATE VILLAGE INDEPENDENT LIVING,,,66614,20177003603.0
7826,823 Mulvane Suite 200,Topeka,*Unspecified,"BARABAN, MARK MD",,,66606,20177000500.0
7827,1109 SW Topeka Blvd.,Topeka,*Unspecified,IMMANUEL BIRTH CO.,,,66612,20177000500.0
7828,Jane C. Stormont Women's Center                 823 Mulvane Suite 102,Topeka,*Unspecified,BREAST DIAGNOSTIC CENTER,,,66606,20177000500.0
7829,1500 SW 10th St,Topeka,*Unspecified,BREAST FEEDING CLINIC SV,,,66604,20177003603.0
7830,1301 NE Jefferson,Topeka,*Unspecified,BRIGHTON PLACE NORTH,,,66608,20177000700.0
7831,907 S 2nd St,Hiawatha,*Unspecified,BROWN COUNTY HEALTH DEPARTMENT,,,66434,20013980700.0
7832,830 SW Mulvane St,Topeka,*Unspecified,CARDIOTHORACIC AND VASCULAR SURGERY,,,66606,20177000500.0
7833,3715 SW 29th St. Ste 100,Topeka,*Unspecified,CAREGIVERS HOME HEALTH,,,66614,20177003603.0
7834,634 SW Mulvane Suite 209,TOPEKA,SHAWNEE,ST FRANCIS HEALTH WOMENS CENTER,,,66604,20177003603.0
7835,5000 SW 21st St,Topeka,*Unspecified,CENTER FOR MANUAL MEDICINE,,,66604,20177003603.0
7836,5800 SW Drury Lane,Topeka,*Unspecified,BROOKDALE TOPEKA,,,66604,20177003603.0
7837,,,*Unspecified,PATHOLOGY - NO BILLING,,,,
7838,NO BILLING,,*Unspecified,SUBMITTER NOT IN SYSTEM,,,,
7839,NO BILLING,,*Unspecified,DOCTORS OFFICE,,,,
7840,PO Box 5555 2320 SE 23rd,Topeka,*Unspecified,CLARENCE M. KELLY YOUTH CENTER,,,66605,20177003001.0
7841,715 Washington St  Suite C,LYNDON,OSAGE,HOME TOWN HEALTH CARE,,,66451,20139010300.0
7842,2011 Grandview Dr,WAMEGO,POTTAWATOMIE,GOOD SAMARITAN SOCIETY VALLEY VISTA,,,66547,20149000200.0
7843,2850 SW Mission Woods Dr Ste 103,TOPEKA,SHAWNEE,OASIS FAMILY MEDICINE,,,66614,20177003603.0
7844,16015 Nighthawk Rd,ESKRIDGE,WABAUNSEE,"JENNIFER HOWE, DVM",,,66423,20197483200.0
7845,320 South Kansas Avenue Ste 400,Topek,*Unspecified,MID AMERICA FORENSIC PATHOLOGY PA,,,66603-3644,
7846,"3601 SW 29th St Suite 12-4 Topeka, KS",TOPEKA,SHAWNEE,PROFESSIONAL BEHAVIORAL HEALTH MEDICINE LLC,,,66614,20177003603.0
7847,331 SW Oakley,TOPEKA,SHAWNEE,BRIGHTON PLACE WEST,,,66606,20177000500.0
7848,"1133 College Ave, Ste G-120",MANHATTAN,RILEY,PEDIATRIC ASSOCIATES OF MANHATTAN,,,66502,20161000900.0
7849,5218 SW 28th St,Topeka,*Unspecified,RICKS ADVANCED DERMATOLOGY & SKIN SURGERY,,,66614,20177003603.0
7850,,,*Unspecified,STORMONT VAIL TOXICOLOGY,,,,
7851,1414 SW 8th Ave,Topeka,*Unspecified,CLINICAL RESEARCH CANCER CENTER,,,66606,20177000500.0
7852,720 SW Lane 2nd Flood,Topeka,*Unspecified,CLINICAL RESEARCH DIGESTIVE HEALTH CENTER,,,66606,20177000500.0
7853,"823 Mulvane, Suite 240",Topeka,*Unspecified,CLINICAL RESEARCH CENTER - 823,,,66606,20177000500.0
7854,3520 SW 6th St,Topeka,*Unspecified,CLINICAL RESEARCH CENTER - CODE,,,66606,20177000500.0
7855,120 W 8th St,Onaga,*Unspecified,COMMUNITY HEALTHCARE SYSTEM INC - ONAGA,,,66521,20149000100.0
7856,506 West 10th St,Topeka,*Unspecified,CRAIG HOMECARE,,,66612,20177000500.0
7857,6313 K-4 Hwy,Meriden,*Unspecified,DEER PARK SENIOR GROUP HOME,,,66512,20177003302.0
7858,1706 SW 10th,Topeka,*Unspecified,"DERMATOLOGY, PA",,,66604,20177003603.0
7859,3931 Gage Center Drive,Topeka,*Unspecified,DIALYSIS SPECIALISTS OF TOPEKA,,,66604,20177003603.0
7860,3316 SE 28th Terr,Topeka,*Unspecified,TOPEKA DENTISTRY,,,66605,20177003001.0
7861,2300 Industrial Rd,Emporia,*Unspecified,EMPORIA PRESBYTERIAN MANOR,,,66801,20111000300.0
7862,5400 W 7th,Topeka,*Unspecified,FAIRLAWN HEIGHTS NURSING CENTER,,,66606,20177000500.0
7863,"631 Horne, Suite 300",Topeka,*Unspecified,FAMILY HEALTH TOPEKA,,,66606,20177000500.0
7864,"601 SW Corporate View Rd, Ste 200",Topeka,*Unspecified,FAMILY MEDICINE AT TALLGRASS,,,66615,20177003601.0
7865,325 SW Frazier,Topeka,*Unspecified,FAMILY SERVICE AND GUIDANCE CENTER,,,66606,20177000500.0
7866,1620 Wheeler St,Emporia,*Unspecified,FLINT HILLS CARE CENTER,,,66801,20111000300.0
7867,2649 SW Arrowhead Road,Topeka,*Unspecified,FLORENCE CRITTENTON SERVICES,,,66614,20177003603.0
7868,Frontier Forensics c/o Concur Invoice Capture 10700 Prairie Lakes Drive,EDEN PRAIRIE,HENNEPIN,SHAWNEE COUNTY CORONER'S OFFICE,,,55344,27053026005.0
7869,1271 SW Woodhall,Topeka,*Unspecified,GAGE CENTER DENTAL GROUP,,,66604,20177003603.0
7870,3630 Fairlawn Rd,Topeka,*Unspecified,GENSTLER EYE CENTER,,,66610,20177003605.0
7871,3745 SW Wannamaker Rd. Ste A,Topeka,*Unspecified,ELARA CARING - HOSPICE,,,66610,20177003605.0
7872,2121 SW Chelsea Dr,Topeka,*Unspecified,GENTIVA HOSPICE,,,66614,20177003603.0
7873,619 SW Corporate View,Topeka,*Unspecified,HEARTLAND EYE CENTER,,,66615,20177003601.0
7874,2231 SW Wanamaker Rd,Topeka,*Unspecified,HEARTLAND DIAGNOSTICS,,,66614,20177003603.0
7875,2955 SW Wanamaker,Topeka,*Unspecified,HERITAGE MENTAL HEALTH CLINIC,,,66614,20177003603.0
7876,2700 W 30th Ave,Emporia,*Unspecified,HOLIDAY RESORT,,,66801,20111000300.0
7877,5820 Drury Lane,Topeka,*Unspecified,HOMESTEAD ASSISTED LIVING,,,66604,20177003603.0
7878,2900 SW Oakley,Topeka,*Unspecified,HOSPICE CARE OF KANSAS,,,66614,20177003603.0
7879,700 Cherokee,Oskaloosa,*Unspecified,HICKORY POINTE CARE AND REHAB CENTER,,,66066,20087020300.0
7880,1119 Gage,Topeka,*Unspecified,"ILIFF, R. DOUGLAS MD",,,66604,20177003603.0
7881,140 NE 46th St,Topeka,*Unspecified,INDIAN CREEK VET CLINIC,,,66617,20177003301.0
7882,"1251 SW Arrowhead, Suite 103",Topeka,*Unspecified,INTERIM HEALTHCARE OF TOPEKA,,,66604,20177003603.0
7883,312 Pennsylvania,Holton,*Unspecified,JACKSON COUNTY HEALTH DEPARTMENT,,,66436,20085982600.0
7884,PO Box 327,Oskaloosa,*Unspecified,JEFFERSON COUNTY COURT SERVICES,,,66066,20087020300.0
7885,1212 Walnut US Hwy 59,Oskaloosa,*Unspecified,JEFFERSON COUNTY HOME HEALTH,,,66066,20087020300.0
7886,Bio Reference Laboratory Attn: Karyn Soumpholphakdy,ELMWOOD PARK,BERGEN,KANSAS JUVENILE CORRECTIONAL COMPLEX,,,7407,34003011200.0
7887,634 SW Mulvane                                           Ste 300 (Hemo Cntr)                                   Ste 204 (Home Division),Topeka,*Unspecified,KANSAS DIALYSIS SERVICES,,,66606,20177000500.0
7888,6750 SW 29th St,Topeka,*Unspecified,KIDS FIRST PEDIATRIC URGENT CARE,,,66614,20177003603.0
7889,"1315 SW 6th St, Ste A",Topeka,*Unspecified,KANSAS FOOT CARE,,,66606,20177000500.0
7890,Bio Reference Laboratory Attn: Karyn Soumpholphakdy,ELMWOOD PARK,BERGEN,KANSAS JUVENILE CORRECTION CENTER,,,7407,34003011200.0
7891,3107 W 21st St,Topeka,*Unspecified,KANSAS NEUROLOGICAL INSTITUTE,,,66604,20177003603.0
7892,Accounts Payable c/o Angela Rumbley,Topeka,*Unspecified,KANSAS REHAB HOSPITAL,,,66606,20177000500.0
7893,Accounts Payable c/o Angela Rumbley,Topeka,*Unspecified,KANSAS REHAB HOSPITAL - WEST,,,66606,20177000500.0
7894,1504 SW 8th,Topeka,*Unspecified,KANSAS REHAB HOSPITAL - QI/RM,,,66606,20177000500.0
7895,3620 SW Fairlawn Rd. Suite 100,Topeka,*Unspecified,ENHABIT HOME HEALTH,,,66614,20177003603.0
7896,2921 SW Wanamaker Dr,Topeka,*Unspecified,KS MEDICAL CLINIC DERMATOLOGY,,,66614,20177003603.0
7897,1119 Gage,Topeka,*Unspecified,"LACCHEO, MICHAEL MD",,,66604,20177003603.0
7898,1021 SW Fleming Court,Topeka,*Unspecified,LEXINGTON PARK ASST LIVING,,,66604,20177003603.0
7899,800 SW Lincoln,Topeka,*Unspecified,LINCOLN CENTER - ENVIRONMENTAL CULTURES,,,66606,20177000500.0
7900,2830 SW Urish Road,Topeka,*Unspecified,LINCOLN CENTER WEST - ENVIRONMENTAL CULTURE,,,66614,20177003603.0
7901,1128 SW Fairlawn                                         PO Box 4795,Topeka,*Unspecified,LYNDON FAMILY HEALTH CLINIC,,,66604,20177003603.0
7902,1001 SW Garfield,TOPEKA,SHAWNEE,MARIAN CLINIC,,,66604,20177003603.0
7903,"7210 Hwy K4, Suite C",MERIDEN,JEFFERSON,MERIDEN HOME CARE,,,66512,20177003302.0
7904,200 SW Frazier Circle,TOPEKA,SHAWNEE,MIDLAND CARE CONNECTION,,,66606,20177000500.0
7905,1119 Gage,TOPEKA,SHAWNEE,MINOR MED,,,66604,20177003603.0
7906,"320 S. Kansas, Suite 400",TOPEKA,SHAWNEE,"MITCHELL, ERIK MD",,,66603,20177000600.0
7907,600 N Washington St,COUNCIL GROVE,MORRIS,MORRIS COUNTY HOSPITAL LAB,,,66846,20127983700.0
7908,1600 Community Drive,SENECA,NEMAHA,NEMAHA VALLEY COMMUNITY HOSPITAL,,,66538,20131480300.0
7909,618 SW Oakley Ave,TOPEKA,SHAWNEE,OAKLEY PLACE #1,,,66606,20177000500.0
7910,3224 SW 29th,TOPEKA,SHAWNEE,OAK CREEK SENIOR LIVING,,,66614,20177003603.0
7911,103 E 9th                                                      PO Box 197,LYNDON,OSAGE,OSAGE COUNTY HEALTH DEPARTMENT,,,66451,20139010300.0
7912,1130 N Kansas Ave,TOPEKA,SHAWNEE,PARTNER IN PEDIATRICS,,,66608,20177000700.0
7913,3500 SW 6th,TOPEKA,SHAWNEE,PEDIATRIC ASSOCIATES,,,66606,20177000500.0
7914,2111 SW Randolph,TOPEKA,SHAWNEE,PEGGY KELLY HOUSE #1,,,66611,20177002800.0
7915,1800 SW Fairmont Rd,TOPEKA,SHAWNEE,PEGGY KELLY HOUSE #2,,,66604,20177003603.0
7916,"320 Main, PO Box 310",WESTMORELAND,POTTAWATOMIE,POTTAWATOMIE COUNTY HEALTH DEPARTMENT,,,66549,20149000400.0
7917,4712 SW 6th,TOPEKA,SHAWNEE,PRESBYTERIAN MANOR - ASSISTED LIVING,,,66606,20177000500.0
7918,4712 SW 6th,TOPEKA,SHAWNEE,PRESBYTERIAN MANOR - COTTONWOOD,,,66606,20177000500.0
7919,4712 SW 6th St,TOPEKA,SHAWNEE,PRESBYTERIAN MANOR - PRAIRIE POINT,,,66606,20177000500.0
7920,4712 SW 6th,TOPEKA,SHAWNEE,PRESBYTERIAN MANOR - SUNFLOWER,,,66606,20177000500.0
7921,815 SE Rice Road,TOPEKA,SHAWNEE,PRISON HEALTH SERVICE,,,66607,20177003901.0
7922,PO Box 228,WAMEGO,POTTAWATOMIE,PRN HOME HEALTH AND HOSPICE,,,66547,20149000200.0
7923,600 E PERRY ST,ROSSVILLE,SHAWNEE,ROSSVILLE HEALTHCARE AND REHAB CENTER,,,66533,20085982800.0
7924,"631 HORNE, SUITE 150",TOPEKA,SHAWNEE,RUPP UROLOGY CLINIC,,,66606,20177000500.0
7925,PO BOX 229,SABETHA,NEMAHA,SABETHA COMMUNITY HOSPITAL,,,66534,20131980100.0
7926,1700 W 7TH ST. SUITE 840,TOPEKA,SHAWNEE,SELECT SPECIALTY HOSPITAL,,,66606,20177000500.0
7927,1700 W 7TH ST. SUITE 840,TOPEKA,SHAWNEE,SELECT SPECIALTY INFECTION CONTROL,,,66606,20177000500.0
7928,1600 COMMUNITY DRIVE,SENECA,NEMAHA,SENECA FAMILY PRACTICE,,,66538,20131480300.0
7929,1615 SW 8th Ave,TOPEKA,SHAWNEE,SHAWNEE COUNTY HEALTH AGENCY,,,66606,20177000500.0
7930,2115 SW 10TH ST,TOPEKA,SHAWNEE,SHAWNEE COUNTY WEST 10TH PRIMARY CARE,,,66604,20177003603.0
7931,1534 SW CLAY,TOPEKA,SHAWNEE,SHAWNEE COUNTY CD PROGRAM,,,66606,20177000500.0
7932,2025 SE CALIFORNIA,TOPEKA,SHAWNEE,SHAWNEE COUNTY HEALTH CLINIC-CALIFORNIA,,,66607,20177003901.0
7933,1615 SW 8TH,TOPEKA,SHAWNEE,SHAWNEE COUNTY MATERNAL & INFANT,,,66604,20177003603.0
7934,1615 SW 8TH,TOPEKA,SHAWNEE,SHAWNEE COUNTY PRIMARY CARE,,,66606,20177000500.0
7935,320 S. KANSAS AVE.,TOPEKA,SHAWNEE,SHAWNEE COUNTY CORONER,,,66603,20177000600.0
7936,BioReference Laboratory Attn:Karyn SoumpholphakdySendoutsDept,ELMWOOD PARK,BERGEN,SHAWNEE COUNTY JAIL,,,7407,34003011200.0
7937,3401 SW Harrison St,TOPEKA,SHAWNEE,SHELTERED LIVING,,,66611,20177002800.0
7938,4646 NW FIELDING RD,TOPEKA,SHAWNEE,ST FRANCIS HEALTH CENTER AT HUNTER'S RIDGE,,,66618,20177000700.0
7939,"6001 SW 6TH ST, STE 320",TOPEKA,SHAWNEE,ST FRANCIS HEALTH CENTER AT RIVER HILL,,,66615,20177003601.0
7940,600 SW JEWELL,TOPEKA,SHAWNEE,ST FRANCIS FAMILY MEDICINE,,,66606,20177000500.0
7941,601 SW CORPORATE VIEW,TOPEKA,SHAWNEE,ST FRANCIS FEMALE PELVIC MEDICINE & RECONSTRUCTIVE SURGERY,,,66615,20177003601.0
7942,2835 SW MISSION WOOD DR,TOPEKA,SHAWNEE,ST FRANCIS FAMILY MEDICINE-MISSION WOODS,,,66614,20177003603.0
7943,601 SW CORPORATE VIEW,TOPEKA,SHAWNEE,ST FRANCIS FAMILY MEDICINE-CORPORATE VIEW,,,66615,20177003601.0
7944,PO Box 1010,LAFAYETTE,BOULDER,ST FRANCIS HOSPITAL LABORATORY,,,80026,8013012905.0
7945,,,*Unspecified,FILTER SERVICE OF KANSAS,,,,
7946,2649 SW ARROWHEAD ROAD,TOPEKA,SHAWNEE,FLORENCE CRITTENTON SERV - TOXICOLOGY,,,66614,20177003603.0
7947,,,*Unspecified,WIBW RADIO,,,,
7948,300 UTAH,HIAWATHA,BROWN,HIAWATHA COMMUNITY HOSPITAL - TOXICOLOGY,,,66434,20013980700.0
7949,1119 SW GAGE,TOPEKA,SHAWNEE,MINOR MED-TOXICOLOGY,,,66604,20177003603.0
7950,"120 W 8TH ST, PO BOX 460",ONAGA,POTTAWATOMIE,ONAGA COMMUNITY HEALTH SYSTEMS-TOXICOLOGY,,,66521,20149000100.0
7951,3401 SW Harrison St,TOPEKA,SHAWNEE,SHELTERED LIVING-TOXICOLOGY,,,66611,20177002800.0
7952,,,*Unspecified,STORMONT-VAIL WORKCARE-TOXICOLOGY,,,,
7953,234 Manor Circle,Alma,*Unspecified,ALMA MANOR,,,66401,20197983100.0
7954,837 NW Harrison,Topeka,*Unspecified,AMERICAN MEDICAL EXAMS PA,,,66608,20177000700.0
7955,1500 SW 10th                                             2nd Floor Pozez,Topeka,*Unspecified,BAKER UNIVERSITY SCHOOL OF NURSING,,,66604,20177003603.0
7956,206 GRAND AVENUE,ST MARYS,POTTAWATOMIE,ST. MARYS HEALTH CENTER,,,66536,20085082800.0
7957,5847 SW 29TH ST,TOPEKA,SHAWNEE,STONESTREET PROFESSIONAL OFFICES,,,66614,20177003603.0
7958,823 MULVANE SUITE 101,TOPEKA,SHAWNEE,STORMONT-VAIL SINGLE DAY SURGERY,,,66606,20177000500.0
7959,Barb Weybrew  Financial Management 3rd & MacVicar,TOPEKA,SHAWNEE,STORMONT-VAIL WORKCARE,,,66604,20177003603.0
7960,920 SW LANE,TOPEKA,SHAWNEE,STORMONT-VAIL EXCELLENT SURGERY CENTER,,,66604,20177003603.0
7961,3405 NW HUNTERS RIDGE STE 100,TOPEKA,SHAWNEE,"SUNFLOWER PROMPT/PRIMARY CARE, LLC",,,66618,20177000700.0
7962,Barb Weybrew  Financial Management 3rd & MacVicar,TOPEKA,SHAWNEE,STORMONT-VAIL HUMAN RESOURCES/EMPLOYEE HEALTH,,,66604,20177003603.0
7963,601 SW CORPORATE VIEW RD STE 200,TOPEKA,SHAWNEE,TALLGRASS IMMEDIATE CARE,,,66615,20177003601.0
7964,6001 SW 6TH ST SUITE 200,TOPEKA,SHAWNEE,TALLGRASS ORTHOPEDIC SPORTS MEDICINE,,,66615,20177003601.0
7965,6001 SW 6TH ST SUITE 220,TOPEKA,SHAWNEE,TALLGRASS SURGICAL SPECIALISTS,,,66615,20177003601.0
7966,3314 SW FRONT ST,TOPEKA,SHAWNEE,TOPEKA ADULT CARE CENTER,,,66606,20177000500.0
7967,1123 SW GAGE,TOPEKA,SHAWNEE,TOPEKA ALLERGY & ASTHMA CLINIC,,,66604,20177003603.0
7968,Bio Reference Laboratory Attn: Karyn Soumpholphakdy,ELMWOOD PARK,BERGEN,TOPEKA CORRECTIONAL FACILITY,,,7407,34003011200.0
7969,920 SW LANE,TOPEKA,SHAWNEE,"TOPEKA EAR, NOSE AND THROAT",,,66604,20177003603.0
7970,2526 W 15 AVE,EMPORIA,LYON,"TOPEKA EAR, NOSE AND THROAT - EMPORIA",,,66801,20111000300.0
7971,6730 SW MISSION VIEW DRIVE,TOPEKA,SHAWNEE,TOPEKA OB/GYN (WEST),,,66614,20177003603.0
7972,634 SW MULVANE SUITE 209,TOPEKA,SHAWNEE,TOPEKA OB/GYN ASSOCIATES,,,66604,20177003603.0
7973,1500 SW 10TH ST,TOPEKA,SHAWNEE,TOPEKA PATHOLOGY GROUP,,,66604,20177003603.0
7974,6750 SW 29TH ST,TOPEKA,SHAWNEE,"TOPEKA PEDIATRICS, PA",,,66614,20177003603.0
7975,3630 FAIRLAWN RD,TOPEKA,SHAWNEE,TOPEKA SURGERY CENTER,,,66610,20177003605.0
7976,3630 FAIRLAWN RD,TOPEKA,SHAWNEE,TOPEKA SURGERY CENTER (AND GENSTLER EYE CENTER),,,66610,20177003605.0
7977,1516 SW 6TH,TOPEKA,SHAWNEE,TOPEKA UROLOGY CLINIC,,,66606,20177000500.0
7978,Attn: Phil Salazer MS T-115A,TOPEKA,SHAWNEE,VA HOSPITAL,,,66622,20177001601.0
7979,330 SW OAKLEY,TOPEKA,SHAWNEE,VALEO BEHAVIORAL HEALTH CARE CSS,,,66606,20177000500.0
7980,1800 SE 21ST ST,TOPEKA,SHAWNEE,"VISITING NURSES CYNTHIA LEWIS, CEO",,,66607,20177003901.0
7981,215 KANSAS,ALMA,WABAUNSEE,WABAUNSEE COUNTY HEALTH DEPARTMENT,,,66401,20197983100.0
7982,619 SW CORPORATE VIEW,TOPEKA,SHAWNEE,WASHBURN SURGERY CENTER,,,66615,20177003601.0
7983,1700 COLLEGE,TOPEKA,SHAWNEE,WASHBURN UNIVERSITY STUDENT HEALTH,,,66601,20177004000.0
7984,929 MULVANE,TOPEKA,SHAWNEE,WOMENS HEART ADVANTAGE,,,66604,20177003603.0
7985,3520 SW 6TH ST SUITE B,TOPEKA,SHAWNEE,WOUND CARE CENTER - SV,,,66606,20177000500.0
7986,Barb Weybrew  Financial Management 3rd & MacVicar,Topeka,*Unspecified,SAFETY/EMPLOYEE HEALTH,,,66604,20177003603.0
7987,3415 SW 6TH AVE,TOPEKA,*Unspecified,CELEBRATION VILLA OF HEARTHSTONE EAST,,,66606,20177000500.0
7988,3515 SW 6TH AVE,TOPEKA,*Unspecified,CELEBRATION VILLA OF HEARTHSTONE WEST,,,66606,20177000500.0
7989,2231 SW WANAMAKER RD,TOPEKA,SHAWNEE,HEARTLAND HOSPICE,,,66614,20177003603.0
7990,1500 SW 10th St,TOPEKA,SHAWNEE,LAB CORP OF AMERICA,,,66604,20177003603.0
7991,618 SW Oakley Ave,TOPEKA,SHAWNEE,OAKLEY PLACE #2,,,66606,20177000500.0
7992,4101 SW Martin Drive,TOPEKA,SHAWNEE,PATHWAYS FAMILY SERVICES,,,66609,20177002800.0
7993,1101 SW 29th St,TOPEKA,SHAWNEE,ST FRANCIS HEALTH CENTER AT BREWSTER PLACE,,,66611,20177002800.0
7994,6730 SW 29th St,TOPEKA,SHAWNEE,ST FRANCIS SFPC - DIABETES MANAGEMENT CENTER,,,66614,20177003603.0
7995,1931 SW Arvonia Place,TOPEKA,SHAWNEE,LEGEND SENIOR LIVING AT CAPITOL RIDGE,,,66615,20177003601.0
7996,3310 SE 29th St Ste 300,TOPEKA,SHAWNEE,ST FRANCIS AT LAKE SHAWNEE,,,66605,20177003001.0
7997,747 NW WALNUT LN,TOPEKA,SHAWNEE,AUTUMN HOME PLUS,,,66617,20177003301.0
7998,,,*Unspecified,CENTRAL CARE PA,,,,
7999,2401 GILLHAM RD,KANSAS CITY,JACKSON,CHILDRENS MERCY HOSPITAL,,,64108,29095004100.0
8000,,,*Unspecified,CANCER CENTER OF KANSAS,,,,
8001,2201 SW 29TH ST,TOPEKA,SHAWNEE,"CONSOLE, DAVID A MD",,,66611,20177002800.0
8002,5847 SW 29TH ST,TOPEKA,SHAWNEE,"HATCHER, ELIZABETH MD, PHD",,,66614,20177003603.0
8003,1110 COLUMBINE DR,HOLTON,JACKSON,HOLTON COMMUNITY HOSPITAL - HOLTON FAMILY MEDICINE,,,66436,20085982600.0
8004,1603 W 4TH ST,HOLTON,JACKSON,HOLTON FAMILY HEALTH CLINIC,,,66436,20085982600.0
8005,2200 SW 6TH AVE,TOPEKA,SHAWNEE,KANSAS MEDICAL CLINIC PA,,,66606,20177000500.0
8006,10777 NALL AVE STE 200,OVERLAND PARK,JOHNSON,KANSAS UNIVERSITY WOMENS HEALTH - CENTER FOR ADVANCED REPRODUCTIVE MEDICINE,,,66212,20091051905.0
8007,3901 RAINBOW BLVD,KANSAS CITY,WYANDOTTE,KANSAS UNIVERSITY MEDICAL CENTER,,,66160,20209045200.0
8008,4201 ANDERSON AVE BLDG C,MANHATTAN,RILEY,NORTHEAST KANSAS FACIAL PLASTIC ENT & PULMONOLOGY,,,66503,20161000600.0
8009,1640 CHARLES PL STE 103,MANHATTAN,RILEY,MANHATTAN DERMATOLOGY PA,,,66502,20161000900.0
8010,4011 SW 29TH ST,TOPEKA,SHAWNEE,MED ASSIST PA,,,66614,20177003603.0
8011,2840 SW URISH RD,TOPEKA,SHAWNEE,OPTIMUM HEALTH FAMILY PRACTICE,,,66614,20177003603.0
8012,1303 SW FIRST AMERICAN PLACE,TOPEKA,SHAWNEE,RADIOLOGY AND NUCLEAR MEDICINE,,,66604,20177003603.0
8013,6001 SW 6TH AVE STE 220,TOPEKA,SHAWNEE,ST FRANCIS HEALTH CENTER GENERAL VASCULAR AND BARIATRIC SURGERY AT TALLGRASS,,,66615,20177003601.0
8014,6001 SW 6TH AVE,TOPEKA,SHAWNEE,ST FRANCIS HEALTH CENTER HEART AND VASCULAR,,,66615,20177003601.0
8015,,,*Unspecified,ST LUKES HEALTH SYSTEM,,,,
8016,9300 E 29TH ST STE 102,WICHITA,SEDGWICK,THE CENTER FOR REPRODUCTIVE MEDICIN,,,67226,20173010104.0
8017,1620 CHARLES PL,MANHATTAN,RILEY,THE WOMENS HEALTH GROUP PA,,,66502,20161000900.0
8018,631 HORNE STE 420,TOPEKA,SHAWNEE,TOPEKA NEUROLOGY AT ST FRANCIS,,,66606,20177000500.0
8019,590 Industrial Trwy,ROSSVILLE,SHAWNEE,OAKLEY PLACE OF ROSSVILLE,,,66533,20085982800.0
8020,206 GRAND AVENUE,ST MARYS,POTTAWATOMIE,ST. MARYS HEALTH CENTER-TOXICOLOGY,,,66536,20085082800.0
8021,Barb Weybrew Financial Management 3rd & MacVicar,TOPEKA,SHAWNEE,EMPORIA WORKCARE,,,66604,20177003603.0
8022,Barb Weybrew Financial Management 3rd & MacVicar,TOPEKA,SHAWNEE,STORMONT VAIL SAFETY/EMPLOYEE HEALTH,,,66604,20177003603.0
8023,Barb Weybrew Financial Management 3rd & MacVicar,TOPEKA,SHAWNEE,STORMONT-VAIL HUMAN RESOURCES/EMPLOYEE HEALTH,,,66604,20177003603.0
8024,515 SW Horne St Suite 102,TOPEKA,SHAWNEE,PELVIC HEALTH SPECIALIST (CATHY DAHL DO),,,66606,20177000500.0
8025,6300 SW 6th Ave,TOPEKA,SHAWNEE,THE HEALTHCARE RESORT OF TOPEKA,,,66615,20177003601.0
8026,Financial Management 3rd & MacVicar 1500 SW 10th Ave,TOPEKA,SHAWNEE,INFECTION PREVENTION AND CONTROL - NICU,,,66604,20177003603.0
8027,,,*Unspecified,EMPORIA WORKCARE - TOXICOLOGY,,,,
8028,5227 SE 77th St,Berryton,*Unspecified,PRAIRIE WIND SENIOR LIVING,,,66409,20177003901.0
8029,2600 SW East Circle Drive,TOPEKA,SHAWNEE,SHAWNEE COUNTY LOCAL HEALTH DEPT,,,66604,20177003603.0
8030,1615 SW 8th Avenue,TOPEKA,SHAWNEE,GRACEMED CAPITOL FAMILY CLINIC,,,66604,20177003603.0
8031,2025 SE California Avenue,TOPEKA,SHAWNEE,GRACEMED HIGHLAND PARK FAMILY CLINIC,,,66607,20177003901.0
8032,"227 Blue Earth Place, Suite 209",MANHATTAN,RILEY,QUANTUM HEALTH & WELLNESS,,,66502,20161000900.0
8033,6300 SW 6th Ave,TOPEKA,SHAWNEE,THE HEALTHCARE RESORT OF TOPEKA ASSISTED LIVING,,,66615,20177003601.0
8034,Barb Weybrew Financial Management 3rd & MacVicar,TOPEKA,SHAWNEE,KU DIET AND EXERCISE RESEARCH,,,66604,20177003603.0
8035,2107 Frontage Rd,HOLTON,JACKSON,"HEARTLAND VETERINARY HEALTH CENTER, LLC",,,66436,20085982600.0
8036,1100 SW Wanamaker Suite 103,TOPEKA,SHAWNEE,NEW HEALTH AND ANTI-AGING CLINIC,,,66604,20177003603.0
8037,5375 SW 7th Suite 600,TOPEKA,SHAWNEE,ANGELS CARE HOME HEALTH - TOPEKA,,,66606,20177000500.0
8038,1600 Community Dr,SENECA,NEMAHA,NEMAHA HEALTH FAIR,,,66538,20131480300.0
8039,1709 SW Medford Ave Suite 100,TOPEKA,SHAWNEE,KAW VALLEY PARAMEDICAL SERVICES,,,66604,20177003603.0
8040,"1000 SW Jackson, Suite 075",TOPEKA,SHAWNEE,KDHE BUREAU OF EPIDEMIOLOGY AND PUBLIC HEALTH INFORMATICS,,,66612,20177000500.0
8041,15529 College Blvd,LENEXA,JOHNSON,BRIOVARX INFUSION SERVICES,,,66219,20091052501.0
8042,,,*Unspecified,COMPETENCY TESTING,,,,
8043,2955 SW Wanamaker Dr Suite B,TOPEKA,SHAWNEE,GATELEY PODIATRY,,,66614,20177003603.0
8044,634 SW Mulvane St Suite 300,TOPEKA,SHAWNEE,TOPEKA DIALYSIS CENTER (DAVITA INC),,,66606,20177000500.0
8045,634 SW MULVANE ST SUITE 300,TOPEKA,SHAWNEE,TOPEKA DIALYSIS AT HOME & PD (DAVITA INC),,,66609,20177002800.0
8046,3711 SW WANAMAKER RD,TOPEKA,SHAWNEE,WANAMAKER DIALYSIS (DAVITA INC),,,66610,20177003605.0
8047,1402 SW Lancaster St,TOPEKA,SHAWNEE,HILLSDALE PLACE LLC,,,66604,20177003603.0
8048,"634 Mulvane, Suite 106",Topeka,*Unspecified,"HOHERZ, DAVID MD",,,66606,20177000500.0
8049,104 E 8TH AVE,EMPORIA,LYON,MENTAL HEALTH CENTER OF EAST CENTRAL KANSAS,,,66801,20111000300.0
8050,1360 Walnut St,Oskaloosa,*Unspecified,JEFFERSON COUNTY PRISON,,,66066,20087020300.0
8051,Accounts Payable c/o Angela Rumbley,Topeka,*Unspecified,KANSAS REHAB HOSPITAL - EAST,,,66606,20177000500.0
8052,2410 SW URISH RD,TOPEKA,SHAWNEE,ROLLING HILLS ASST LIVING,,,66614,20177003603.0
8053,"1115 MAIN, PO BOX 247",SABETHA,NEMAHA,SABETHA FAMILY PRACTICE,,,66534,20131980100.0
8054,2113 SW GAGE BLVD,TOPEKA,SHAWNEE,SHAWNEE ANIMAL HEALTH,,,66614,20177003603.0
8055,1500 SW 10th Ave,Topeka,SHAWNEE,Interactive Health,,,66604,20177003603.0
8056,1500 SW 10th Ave,Topeka,SHAWNEE,EMERGENCY DEPARTMENT,Emergency Medicine,ED,66604,20177003603.0
8057,1500 SW 10th Ave,Topeka,SHAWNEE,EMERGENCY DEPARTMENT,Emergency Medicine,ED,66604,20177003603.0
8058,2200 Harvard Road Suite B,LAWRENCE,DOUGLAS,LAWRENCE DLC,Endocrinology,,66049,20045000702.0
8059,2660 SW 3rd Street,TOPEKA,SHAWNEE,KANZA PAIN MANAGEMENT,Pain Medicine,,66606,20177000500.0
8060,2945 SW Wanamaker Dr Suite B,TOPEKA,SHAWNEE,PHOENIX HOME CARE & HOSPICE,,,66614,20177003603.0
8061,1500 SW 10th Ave,Topeka,SHAWNEE,EMERGENCY DEPARTMENT,Emergency Medicine,ED,66604,20177003603.0
8062,1500 SW 10th Ave,Topeka,SHAWNEE,EMERGENCY DEPARTMENT,Emergency Medicine,ED,66604,20177003603.0
8063,4304 SW 17th,Topeka,*Unspecified,TAMMY THE PRO HOME PLUS,,,66604,20177003603.0
8064,2824 SW Mulvane St,TOPEKA,SHAWNEE,WINTER MEADOW HOMES NORTH,,,66611,20177002800.0
8065,13450 S Topeka Ave,CARBONDALE,OSAGE,WINTER MEADOW HOMES - CARBONDALE,,,66414,20139010100.0
8066,2832 SW Mulvane St,TOPEKA,SHAWNEE,WINTER MEADOW HOMES SOUTH,,,66611,20177002800.0
8067,,,*Unspecified,NICOLAE,*Unspecified,,,
8068,1500 SW 10th Ave,Topeka,SHAWNEE,EMERGENCY DEPARTMENT,Emergency Medicine,ED,66604,20177003603.0
8069,1500 SW 10th Ave,Topeka,SHAWNEE,EMERGENCY DEPARTMENT,Emergency Medicine,ED,66604,20177003603.0
8070,1500 SW 10th Ave,Topeka,SHAWNEE,EMERGENCY DEPARTMENT,Emergency Medicine,ED,66604,20177003603.0
8071,,,*Unspecified,*Unspecified,*Unspecified,*Unspecified,,
8072,,,*Unspecified,*Unspecified,*Unspecified,*Unspecified,,
8073,,,*Unspecified,*Unspecified,*Unspecified,*Unspecified,,
8074,,,*Unspecified,*Unspecified,*Unspecified,*Unspecified,,
8075,,,*Unspecified,*Unspecified,*Unspecified,*Unspecified,,
8076,,,*Unspecified,*Unspecified,*Unspecified,*Unspecified,,
8077,,,*Unspecified,*Unspecified,*Unspecified,*Unspecified,,
8078,,,*Unspecified,*Unspecified,*Unspecified,*Unspecified,,
8079,,,*Unspecified,*Unspecified,*Unspecified,*Unspecified,,
8080,,,*Unspecified,*Unspecified,*Unspecified,*Unspecified,,
8081,1500 SW 10th Ave,Topeka,SHAWNEE,EMERGENCY DEPARTMENT,Emergency Medicine,ED,66604,20177003603.0
8082,1500 SW 10th Ave,Topeka,SHAWNEE,EMERGENCY DEPARTMENT,Emergency Medicine,ED,66604,20177003603.0
8083,1500 SW 10th Ave,Topeka,SHAWNEE,EMERGENCY DEPARTMENT,Emergency Medicine,ED,66604,20177003603.0
8084,,,*Unspecified,*Unspecified,*Unspecified,*Unspecified,,
8085,4505 NW Fielding Rd,TOPEKA,SHAWNEE,OP THERAPY N FIELDING,Physical Therapy,,66618,20177000700.0
8086,,,*Unspecified,*Unspecified,*Unspecified,*Unspecified,,
8087,4712 Sw 6th St,TOPEKA,SHAWNEE,PRESBYTERIAN MANOR - CEDAR VIEW,,,66606,20177000500.0
8088,1201 W 12th Ave,EMPORIA,LYON,NEWMAN REGIONAL HEALTH,,,66801,20111000300.0
8089,1133 College Ave Suite 110,MANHATTAN,RILEY,MANHATTAN PLASTIC SURG,Plastic Surgery,,66502-2813,
8090,1133 College Ave Bldg E Suite 210,MANHATTAN,RILEY,MANHATTAN ANTI COAG,Cardiology,,66502,20161000900.0
8091,1500 SW 10th Ave,Topeka,SHAWNEE,EMERGENCY DEPARTMENT,Emergency Medicine,ED,66604,20177003603.0
8092,1 Medical Center Blvd,WINSTON SALEM,FORSYTH,WAKE FOREST MEDICAL CENTER,,,27157,37067001000.0
8093,1500 SW 10th Ave,Topeka,SHAWNEE,CRITICAL CARE-2SOUTH,*Unspecified,ICU,66604,20177003603.0
8094,1500 SW 10th Ave,Topeka,SHAWNEE,CRITICAL CARE-2SOUTH,*Unspecified,ICU,66604,20177003603.0
8095,1500 SW 10th Ave,Topeka,SHAWNEE,CRITICAL CARE-2SOUTH,*Unspecified,ICU,66604,20177003603.0
8096,1500 SW 10th Ave,Topeka,SHAWNEE,CRITICAL CARE-2SOUTH,*Unspecified,ICU,66604,20177003603.0
8097,1205 SW 29th St,TOPEKA,SHAWNEE,BREWSTER HOME HEALTH,,,66611,20177002800.0
8098,1001 SW 29th St,TOPEKA,SHAWNEE,BREWSTER HEALTH CENTER - REHABILITATION,,,66611,20177002800.0
8099,1001 SW 29th St,TOPEKA,SHAWNEE,BREWSTER HEALTH CENTER - EAGLE RIDGE,,,66611,20177002800.0
8100,1001 SW 29th St,TOPEKA,SHAWNEE,BREWSTER HEALTH CENTER - MEADOWLARK,,,66611,20177002800.0
8101,1001 SW 29th St,TOPEKA,SHAWNEE,BREWSTER HEALTH CENTER - SUNFLOWER,,,66611,20177002800.0
8102,,,*Unspecified,UTILIZATION REVIEW,Case Management,,,
8103,,,*Unspecified,*Unspecified,*Unspecified,*Unspecified,,
8104,112 SW 6th Ave. Suite 505,TOPEKA,SHAWNEE,GONZALEZ IRIS MD,,,66603,20177000600.0
8105,1500 SW 10th Ave,Topeka,SHAWNEE,5 NORTH,*Unspecified,,66604,20177003603.0
8106,1500 SW 10th Ave,Topeka,SHAWNEE,5 NORTH,*Unspecified,,66604,20177003603.0
8107,2200 Harvard Road Suite B,Lawrence,DOUGLAS,LAWRENCE ALLERGY,Allergy,,66049,20045000702.0
8108,,,,,,,,
8109,,,*Unspecified,*Unspecified,*Unspecified,*Unspecified,,
8110,2721 SE 10th St,TOPEKA,SHAWNEE,PINE RIDGE FAMILY HEALTH CENTER,,,66607,20177003901.0
8111,1500 SW 10th Ave,Topeka,SHAWNEE,EMERGENCY DEPARTMENT,Emergency Medicine,ED,66604,20177003603.0
8112,,,*Unspecified,901 FAM PRAC CARE MGMT,*Unspecified,,,
8113,,,*Unspecified,NORTH FIELD CARE MGMT,Internal Medicine,,,
8114,1500 SW 10th Ave,TOPEKA,SHAWNEE,SVCO1 VIRTUAL TESTING,*Unspecified,,66604,20177003603.0
8115,1500 SW 10th Ave,TOPEKA,SHAWNEE,SVCO1 VIRTUAL TESTING,*Unspecified,,66604,20177003603.0
8116,1500 SW 10th Ave,TOPEKA,SHAWNEE,SVCO1 VIRTUAL TESTING,*Unspecified,,66604,20177003603.0
8117,1500 SW 10th Ave,TOPEKA,SHAWNEE,SVCO1 VIRTUAL TESTING,*Unspecified,,66604,20177003603.0
8118,1500 SW 10th Ave,TOPEKA,SHAWNEE,SVCO1 VIRTUAL TESTING,*Unspecified,,66604,20177003603.0
8119,1500 SW 10th Ave,TOPEKA,SHAWNEE,SVCO1 VIRTUAL TESTING,*Unspecified,,66604,20177003603.0
8120,1500 SW 10th Ave,TOPEKA,SHAWNEE,SVCO1 VIRTUAL TESTING,*Unspecified,,66604,20177003603.0
8121,1500 SW 10th Ave,TOPEKA,SHAWNEE,SVCO1 VIRTUAL TESTING,*Unspecified,,66604,20177003603.0
8122,1500 SW 10th Ave,TOPEKA,SHAWNEE,SVCO1 VIRTUAL TESTING,*Unspecified,,66604,20177003603.0
8123,1500 SW 10th Ave,TOPEKA,SHAWNEE,SVCO1 VIRTUAL TESTING,*Unspecified,,66604,20177003603.0
8124,1500 SW 10th Ave,TOPEKA,SHAWNEE,SVCO1 VIRTUAL TESTING,*Unspecified,,66604,20177003603.0
8125,1301 W 12th,EMPORIA,LYON,EMPORIA DLC,Endocrinology,,66801,20111000300.0
8126,1133 College Ave Suite E210,MANHATTAN,RILEY,MANHATTAN DLC,Endocrinology,,66502-2814,
8127,,,*Unspecified,ENDOCRINE CARE MGNT,*Unspecified,,,
8128,,,*Unspecified,HRT FAILURE CARE MGNT,*Unspecified,,,
8129,,,*Unspecified,COPD CARE MGNT,*Unspecified,,,
8130,,,*Unspecified,PEDIATRIC CARE MGNT,*Unspecified,,,
8131,823 SW Mulvane Ste 101,Topeka,SHAWNEE,SV PAIN X-RAY,Radiology,HOD,66606,20177000500.0
8132,823 SW Mulvane Ste 101,TOPEKA,SHAWNEE,,,,66606,20177000500.0
8133,823 SW Mulvane Ste 101,Topeka,SHAWNEE,PAIN CLINIC,Pain Medicine,HOD,66606,20177000500.0
8134,823 SW Mulvane Ste 101,Topeka,SHAWNEE,PAIN CLINIC,Pain Medicine,HOD,66606,20177000500.0
8135,823 SW Mulvane Ste 101,Topeka,SHAWNEE,PAIN CLINIC,Pain Medicine,HOD,66606,20177000500.0
8136,823 SW Mulvane Ste 101,Topeka,SHAWNEE,PAIN CLINIC,Pain Medicine,HOD,66606,20177000500.0
8137,823 SW Mulvane Ste 101,Topeka,SHAWNEE,PAIN CLINIC,Pain Medicine,HOD,66606,20177000500.0
8138,823 SW Mulvane Ste 101,Topeka,SHAWNEE,PAIN CLINIC,Pain Medicine,HOD,66606,20177000500.0
8139,823 SW Mulvane Ste 101,Topeka,SHAWNEE,PAIN CLINIC,Pain Medicine,HOD,66606,20177000500.0
8140,823 SW Mulvane Ste 101,Topeka,SHAWNEE,PAIN CLINIC,Pain Medicine,HOD,66606,20177000500.0
8141,823 SW Mulvane Ste 101,Topeka,SHAWNEE,PAIN CLINIC,Pain Medicine,HOD,66606,20177000500.0
8142,823 SW Mulvane Ste 101,Topeka,SHAWNEE,PAIN CLINIC,Pain Medicine,HOD,66606,20177000500.0
8143,823 SW Mulvane Ste 101,Topeka,SHAWNEE,PAIN CLINIC,Pain Medicine,HOD,66606,20177000500.0
8144,823 SW Mulvane Ste 101,Topeka,SHAWNEE,PAIN CLINIC,Pain Medicine,HOD,66606,20177000500.0
8145,823 SW Mulvane Ste 101,Topeka,SHAWNEE,PAIN CLINIC,Pain Medicine,HOD,66606,20177000500.0
8146,823 SW Mulvane St,TOPEKA,SHAWNEE,823 PAIN MANAGEMENT,Pain Medicine,,66606,20177000500.0
8147,823 SW Mulvane Ste 101,Topeka,SHAWNEE,PAIN CLINIC,Pain Medicine,HOD,66606,20177000500.0
8148,1500 SW 10th Ave,Topeka,SHAWNEE,CVOPC,*Unspecified,,66604,20177003603.0
8149,1500 SW 10th Ave,Topeka,SHAWNEE,CVOPC,*Unspecified,,66604,20177003603.0
8150,1815 SW Westwood Circle,TOPEKA,SHAWNEE,KARAWAY LLC,,,66604,20177003603.0
8151,"601 SW Corporate View Rd, Suite 200",TOPEKA,SHAWNEE,CORP VIEW LAB EMP IH,*Unspecified,,66615-1245,
8152,2660 SW 3rd St.,TOPEKA,SHAWNEE,KANZA PHYSIATRY,Physical Medicine and Rehabilitation,,66606,20177000500.0
8153,4625 Nadine Lane,FRANKLIN,WILLIAMSON,HUDSON STAFFING,,,37064,47187050903.0
8154,,,*Unspecified,C-RADHI,*Unspecified,,,
8155,1500 SW 10th Ave,Topeka,SHAWNEE,6 SOUTH MED SURG,*Unspecified,,66604,20177003603.0
8156,1500 SW 10th Ave,Topeka,SHAWNEE,6 SOUTH MED SURG,*Unspecified,,66604,20177003603.0
8157,1500 SW 10th Ave,Topeka,SHAWNEE,6 SOUTH MED SURG,*Unspecified,,66604,20177003603.0
8158,1500 SW 10th Ave,Topeka,SHAWNEE,6 SOUTH MED SURG,*Unspecified,,66604,20177003603.0
8159,1500 SW 10th Ave,Topeka,SHAWNEE,6 SOUTH MED SURG,*Unspecified,,66604,20177003603.0
8160,1500 SW 10th Ave,Topeka,SHAWNEE,6 SOUTH MED SURG,*Unspecified,,66604,20177003603.0
8161,1500 SW 10th Ave,Topeka,SHAWNEE,6 SOUTH MED SURG,*Unspecified,,66604,20177003603.0
8162,1500 SW 10th Ave,Topeka,SHAWNEE,6 SOUTH MED SURG,*Unspecified,,66604,20177003603.0
8163,1500 SW 10th Ave,Topeka,SHAWNEE,6 SOUTH MED SURG,*Unspecified,,66604,20177003603.0
8164,1500 SW 10th Ave,Topeka,SHAWNEE,6 SOUTH MED SURG,*Unspecified,,66604,20177003603.0
8165,1500 SW 10th Ave,Topeka,SHAWNEE,6 SOUTH MED SURG,*Unspecified,,66604,20177003603.0
8166,1500 SW 10th Ave,Topeka,SHAWNEE,6 SOUTH MED SURG,*Unspecified,,66604,20177003603.0
8167,1500 SW 10th Ave,Topeka,SHAWNEE,6 SOUTH MED SURG,*Unspecified,,66604,20177003603.0
8168,1500 SW 10th Ave,Topeka,SHAWNEE,6 SOUTH MED SURG,*Unspecified,,66604,20177003603.0
8169,1500 SW 10th Ave,Topeka,SHAWNEE,6 SOUTH MED SURG,*Unspecified,,66604,20177003603.0
8170,1500 SW 10th Ave,Topeka,SHAWNEE,POST SURG OBSERVATION,*Unspecified,,66604,20177003603.0
8171,1500 SW 10th Ave,Topeka,SHAWNEE,POST SURG OBSERVATION,*Unspecified,,66604,20177003603.0
8172,1500 SW 10th Ave,Topeka,SHAWNEE,POST SURG OBSERVATION,*Unspecified,,66604,20177003603.0
8173,1500 SW 10th Ave,Topeka,SHAWNEE,POST SURG OBSERVATION,*Unspecified,,66604,20177003603.0
8174,1500 SW 10th Ave,Topeka,SHAWNEE,POST SURG OBSERVATION,*Unspecified,,66604,20177003603.0
8175,1500 SW 10th Ave,Topeka,SHAWNEE,POST SURG OBSERVATION,*Unspecified,,66604,20177003603.0
8176,1500 SW 10th Ave,Topeka,SHAWNEE,POST SURG OBSERVATION,*Unspecified,,66604,20177003603.0
8177,1500 SW 10th Ave,Topeka,SHAWNEE,POST SURG OBSERVATION,*Unspecified,,66604,20177003603.0
8178,1500 SW 10th Ave,Topeka,SHAWNEE,POST SURG OBSERVATION,*Unspecified,,66604,20177003603.0
8179,1500 SW 10th Ave,Topeka,SHAWNEE,POST SURG OBSERVATION,*Unspecified,,66604,20177003603.0
8180,1500 SW 10th Ave,Topeka,SHAWNEE,POST SURG OBSERVATION,*Unspecified,,66604,20177003603.0
8181,1500 SW 10th Ave,Topeka,SHAWNEE,POST SURG OBSERVATION,*Unspecified,,66604,20177003603.0
8182,1500 SW 10th Ave,Topeka,SHAWNEE,6 SOUTH MED SURG,*Unspecified,,66604,20177003603.0
8183,,,*Unspecified,*Unspecified,*Unspecified,*Unspecified,,
8184,1500 SW 10th Ave,Topeka,SHAWNEE,6 SOUTH MED SURG,*Unspecified,,66604,20177003603.0
8185,1500 SW 10th Ave,Topeka,SHAWNEE,6 SOUTH MED SURG,*Unspecified,,66604,20177003603.0
8186,1500 SW 10th Ave,Topeka,SHAWNEE,6 SOUTH MED SURG,*Unspecified,,66604,20177003603.0
8187,1500 SW 10th Ave,Topeka,SHAWNEE,6 SOUTH MED SURG,*Unspecified,,66604,20177003603.0
8188,1500 SW 10th Ave,Topeka,SHAWNEE,6 SOUTH MED SURG,*Unspecified,,66604,20177003603.0
8189,1500 SW 10th Ave,Topeka,SHAWNEE,6 SOUTH MED SURG,*Unspecified,,66604,20177003603.0
8190,1500 SW 10th Ave,Topeka,SHAWNEE,6 SOUTH MED SURG,*Unspecified,,66604,20177003603.0
8191,1500 SW 10th Ave,Topeka,SHAWNEE,6 SOUTH MED SURG,*Unspecified,,66604,20177003603.0
8192,1500 SW 10th Ave,Topeka,SHAWNEE,6 SOUTH MED SURG,*Unspecified,,66604,20177003603.0
8193,1500 SW 10th Ave,Topeka,SHAWNEE,6 SOUTH MED SURG,*Unspecified,,66604,20177003603.0
8194,1500 SW 10th Ave,Topeka,SHAWNEE,6 SOUTH MED SURG,*Unspecified,,66604,20177003603.0
8195,1500 SW 10th Ave,Topeka,SHAWNEE,6 SOUTH MED SURG,*Unspecified,,66604,20177003603.0
8196,1500 SW 10th Ave,Topeka,SHAWNEE,6 SOUTH MED SURG,*Unspecified,,66604,20177003603.0
8197,1500 SW 10th Ave,Topeka,SHAWNEE,6 SOUTH MED SURG,*Unspecified,,66604,20177003603.0
8198,1500 SW 10th Ave,Topeka,SHAWNEE,6 SOUTH MED SURG,*Unspecified,,66604,20177003603.0
8199,1500 SW 10th Ave,Topeka,SHAWNEE,6 SOUTH MED SURG,*Unspecified,,66604,20177003603.0
8200,1500 SW 10th Ave,Topeka,SHAWNEE,6 SOUTH MED SURG,*Unspecified,,66604,20177003603.0
8201,1500 SW 10th Ave,Topeka,SHAWNEE,POST SURG OBSERVATION,*Unspecified,,66604,20177003603.0
8202,1500 SW 10th Ave,Topeka,SHAWNEE,POST SURG OBSERVATION,*Unspecified,,66604,20177003603.0
8203,1500 SW 10th Ave,Topeka,SHAWNEE,POST SURG OBSERVATION,*Unspecified,,66604,20177003603.0
8204,1500 SW 10th Ave,Topeka,SHAWNEE,POST SURG OBSERVATION,*Unspecified,,66604,20177003603.0
8205,1500 SW 10th Ave,Topeka,SHAWNEE,POST SURG OBSERVATION,*Unspecified,,66604,20177003603.0
8206,1500 SW 10th Ave,Topeka,SHAWNEE,POST SURG OBSERVATION,*Unspecified,,66604,20177003603.0
8207,1500 SW 10th Ave,Topeka,SHAWNEE,POST SURG OBSERVATION,*Unspecified,,66604,20177003603.0
8208,1500 SW 10th Ave,Topeka,SHAWNEE,POST SURG OBSERVATION,*Unspecified,,66604,20177003603.0
8209,1500 SW 10th Ave,Topeka,SHAWNEE,POST SURG OBSERVATION,*Unspecified,,66604,20177003603.0
8210,1500 SW 10th Ave,Topeka,SHAWNEE,POST SURG OBSERVATION,*Unspecified,,66604,20177003603.0
8211,1500 SW 10th Ave,Topeka,SHAWNEE,POST SURG OBSERVATION,*Unspecified,,66604,20177003603.0
8212,1500 SW 10th Ave,Topeka,SHAWNEE,POST SURG OBSERVATION,*Unspecified,,66604,20177003603.0
8213,,,,,,,,
8214,,,,,,,,
8219,,,*Unspecified,901 INT MED CARE MGMT,*Unspecified,,,
8220,,,*Unspecified,*Unspecified,*Unspecified,*Unspecified,,
8221,,,*Unspecified,*Unspecified,*Unspecified,*Unspecified,,
8222,3707 SW 6TH AVE,TOPEKA,SHAWNEE,,,,66606-2084,
8223,,,*Unspecified,GENERIC EXTERNAL DATA DEPARTMENT,Radiology,,,
8224,909 Mulvane St,TOPEKA,SHAWNEE,909 INTENSIVIST LAB,Lab,,66606-1677,
8225,920 SW Lane St Ste 200,Topeka,SHAWNEE,EXCELLENT PRE-POST,Otolaryngology,OR,66606,20177000500.0
8226,,,*Unspecified,823 4TH FL CARE MGMT,*Unspecified,,,
8227,,,*Unspecified,823 3RD FL CARE MGMT,*Unspecified,,,
8228,,,*Unspecified,*Unspecified,*Unspecified,*Unspecified,,
8229,7200 Uxbridge Circle,TOPEKA,SHAWNEE,ALDERSGATE VILLAGE HOME PLUS,,,66614,20177003603.0
8230,3520 SW 6TH AVE,TOPEKA,*Unspecified,,,,66606-2806,
8231,1615 SW 8th Avenue,Topeka,SHAWNEE,SLEEP CENTER,Sleep Medicine,HOD,66606,20177000500.0
8232,920 SW Lane St Ste 200,Topeka,SHAWNEE,EXCELLENT PRE-POST,Otolaryngology,OR,66606,20177000500.0
8233,1600 Community Dr,SENECA,NEMAHA,Ag Partners Corporate Health,,,66538,20131480300.0
8234,1414 SW 8th Ave,Topeka,SHAWNEE,INFUSION CENTER,Infusion Therapy,HOD,66606,20177000500.0
8235,,,*Unspecified,*Unspecified,*Unspecified,*Unspecified,,
8236,1829 College Ave,MANHATTAN,RILEY,MANHATTAN SURGICAL HOSPITAL,,,66502,20161000900.0
8237,901 S Kansas Ave,TOPEKA,SHAWNEE,HEALTHQUEST HEALTH CENTER,,,66612,20177000500.0
8238,901 S Kansas Ave,TOPEKA,SHAWNEE,HEALTHQUEST OUTREACH DRAW CENTER,,,66612,20177000500.0
8239,5375 SW 7th St,TOPEKA,SHAWNEE,GENTIVA HOSPICE,,,66606,20177000500.0
8240,3408 SE 29th St,TOPEKA,SHAWNEE,FRESENIUS KIDNEY CARE - EAST,,,66605,20177003001.0
8241,1205 SW 29th Redwood Apt 530,TOPEKA,SHAWNEE,MEADOWLARK HILLS HOME HEALTH AT BREWSTER,,,66611,20177002800.0
8242,1414 SW 8th Ave,Topeka,SHAWNEE,INFUSION CENTER,Infusion Therapy,HOD,66606,20177000500.0
8243,4505 NW Fielding Rd,TOPEKA,SHAWNEE,BARIATRICS NORTH FIELD,Bariatrics,,66618,20177000700.0
8244,1516 SW 6th Ave,TOPEKA,SHAWNEE,SV WORKCARE,Occupational Medicine,,66606-1696,
8245,1516 SW 6th Ave,TOPEKA,SHAWNEE,WORKCARE BILLING,Occupational Medicine,,66606-1696,
8246,,,*Unspecified,WORKCARE EMPORIA,Occupational Medicine,,,
8247,601 Corporate Veiw Rd Suite 200,TOPEKA,SHAWNEE,WORKCARE CORPORATE,Occupational Medicine,,66615-1245,
8248,1516 SW 6th Ave,TOPEKA,SHAWNEE,WORKCARE LAB,*Unspecified,,66606-1696,
8249,1516 SW 6th Ave,TOPEKA,SHAWNEE,,,,66606-1696,
8250,1500 SW 10th Avenue,TOPEKA,SHAWNEE,,,,66604,20177003603.0
8251,1516 SW 6th Ave,TOPEKA,SHAWNEE,,,,66606-1696,
8252,1504 SW 8th,TOPEKA,SHAWNEE,WORKCARE BUSINESS OFC,*Unspecified,,66605,20177003001.0
8253,1414 SW 8th Ave,Topeka,SHAWNEE,INFUSION CENTER,Infusion Therapy,HOD,66606,20177000500.0
8254,1500 SW 10th Ave,Topeka,SHAWNEE,INTERMEDIATE CARE,*Unspecified,,66604,20177003603.0
8255,823 SW Mulvane,TOPEKA,SHAWNEE,AMB CARE PHARMACY,*Unspecified,,66606,20177000500.0
8256,1414 SW 8th Ave,Topeka,SHAWNEE,INFUSION CENTER,Infusion Therapy,HOD,66606,20177000500.0
8257,823 SW Mulvane,TOPEKA,SHAWNEE,SV WELLPOWER,Lab,,66606,20177000500.0
8258,4019 SW 10th Ave,TOPEKA,SHAWNEE,SV WELLPOWER,Internal Medicine,,66604,20177003603.0
8259,4019 SW 10th Ave,TOPEKA,SHAWNEE,,,,66604,20177003603.0
8260,4019 SW 10th Ave,TOPEKA,SHAWNEE,,,,66604,20177003603.0
8261,2909 SE Walnut Drive,TOPEKA,SHAWNEE,CROCO CARE MANAGEMENT,Care Management,,66605,20177003001.0
8262,6725 SW 29th St,TOPEKA,SHAWNEE,URISH CARE MANAGEMENT,Care Management,,66614,20177003603.0
8263,1414 SW 8th Ave,Topeka,SHAWNEE,INFUSION CENTER,Infusion Therapy,HOD,66606,20177000500.0
8264,,,*Unspecified,*Unspecified,*Unspecified,*Unspecified,,
8265,407 E Wyandotte St,MERIDEN,JEFFERSON,MERIDEN CARE MGNT,*Unspecified,,66512,20177003302.0
8266,1130 N Kansas Ave,TOPEKA,SHAWNEE,NOTO CLINIC CARE MGNT,*Unspecified,,66608,20177000700.0
8267,209 W Jefferson St,OSKALOOSA,JEFFERSON,OSKALOOSA CARE MGNT,*Unspecified,,66066,20087020300.0
8268,601 SW Corporate View Rd Suite 200,TOPEKA,SHAWNEE,CORP VIEW CARE MGNT,*Unspecified,,66615-1245,
8269,1414 SW 8th Ave,Topeka,SHAWNEE,INFUSION CENTER,Infusion Therapy,HOD,66606,20177000500.0
8270,1414 SW 8th Ave,Topeka,SHAWNEE,INFUSION CENTER,Infusion Therapy,HOD,66606,20177000500.0
8271,,,*Unspecified,*Unspecified,*Unspecified,*Unspecified,,
8272,,,*Unspecified,*Unspecified,*Unspecified,*Unspecified,,
8273,1133 College Ave Bldg E,MANHATTAN,RILEY,MANHATTAN INF DISEASE,Infectious Diseases,,66502,20161000900.0
8274,1500 SW 10th Ave,Topeka,SHAWNEE,RAPID RESPONSE TEAM,*Unspecified,,66604,20177003603.0
8275,1414 SW 8th Ave,Topeka,SHAWNEE,INFUSION CENTER,Infusion Therapy,HOD,66606,20177000500.0
8276,2860 SW Mission Woods Dr,TOPEKA,SHAWNEE,MISSION WOODS DERM,Dermatology,,66614,20177003603.0
8277,823 SW Mulvane Ste 101,Topeka,SHAWNEE,PAIN CLINIC,Pain Medicine,HOD,66606,20177000500.0
8278,823 SW Mulvane Ste 101,Topeka,SHAWNEE,PAIN CLINIC,Pain Medicine,HOD,66606,20177000500.0
8279,823 SW Mulvane Ste 101,Topeka,SHAWNEE,PAIN CLINIC,Pain Medicine,HOD,66606,20177000500.0
8280,823 SW Mulvane Ste 101,Topeka,SHAWNEE,PAIN CLINIC,Pain Medicine,HOD,66606,20177000500.0
8281,823 SW Mulvane Ste 101,Topeka,SHAWNEE,PAIN CLINIC,Pain Medicine,HOD,66606,20177000500.0
8282,823 SW Mulvane Ste 101,Topeka,SHAWNEE,PAIN CLINIC,Pain Medicine,HOD,66606,20177000500.0
8283,823 SW Mulvane Ste 101,Topeka,SHAWNEE,PAIN CLINIC,Pain Medicine,HOD,66606,20177000500.0
8284,823 SW Mulvane Ste 101,Topeka,SHAWNEE,PAIN CLINIC,Pain Medicine,HOD,66606,20177000500.0
8285,823 SW Mulvane Ste 101,Topeka,SHAWNEE,PAIN CLINIC,Pain Medicine,HOD,66606,20177000500.0
8286,823 SW Mulvane Ste 101,Topeka,SHAWNEE,PAIN CLINIC,Pain Medicine,HOD,66606,20177000500.0
8287,823 SW Mulvane Ste 101,Topeka,SHAWNEE,PAIN CLINIC,Pain Medicine,HOD,66606,20177000500.0
8288,823 SW Mulvane Ste 101,Topeka,SHAWNEE,PAIN CLINIC,Pain Medicine,HOD,66606,20177000500.0
8289,823 SW Mulvane Ste 101,Topeka,SHAWNEE,PAIN CLINIC,Pain Medicine,HOD,66606,20177000500.0
8290,1119 SW Gage Blvd,Topeka,*Unspecified,ST. FRANCIS FAMILY MEDICINE - FLEMING PLACE,,,66604,20177003603.0
8291,508 Union St,OSKALOOSA,JEFFERSON,RESTWELL HOME PLUS,,,66066,20087020300.0
8292,,,*Unspecified,*Unspecified,*Unspecified,*Unspecified,,
8293,708 Oregon St.,HIAWATHA,BROWN,ST CROIX HOSPICE - HIAWATHA,,,66434,20013980700.0
8294,5835 SW 29th St. Ste 200,TOPEKA,SHAWNEE,ST CROIX HOSPICE - TOPEKA,,,66614,20177003603.0
8295,3314 SW Front St,TOPEKA,SHAWNEE,OAKLEY PLACE #3,,,66606,20177000500.0
8296,2301 NW Furman Road,TOPEKA,SHAWNEE,Highland Medical Laboratory,,,66618,20177000700.0
8297,1600 Community Dr,SENECA,NEMAHA,J-SIX CORPORATE WELLNESS,,,66538,20131480300.0
8298,211 East Main St,CARBONDALE,OSAGE,CARBONDALE CARE MGMT,*Unspecified,,66414,20139010100.0
8299,131 W Market St Ste B,OSAGE CITY,OSAGE,OSAGE CARE MANAGEMENT,Care Management,,66523,20139010400.0
8300,423 Main Street,ROSSVILLE,SHAWNEE,ROSSVILLE CARE MGNT,*Unspecified,,66533,20085982800.0
8301,1704 Commercial Circle,WAMEGO,POTTAWATOMIE,WAMEGO CARE MANAGEMENT,Care Management,,66547,20149000200.0
8302,1414 SW 8th Ave,Topeka,*Unspecified,CC HEMATOLOGY ONCOLOGY,Hematology and Oncology,,66606,20177000500.0
8303,1500 SW 10th Ave,Topeka,SHAWNEE,EMERGENCY DEPARTMENT,Emergency Medicine,ED,66604,20177003603.0
8304,1500 SW 10th Ave,Topeka,SHAWNEE,INTERMEDIATE CARE,*Unspecified,,66604,20177003603.0
8305,1500 SW 10th Ave,Topeka,SHAWNEE,INTERMEDIATE CARE,*Unspecified,,66604,20177003603.0
8306,1500 SW 10th Ave,Topeka,SHAWNEE,INTERMEDIATE CARE,*Unspecified,,66604,20177003603.0
8307,1500 SW 10th Ave,Topeka,SHAWNEE,INTERMEDIATE CARE,*Unspecified,,66604,20177003603.0
8308,1500 SW 10th Ave,Topeka,SHAWNEE,INTERMEDIATE CARE,*Unspecified,,66604,20177003603.0
8309,1500 SW 10th Ave,Topeka,SHAWNEE,INTERMEDIATE CARE,*Unspecified,,66604,20177003603.0
8310,1301 W 12th,EMPORIA,LYON,EMPORIA PULMONARY,Pulmonology,,66801,20111000300.0
8311,1414 SW 8th Ave,Topeka,SHAWNEE,INFUSION CENTER,Infusion Therapy,HOD,66606,20177000500.0
8312,,,,,,,,
8314,,,,,,,,
8315,,,,,,,,
8316,,,,,,,,
8318,,,,,,,,
8320,,,,,,,,
8321,,,,,,,,
8322,,,,,,,,
8324,,,,,,,,
8325,,,,,,,,
8326,,,,,,,,
8328,,,,,,,,
8329,,,,,,,,
8331,,,,,,,,
8332,,,,,,,,
8333,,,,,,,,
8334,,,,,,,,
8336,,,,,,,,
8340,,,,,,,,
8341,,,,,,,,
8343,,,,,,,,
8345,,,,,,,,
8347,,,,,,,,
8348,,,,,,,,
8349,,,,,,,,
8350,,,,,,,,
8351,,,,,,,,
8352,,,,,,,,
8353,,,,,,,,
8355,,,,,,,,
8356,,,,,,,,
8357,,,,,,,,
8358,,,,,,,,
8359,,,,,,,,
8362,,,,,,,,
8363,,,,,,,,
8364,,,,,,,,
8365,,,,,,,,
8366,,,,,,,,
8367,,,,,,,,
8368,,,,,,,,
8369,,,,,,,,
8370,,,,,,,,
8371,,,,,,,,
8372,,,,,,,,
8373,,,,,,,,
8375,,,,,,,,
8376,,,,,,,,
8377,,,,,,,,
8378,,,,,,,,
8380,,,,,,,,
8381,,,,,,,,
8382,,,,,,,,
8385,,,,,,,,
8386,,,,,,,,
8387,,,,,,,,
8388,,,,,,,,
8389,,,,,,,,
8390,,,,,,,,
8392,,,,,,,,
8393,,,,,,,,
8397,,,,,,,,
8398,,,,,,,,
8399,,,,,,,,
8400,,,,,,,,
8402,,,,,,,,
8403,,,,,,,,
8405,,,,,,,,
8407,,,,,,,,
8408,,,,,,,,
8409,,,,,,,,
8410,,,,,,,,
8411,,,,,,,,
8412,,,,,,,,
8414,,,,,,,,
8415,,,,,,,,
8416,,,,,,,,
8417,,,,,,,,
8418,,,,,,,,
8420,,,,,,,,
8422,,,,,,,,
8423,,,,,,,,
8424,,,,,,,,
8425,,,,,,,,
8427,,,,,,,,
8428,,,,,,,,
8429,,,,,,,,
8430,,,,,,,,
8431,,,,,,,,
8432,,,,,,,,
8434,,,,,,,,
8435,,,,,,,,
8436,,,,,,,,
8437,,,,,,,,
8438,,,,,,,,
8439,,,,,,,,
8440,,,,,,,,
8441,,,,,,,,
8443,,,,,,,,
8444,,,,,,,,
8445,,,,,,,,
8446,,,,,,,,
8447,,,,,,,,
8448,,,,,,,,
8449,,,,,,,,
8450,,,,,,,,
8452,,,,,,,,
8453,,,,,,,,
8456,,,,,,,,
8457,,,,,,,,
8459,,,,,,,,
8460,,,,,,,,
8461,,,,,,,,
8462,,,,,,,,
8463,,,,,,,,
8464,,,,,,,,
8465,,,,,,,,
8468,,,,,,,,
8470,,,,,,,,
8471,,,,,,,,
8472,,,,,,,,
8474,,,,,,,,
8475,,,,,,,,
8476,,,,,,,,
8477,,,,,,,,
8478,,,,,,,,
8479,,,,,,,,
8480,,,,,,,,
8482,,,,,,,,
8483,,,,,,,,
8484,,,,,,,,
8485,,,,,,,,
8486,,,,,,,,
8487,,,,,,,,
8488,,,,,,,,
8489,,,,,,,,
8490,,,,,,,,
8491,,,,,,,,
8492,,,,,,,,
8493,,,,,,,,
8494,,,,,,,,
8498,,,,,,,,
8499,,,,,,,,
8500,,,,,,,,
8501,,,,,,,,
8502,,,,,,,,
8503,,,,,,,,
8504,,,,,,,,
8506,,,,,,,,
8507,,,,,,,,
8508,,,,,,,,
8509,,,,,,,,
8511,,,,,,,,
8512,,,,,,,,
8513,,,,,,,,
8515,,,,,,,,
8516,,,,,,,,
8517,,,,,,,,
8518,,,,,,,,
8519,,,,,,,,
8522,,,,,,,,
8523,,,,,,,,
8525,,,,,,,,
8526,,,,,,,,
8527,,,,,,,,
8528,,,,,,,,
8529,,,,,,,,
8530,,,,,,,,
8531,,,,,,,,
8532,,,,,,,,
8533,,,,,,,,
8534,,,,,,,,
8535,,,,,,,,
8537,,,,,,,,
8538,,,,,,,,
8539,,,,,,,,
8540,,,,,,,,
8542,,,,,,,,
8543,,,,,,,,
8544,,,,,,,,
8545,,,,,,,,
8548,,,,,,,,
8549,,,,,,,,
8550,,,,,,,,
8551,,,,,,,,
8553,,,,,,,,
8554,,,,,,,,
8555,,,,,,,,
8556,,,,,,,,
8559,,,,,,,,
8560,,,,,,,,
8562,,,,,,,,
8563,,,,,,,,
8564,,,,,,,,
8565,,,,,,,,
8566,,,,,,,,
8567,,,,,,,,
8568,,,,,,,,
8569,,,,,,,,
8570,,,,,,,,
8571,,,,,,,,
8574,,,,,,,,
8575,,,,,,,,
8576,,,,,,,,
8577,,,,,,,,
8578,,,,,,,,
8579,,,,,,,,
8581,,,,,,,,
8582,,,,,,,,
8583,,,,,,,,
8584,,,,,,,,
8585,,,,,,,,
8586,,,,,,,,
8587,,,,,,,,
8588,,,,,,,,
8589,,,,,,,,
8590,,,,,,,,
8591,,,,,,,,
8592,,,,,,,,
8593,,,,,,,,
8594,,,,,,,,
8595,,,,,,,,
8596,,,,,,,,
8597,,,,,,,,
8598,,,,,,,,
8599,,,,,,,,
8601,,,,,,,,
8602,,,,,,,,
8603,,,,,,,,
8604,,,,,,,,
8606,,,,,,,,
8607,,,,,,,,
8609,,,,,,,,
8610,,,,,,,,
8611,,,,,,,,
8612,,,,,,,,
8613,,,,,,,,
8614,,,,,,,,
8616,,,,,,,,
8617,,,,,,,,
8618,,,,,,,,
8620,,,,,,,,
8622,,,,,,,,
8623,,,,,,,,
8624,,,,,,,,
8625,,,,,,,,
8626,,,,,,,,
8627,,,,,,,,
8628,,,,,,,,
8629,,,,,,,,
8630,,,,,,,,
8631,,,,,,,,
8632,,,,,,,,
8633,,,,,,,,
8634,,,,,,,,
8635,,,,,,,,
8636,,,,,,,,
8637,,,,,,,,
8638,,,,,,,,
8639,,,,,,,,
8641,,,,,,,,
8642,,,,,,,,
8643,,,,,,,,
8644,,,,,,,,
8645,,,,,,,,
8646,,,,,,,,
8647,,,,,,,,
8648,,,,,,,,
8649,,,,,,,,
8650,,,,,,,,
8651,,,,,,,,
8652,,,,,,,,
8653,,,,,,,,
8654,,,,,,,,
8655,,,,,,,,
8657,,,,,,,,
8658,,,,,,,,
8659,,,,,,,,
8660,,,,,,,,
8661,,,,,,,,
8662,,,,,,,,
8663,,,,,,,,
8665,,,,,,,,
8668,,,,,,,,
8669,,,,,,,,
8670,,,,,,,,
8671,,,,,,,,
8672,,,,,,,,
8673,,,,,,,,
8674,,,,,,,,
8675,,,,,,,,
8676,,,,,,,,
8678,,,,,,,,
8679,,,,,,,,
8680,,,,,,,,
8681,,,,,,,,
8682,,,,,,,,
8683,,,,,,,,
8684,,,,,,,,
8685,,,,,,,,
8686,,,,,,,,
8687,,,,,,,,
8688,,,,,,,,
8689,,,,,,,,
8690,,,,,,,,
8693,,,,,,,,
8695,,,,,,,,
8696,,,,,,,,
8697,,,,,,,,
8698,,,,,,,,
8699,,,,,,,,
8700,,,,,,,,
8701,,,,,,,,
8702,,,,,,,,
8703,,,,,,,,
8704,,,,,,,,
8705,,,,,,,,
8706,,,,,,,,
8707,,,,,,,,
8708,,,,,,,,
8709,,,,,,,,
8710,,,,,,,,
8711,,,,,,,,
8712,,,,,,,,
8713,,,,,,,,
8714,,,,,,,,
8715,,,,,,,,
8716,,,,,,,,
8717,,,,,,,,
8718,,,,,,,,
8719,,,,,,,,
8720,,,,,,,,
8721,,,,,,,,
8722,,,,,,,,
8723,,,,,,,,
8725,,,,,,,,
8727,,,,,,,,
8729,,,,,,,,
8731,,,,,,,,
8733,,,,,,,,
8734,,,,,,,,
8735,,,,,,,,
8736,,,,,,,,
8737,,,,,,,,
8738,,,,,,,,
8739,,,,,,,,
8740,,,,,,,,
8741,,,,,,,,
8742,,,,,,,,
8743,,,,,,,,
8744,,,,,,,,
8745,,,,,,,,
8746,,,,,,,,
8747,,,,,,,,
8749,,,,,,,,
8751,,,,,,,,
8753,,,,,,,,
8754,,,,,,,,
8756,,,,,,,,
8760,,,,,,,,
8761,,,,,,,,
8762,,,,,,,,
8764,,,,,,,,
8765,,,,,,,,
8766,,,,,,,,
8767,,,,,,,,
8768,,,,,,,,
8769,,,,,,,,
8770,,,,,,,,
8771,,,,,,,,
8772,,,,,,,,
8773,,,,,,,,
8775,,,,,,,,
8776,,,,,,,,
8778,,,,,,,,
8779,,,,,,,,
8780,,,,,,,,
8781,,,,,,,,
8782,,,,,,,,
8783,,,,,,,,
8784,,,,,,,,
8785,,,,,,,,
8786,,,,,,,,
8787,,,,,,,,
8788,,,,,,,,
8789,,,,,,,,
8792,,,,,,,,
8793,,,,,,,,
8794,,,,,,,,
8795,,,,,,,,
8796,,,,,,,,
8797,,,,,,,,
8798,,,,,,,,
8799,,,,,,,,
8800,,,,,,,,
8802,,,,,,,,
8804,,,,,,,,
8805,,,,,,,,
8806,,,,,,,,
8807,,,,,,,,
8808,,,,,,,,
8809,,,,,,,,
8810,,,,,,,,
8811,,,,,,,,
8812,,,,,,,,
8813,,,,,,,,
8814,,,,,,,,
8815,,,,,,,,
8816,,,,,,,,
8817,,,,,,,,
8818,,,,,,,,
8819,,,,,,,,
8821,,,,,,,,
8822,,,,,,,,
8823,,,,,,,,
8824,,,,,,,,
8825,,,,,,,,
8827,,,,,,,,
8828,,,,,,,,
8829,,,,,,,,
8830,,,,,,,,
8831,,,,,,,,
8832,,,,,,,,
8833,,,,,,,,
8834,,,,,,,,
8835,,,,,,,,
8836,,,,,,,,
8837,,,,,,,,
8839,,,,,,,,
8840,,,,,,,,
8841,,,,,,,,
8842,,,,,,,,
8844,,,,,,,,
8846,,,,,,,,
8847,,,,,,,,
8850,,,,,,,,
8852,,,,,,,,
8853,,,,,,,,
8854,,,,,,,,
8855,,,,,,,,
8856,1133 College Ave Bldg E,MANHATTAN,RILEY,MANHATTAN IM CARE MGNT,*Unspecified,,66502,20161000900.0
8857,1133 College Ave Bldg E,MANHATTAN,RILEY,MANHATTAN FP CARE MGNT,*Unspecified,,66502,20161000900.0
8858,,,,,,,,
8859,,,,,,,,
8860,,,,,,,,
8861,,,,,,,,
8862,,,,,,,,
8863,,,,,,,,
8864,200 Whiteway St,NETAWAKA,JACKSON,NETAWAKA CLINIC,Family Medicine,,66516,20013480600.0
8865,200 Whiteway St,NETAWAKA,JACKSON,NETAWAKA LAB,Lab,,66516,20013480600.0
8866,200 Whiteway St,NETAWAKA,JACKSON,NETAWAKA XRAY,Radiology,,66516,20013480600.0
8867,200 Whiteway Street,NETAWAKA,JACKSON,,,,66516-9323,
8868,,,,,,,,
8869,3600 SW Burlingame Rd Ste 1B,TOPEKA,SHAWNEE,FAITH HOME HEALTHCARE,,,66611,20177002800.0
8870,,,,,,,,
8871,,,,,,,,
8872,,,,,,,,
8873,929 SW Mulvane St,Topeka,SHAWNEE,SV VEIN CLINIC,*Unspecified,HOD,66606,20177000500.0
8874,,,,,,,,
8875,,,,,,,,
8876,,,,,,,,
8877,1301 W 12th,EMPORIA,LYON,EMPORIA 4THFL CAREMGMT,*Unspecified,,66801,20111000300.0
8878,1301 W 12th,EMPORIA,LYON,EMPORIA 2NDFL CAREMGMT,*Unspecified,,66801,20111000300.0
8879,,,,,,,,
8880,1500 SW 10th Ave,Topeka,SHAWNEE,EMERGENCY DEPARTMENT,Emergency Medicine,ED,66604,20177003603.0
8881,118 W 4th St,LEBO,COFFEY,LEBO CARE MANAGEMENT,Care Management,,66856,20139010300.0
8882,200 Whiteway St,NETAWAKA,JACKSON,NETAWAKA CARE MGMT,*Unspecified,,66516,20013480600.0
8883,,,,,,,,
8884,1414 SW 8th Ave,Topeka,SHAWNEE,INFUSION CENTER,Infusion Therapy,HOD,66606,20177000500.0
8885,,,,,,,,
8886,,,,,,,,
8887,,,,,,,,
8888,,,,,,,,
8889,,,,,,,,
8890,,,,,,,,
8891,,,,,,,,
8892,,,,,,,,
8893,,,,,,,,
8894,,,,,,,,
8895,,,,,,,,
8896,,,,,,,,
8897,,,,,,,,
8899,,,,,,,,
8900,,,,,,,,
8901,,,,,,,,
8902,,,,,,,,
8903,,,,,,,,
8904,,,,,,,,
8905,,,,,,,,
8906,,,,,,,,
8907,,,,,,,,
8909,,,,,,,,
8910,,,,,,,,
8911,,,,,,,,
8912,,,,,,,,
8913,,,,,,,,
8914,,,,,,,,
8915,,,,,,,,
8916,,,,,,,,
8917,,,,,,,,
8918,,,,,,,,
8919,,,,,,,,
8920,,,,,,,,
8921,,,,,,,,
8922,,,,,,,,
8923,,,,,,,,
8924,,,,,,,,
8925,,,,,,,,
8926,,,,,,,,
8927,,,,,,,,
8928,,,,,,,,
8929,,,,,,,,
8930,,,,,,,,
8931,,,,,,,,
8932,,,,,,,,
8933,,,,,,,,
8934,,,,,,,,
8935,,,,,,,,
8936,,,,,,,,
8937,,,,,,,,
8938,,,,,,,,
8939,,,,,,,,
8940,,,,,,,,
8941,,,,,,,,
8942,,,,,,,,
8943,,,,,,,,
8944,,,,,,,,
8945,,,,,,,,
8946,,,,,,,,
8947,,,,,,,,
8948,,,,,,,,
8949,,,,,,,,
8950,,,,,,,,
8951,,,,,,,,
8952,,,,,,,,
8953,,,,,,,,
8954,,,,,,,,
8955,,,,,,,,
8956,,,,,,,,
8957,,,,,,,,
8958,,,,,,,,
8959,,,,,,,,
8960,,,,,,,,
8961,,,,,,,,
8963,,,,,,,,
8964,,,,,,,,
8965,,,,,,,,
8966,,,,,,,,
8967,,,,,,,,
8968,,,,,,,,
8969,,,,,,,,
8970,,,,,,,,
8971,,,,,,,,
8972,,,,,,,,
8973,,,,,,,,
8974,,,,,,,,
8975,,,,,,,,
8976,,,,,,,,
8977,,,,,,,,
8978,,,,,,,,
8979,,,,,,,,
8980,,,,,,,,
8981,,,,,,,,
8982,,,,,,,,
8983,,,,,,,,
8984,,,,,,,,
8985,,,,,,,,
8986,,,,,,,,
8987,,,,,,,,
8988,,,,,,,,
8989,,,,,,,,
8990,,,,,,,,
8991,,,,,,,,
8993,,,,,,,,
8994,,,,,,,,
8995,,,,,,,,
8996,,,,,,,,
8997,,,,,,,,
8998,,,,,,,,
8999,,,,,,,,
9000,,,,,,,,
9001,,,,,,,,
9002,,,,,,,,
9003,,,,,,,,
9004,,,,,,,,
9005,,,,,,,,
9007,,,,,,,,
9008,,,,,,,,
9009,,,,,,,,
9010,,,,,,,,
9011,,,,,,,,
9012,,,,,,,,
9013,,,,,,,,
9014,,,,,,,,
9015,,,,,,,,
9016,,,,,,,,
9017,,,,,,,,
9018,,,,,,,,
9019,,,,,,,,
9020,,,,,,,,
9021,,,,,,,,
9022,,,,,,,,
9023,,,,,,,,
9024,,,,,,,,
9025,,,,,,,,
9026,,,,,,,,
9027,,,,,,,,
9028,,,,,,,,
9029,,,,,,,,
9030,,,,,,,,
9031,,,,,,,,
9032,,,,,,,,
9033,,,,,,,,
9034,,,,,,,,
9035,,,,,,,,
9036,,,,,,,,
9037,,,,,,,,
9038,,,,,,,,
9039,,,,,,,,
9040,,,,,,,,
9041,,,,,,,,
9042,,,,,,,,
9043,,,,,,,,
9044,,,,,,,,
9045,,,,,,,,
9046,,,,,,,,
9047,,,,,,,,
9048,,,,,,,,
9049,,,,,,,,
9050,,,,,,,,
9051,,,,,,,,
9052,,,,,,,,
9053,,,,,,,,
9054,,,,,,,,
9055,,,,,,,,
9056,,,,,,,,
9057,,,,,,,,
9058,,,,,,,,
9059,,,,,,,,
9060,,,,,,,,
9062,,,,,,,,
9063,,,,,,,,
9064,,,,,,,,
9065,,,,,,,,
9066,,,,,,,,
9067,,,,,,,,
9068,,,,,,,,
9069,,,,,,,,
9070,,,,,,,,
9071,,,,,,,,
9072,,,,,,,,
9073,,,,,,,,
9074,,,,,,,,
9075,,,,,,,,
9076,,,,,,,,
9077,,,,,,,,
9078,,,,,,,,
9079,,,,,,,,
9080,,,,,,,,
9081,,,,,,,,
9082,,,,,,,,
9083,,,,,,,,
9084,,,,,,,,
9086,,,,,,,,
9087,,,,,,,,
9088,,,,,,,,
9090,,,,,,,,
9091,,,,,,,,
9092,,,,,,,,
9093,,,,,,,,
9094,,,,,,,,
9095,,,,,,,,
9096,,,,,,,,
9097,,,,,,,,
9099,,,,,,,,
9100,,,,,,,,
9101,,,,,,,,
9102,,,,,,,,
9103,,,,,,,,
9104,,,,,,,,
9105,,,,,,,,
9106,,,,,,,,
9107,,,,,,,,
9108,,,,,,,,
9109,,,,,,,,
9110,,,,,,,,
9111,,,,,,,,
9112,,,,,,,,
9113,,,,,,,,
9114,,,,,,,,
9115,,,,,,,,
9116,,,,,,,,
9117,,,,,,,,
9118,,,,,,,,
9119,,,,,,,,
9120,,,,,,,,
9121,,,,,,,,
9122,,,,,,,,
9123,,,,,,,,
9124,,,,,,,,
9125,,,,,,,,
9127,,,,,,,,
9128,,,,,,,,
9129,,,,,,,,
9130,,,,,,,,
9131,,,,,,,,
9132,,,,,,,,
9133,,,,,,,,
9134,,,,,,,,
9135,,,,,,,,
9136,,,,,,,,
9137,,,,,,,,
9138,,,,,,,,
9139,,,,,,,,
9140,,,,,,,,
9141,,,,,,,,
9142,,,,,,,,
9143,,,,,,,,
9144,,,,,,,,
9145,,,,,,,,
9146,,,,,,,,
9147,,,,,,,,
9148,,,,,,,,
9149,,,,,,,,
9150,,,,,,,,
9151,,,,,,,,
9152,,,,,,,,
9153,,,,,,,,
9154,,,,,,,,
9155,,,,,,,,
9156,,,,,,,,
9157,,,,,,,,
9158,,,,,,,,
9159,,,,,,,,
9160,,,,,,,,
9161,,,,,,,,
9162,,,,,,,,
9163,,,,,,,,
9164,,,,,,,,
9165,,,,,,,,
9166,,,,,,,,
9167,,,,,,,,
9168,,,,,,,,
9169,,,,,,,,
9170,,,,,,,,
9171,,,,,,,,
9172,,,,,,,,
9173,,,,,,,,
9174,,,,,,,,
9175,,,,,,,,
9176,,,,,,,,
9177,,,,,,,,
9178,,,,,,,,
9180,,,,,,,,
9181,,,,,,,,
9182,,,,,,,,
9183,,,,,,,,
9184,,,,,,,,
9185,,,,,,,,
9186,,,,,,,,
9188,,,,,,,,
9189,,,,,,,,
9190,,,,,,,,
9191,,,,,,,,
9192,,,,,,,,
9193,,,,,,,,
9194,,,,,,,,
9195,,,,,,,,
9196,,,,,,,,
9197,,,,,,,,
9198,,,,,,,,
9199,,,,,,,,
9200,,,,,,,,
9201,,,,,,,,
9202,,,,,,,,
9203,,,,,,,,
9204,,,,,,,,
9205,,,,,,,,
9206,,,,,,,,
9207,,,,,,,,
9208,,,,,,,,
9209,,,,,,,,
9210,,,,,,,,
9211,,,,,,,,
9212,,,,,,,,
9213,,,,,,,,
9214,,,,,,,,
9215,,,,,,,,
9216,,,,,,,,
9217,,,,,,,,
9219,,,,,,,,
9220,,,,,,,,
9221,,,,,,,,
9222,1130 N Kansas Avenue,TOPEKA,SHAWNEE,,,,66606-1632,
9223,,,,,,,,
9224,1500 SW 10th Ave,Topeka,SHAWNEE,EMERGENCY DEPARTMENT,Emergency Medicine,ED,66604,20177003603.0
9225,1500 SW 10th Ave,Topeka,SHAWNEE,EMERGENCY DEPARTMENT,Emergency Medicine,ED,66604,20177003603.0
9226,1500 SW 10th Ave,Topeka,SHAWNEE,EMERGENCY DEPARTMENT,Emergency Medicine,ED,66604,20177003603.0
9227,1500 SW 10th Ave,Topeka,SHAWNEE,EMERGENCY DEPARTMENT,Emergency Medicine,ED,66604,20177003603.0
9228,1500 SW 10th Ave,Topeka,SHAWNEE,EMERGENCY DEPARTMENT,Emergency Medicine,ED,66604,20177003603.0
9229,1500 SW 10th Ave,Topeka,SHAWNEE,EMERGENCY DEPARTMENT,Emergency Medicine,ED,66604,20177003603.0
9230,,,,,,,,
9231,1516 SW 6th Ave,TOPEKA,SHAWNEE,SV WORKCARE X-RAY,Radiology,,66606-1696,
9232,1516 SW 6th Ave,TOPEKA,SHAWNEE,WORKCARE XRAY,Radiology,,66606-1696,
9233,1516 SW 6th Ave,TOPEKA,SHAWNEE,SV WORKCARE LAB,Lab,,66606-1696,
9234,1500 SW 10th Ave,Topeka,SHAWNEE,INTERMEDIATE CARE,*Unspecified,,66604,20177003603.0
9235,1500 SW 10th Ave,Topeka,SHAWNEE,INTERMEDIATE CARE,*Unspecified,,66604,20177003603.0
9236,1500 SW 10th Ave,Topeka,SHAWNEE,INTERMEDIATE CARE,*Unspecified,,66604,20177003603.0
9237,1500 SW 10th Ave,Topeka,SHAWNEE,INTERMEDIATE CARE,*Unspecified,,66604,20177003603.0
9238,1500 SW 10th Ave,Topeka,SHAWNEE,INTERMEDIATE CARE,*Unspecified,,66604,20177003603.0
9239,1500 SW 10th Ave,Topeka,SHAWNEE,INTERMEDIATE CARE,*Unspecified,,66604,20177003603.0
9240,,,*Unspecified,*Unspecified,*Unspecified,*Unspecified,,
9241,,,,,,,,
9242,,,*Unspecified,*Unspecified,*Unspecified,*Unspecified,,
9243,1500 SW 10th Ave,Topeka,SHAWNEE,EMERGENCY DEPARTMENT,Emergency Medicine,ED,66604,20177003603.0
9244,1500 SW 10th Ave,Topeka,SHAWNEE,EMERGENCY DEPARTMENT,Emergency Medicine,ED,66604,20177003603.0
9245,1500 SW 10th Ave,Topeka,SHAWNEE,EMERGENCY DEPARTMENT,Emergency Medicine,ED,66604,20177003603.0
9246,1500 SW 10th Ave,Topeka,SHAWNEE,EMERGENCY DEPARTMENT,Emergency Medicine,ED,66604,20177003603.0
9247,1500 SW 10th Ave,Topeka,SHAWNEE,EMERGENCY DEPARTMENT,Emergency Medicine,ED,66604,20177003603.0
9248,1500 SW 10th Ave,Topeka,SHAWNEE,EMERGENCY DEPARTMENT,Emergency Medicine,ED,66604,20177003603.0
9249,1500 SW 10th Ave,Topeka,SHAWNEE,EMERGENCY DEPARTMENT,Emergency Medicine,ED,66604,20177003603.0
9250,1500 SW 10th Ave,Topeka,SHAWNEE,EMERGENCY DEPARTMENT,Emergency Medicine,ED,66604,20177003603.0
9251,1500 SW 10th Ave,Topeka,SHAWNEE,EMERGENCY DEPARTMENT,Emergency Medicine,ED,66604,20177003603.0
9252,,,,,,,,
9253,,,,,,,,
9254,920 SW Washburn,TOPEKA,SHAWNEE,920 WASH EXPRESS LAB,Lab,,66606-1525,
9255,920 SW Washburn,TOPEKA,SHAWNEE,920 WASHBURN EXPRESS,Urgent Care,,66606-1525,
9256,920 SW Washburn,TOPEKA,SHAWNEE,,,,66606-1525,
9258,,,,,,,,
9259,,,,901 FIRST FLOOR SOUTH,,,,
9260,,,,6TH & FRAZIER CODERC,,,,
9261,,,,MERIDEN CLINIC,,,,
9262,,,,CONTRACTED CARE,,,,
9263,,,,ORTHO SPORTS MED XRAY,,,,
9264,,,,PICU PHYSICIANS,,,,
9265,,,,CLINICAL PERFORMANCE IMPROVE,,,,
9266,,,,NEURO AND SPINE CENTER,,,,
9267,,,,CONTINUING EDUCATION,,,,
9268,,,,ENTEROSTOMAL THERAPY,,,,
9269,,,,IS-INFRASTRUCTURE,,,,
9270,,,,LABORATORY,,,,
9271,,,,DIABETES LEARNING CENTER,,,,
9272,,,,AMBULATORY PHARMACY,,,,
9273,,,,WAMEGO-LABORATORY,,,,
9274,,,,901 INTERNAL MEDICINE,,,,
9275,,,,KANZA PT,,,,
9276,,,,CENTURY HEALTH SOLUTIONS,,,,
9277,,,,ORTHOPEDIC SURGERY XRAY,,,,
9278,,,,CONTINUUM OF CARE,,,,
9279,,,,MANHATTAN NUCLEAR CARDIOLOGY,,,,
9280,,,,ADVANCED GYNECOLOGY GENERAL,,,,
9281,,,,HSD INFUSION CENTER,,,,
9282,,,,6TH & FRAZIER- LAB,,,,
9283,,,,CLINICAL NUTRITION,,,,
9284,,,,QUALITY ADMINISTRATION,,,,
9285,,,,CARE TRANSFORMATION,,,,
9286,,,,MANHATTAN CARDIAC,,,,
9287,,,,ORTHOPEDIC SURGERY,,,,
9288,,,,REGIONAL INFORMATION SYSTEMS,,,,
9289,,,,OSAGE CITY-XRAY,,,,
9290,,,,MIDTOWN X-RAY,,,,
9291,,,,AUXILIARY GIFT SHOP,,,,
9292,,,,CONTRACTED CARE,,,,
9293,,,,BEHAVIORAL HEALTH,,,,
9294,,,,NUCLEAR CARDIOLOGY/STRESS TEST,,,,
9295,,,,3 EAST SPINE CENTER,,,,
9296,,,,MANHATTAN GENERAL,,,,
9297,,,,PATIENT EXPERIENCE,,,,
9298,,,,MCLOUTH GENERAL,,,,
9299,,,,PERRY GENERAL,,,,
9300,,,,CROCO ROAD EXPRESSCARE,,,,
9301,,,,ORTHOPEDIC SURGERY,,,,
9302,,,,MANHATTAN SONOGRAPHY,,,,
9303,,,,823 X-RAY,,,,
9304,,,,VEIN CLINIC,,,,
9305,,,,HEALTH SCIENCES LIBRARY,,,,
9306,,,,INTEGRITY & COMPLIANCE,,,,
9307,,,,INFECTION PREVENTION & CONTROL,,,,
9308,,,,EP DEVICE CLINIC,,,,
9309,,,,3 EAST JOINT CENTER,,,,
9310,,,,MANHATTAN XRAY,,,,
9311,,,,MANHATTAN CAMPUS,,,,
9312,,,,VOLUNTEER SERVICES,,,,
9313,,,,CANCER CTR RADIATION THER HOPD,,,,
9314,,,,CV & THORACIC SURGEONS,,,,
9315,,,,TRAUMA SERVICES HSD,,,,
9316,,,,THE FOOD CONNECTION,,,,
9317,,,,INFECTION PREVENTION & CONTROL,,,,
9318,,,,ALLOCATION-PULMONARY,,,,
9319,,,,BEHAVIORAL HEALTH ADULT,,,,
9320,,,,CARDIOLOGY,,,,
9321,,,,MSD HIM,,,,
9322,,,,MSD ADMINISTRATION,,,,
9323,,,,CANCER CENTER PET/CT,,,,
9324,,,,VEIN CLINIC,,,,
9325,,,,SURGEONS,,,,
9326,,,,PERIOPERATIVE SERVICES,,,,
9327,,,,7 EAST TRAUMA,,,,
9328,,,,ALMA GENERAL,,,,
9329,,,,ANTI COAG CLINIC,,,,
9330,,,,ENDROCRIN-CARD BLDG,,,,
9331,,,,SV SINGLE DAY SURGERY,,,,
9332,,,,FACILITIES CONSTRUCTION,,,,
9333,,,,6W SR DX TRTMT CTR,,,,
9334,,,,901 MEDICAL RECORDS,,,,
9335,,,,PATIENT FINANCIAL SERVICES,,,,
9336,,,,REHAB SVS OT,,,,
9337,,,,ALLOCATION-GENERAL,,,,
9338,,,,MSD GI OFFICES,,,,
9339,,,,ORTHOPEDICS KOSM PT,,,,
9340,,,,823 LAB,,,,
9341,,,,NOTO EXPRESSCARE,,,,
9342,,,,WAMEGO-GENERAL,,,,
9343,,,,REHABILITATION SERVICES,,,,
9344,,,,PERFORMANCE IMPROVEMENT,,,,
9345,,,,OSAGE CITY EXPRESSCARE,,,,
9346,,,,MAIN CAMPUS-PULMONARY,,,,
9347,,,,HIGHLAND PARK-PULMONARY,,,,
9348,,,,REIMBURSEMENT,,,,
9349,,,,CARE CLINIC,,,,
9350,,,,ROSSVILLE-CARDIOPULMONARY,,,,
9351,,,,ORTHOPEDIC SURGERY,,,,
9352,,,,CROCO ROAD EXPRESSCARE,,,,
9353,,,,POZEZ EDUCATION CENTER,,,,
9354,,,,EP DEVICE CLINIC,,,,
9355,,,,MAIN CAMPUS-XRAY,,,,
9356,,,,PULMONARY,,,,
9357,,,,ROSSVILLE-LABORATORY,,,,
9358,,,,KANZA XRAY,,,,
9359,,,,ADMINISTRATION,,,,
9360,,,,PEDIATRIC CARDIOLOGY,,,,
9361,,,,FOOD CONNECTION,,,,
9362,,,,HIAWATHA CLINIC,,,,
9363,,,,COTTON ONEIL NETAWAKA,,,,
9364,,,,EMPORIA- SONOGRAPHY,,,,
9365,,,,PERRY - LAB,,,,
9366,,,,NOTO CLINIC- GENERAL,,,,
9367,,,,CLINICAL RESEARCH CENTER,,,,
9368,,,,PCS ADMINISTRATION,,,,
9369,,,,LYNDON-GENERAL,,,,
9370,,,,ULTRASOUND-HC,,,,
9371,,,,PICU PHYSICIANS,,,,
9372,,,,PEDIATRICS / ADOLESCENT,,,,
9373,,,,823 4TH FL FAMILY PRACTICE,,,,
9374,,,,REIMBURSEMENT,,,,
9375,,,,REHABILITATION SVS OT,,,,
9376,,,,CARBONDALE-PULMONARY,,,,
9377,,,,3RD FLOOR PAVILION,,,,
9378,,,,CARBONDALE PT,,,,
9379,,,,NURSING CENTER,,,,
9380,,,,MANHATTAN NEUROLOGY,,,,
9381,,,,PLANNING,,,,
9382,,,,SLEEP DISORDERS CENTER,,,,
9383,,,,IRB,,,,
9384,,,,HINK,,,,
9385,,,,CROCO CLINIC,,,,
9386,,,,PRE-REGISTRATION SERVICES,,,,
9387,,,,EMPORIA-CARDIOPULMONARY,,,,
9388,,,,STERILE PROCESSING,,,,
9389,,,,RADIOLOGY ADMINISTRATION,,,,
9390,,,,3 EAST JOINT CENTER,,,,
9391,,,,CARDIOTHORACIC SURGEONS,,,,
9392,,,,MAIN RECEPTION,,,,
9393,,,,INFORMATION SYSTEMS - APPS,,,,
9394,,,,RISK MANAGEMENT,,,,
9395,,,,TALENT ACQUISITION,,,,
9396,,,,POST ANESTHESIA CARE UNIT,,,,
9397,,,,OSKALOOSA LAB,,,,
9398,,,,NIC RESEARCH,,,,
9399,,,,MEDICAL RECORDS,,,,
9400,,,,901 INTERNAL MEDICINE,,,,
9401,,,,RISK MANAGEMENT,,,,
9402,,,,FINANCIAL MANAGEMENT,,,,
9403,,,,RADIOLOGY ULTRASOUND,,,,
9404,,,,PEDIATRICCARE- GENERAL,,,,
9405,,,,CONTRACTED CARE,,,,
9406,,,,PEDIATRICCARE- GENERAL,,,,
9407,,,,CORPORATE FINANCE,,,,
9408,,,,TELEMETRY MONITORING,,,,
9409,,,,CLINICAL PERFORMANCE IMPROVE,,,,
9410,,,,OPHTHALMOLOGY,,,,
9411,,,,RADIATION THERAPY,,,,
9412,,,,CARBONDALE-GENERAL,,,,
9413,,,,MANHATTAN CARDIAC,,,,
9414,,,,LAB ADMINISTRATION,,,,
9415,,,,HIGHLAND PARK-SONOGRAPHY,,,,
9416,,,,NEUROLOGY,,,,
9417,,,,BEHAVIORAL HEALTH ADMIN,,,,
9418,,,,KANZA NEURO & PAIN,,,,
9419,,,,PRINT SERVICES,,,,
9420,,,,NETAWAKA XRAY,,,,
9421,,,,POST ACUTE CARE,,,,
9422,,,,WAMEGO CLINIC (HOSPITAL),,,,
9423,,,,FAST TRACK,,,,
9424,,,,EMERGENCY ROOM,,,,
9425,,,,CROCO CLINIC-XRAY,,,,
9426,,,,CARDIAC REHAB-HC,,,,
9427,,,,OSAGE CITY-SONOGRAPHY,,,,
9428,,,,MRI OF KANSAS HOPD,,,,
9429,,,,PATIENT CARE CLINICAL EDUC,,,,
9430,,,,I. V. THERAPY,,,,
9431,,,,CATH LAB/SPECIAL PROCEDURES,,,,
9432,,,,INTERMEDIATE CARE,,,,
9433,,,,DIGESTIVE HEALTH CTR RESEARCH,,,,
9434,,,,SPIRITUAL CARE,,,,
9435,,,,COTTON O'NEIL ENDOSCOPY CENTER,,,,
9436,,,,INFECTION PREVENTION CONTROL,,,,
9437,,,,PERFUSION,,,,
9438,,,,MANHATTAN NUCLEAR CARDIOLOGY,,,,
9439,,,,INFECTION CONTROL,,,,
9440,,,,POZEZ EDUCATION CENTER,,,,
9441,,,,OCCUPATIONAL MEDICINE,,,,
9442,,,,823 4TH FLOOR SOUTH,,,,
9443,,,,EMPORIA WORKCARE,,,,
9444,,,,MAIN CAMPUS-SONOGRAPHY,,,,
9445,,,,901 WEST LL SOUTH FLOOR,,,,
9446,,,,OSKALOOSA GENERAL,,,,
9447,,,,INTENSIVE PRIMARY CARE,,,,
9448,,,,PALLIATIVE CARE,,,,
9449,,,,CORPORATE VIEW LAB,,,,
9450,,,,WAMEGO II-XRAY,,,,
9451,,,,823 INTERNAL MEDICINE,,,,
9452,,,,PEDIATRICCARE,,,,
9453,,,,NORTH CLINIC PT,,,,
9454,,,,LUI CLINIC,,,,
9455,,,,ALLOCATION-LABORATORY,,,,
9456,,,,SECURITY,,,,
9457,,,,EMERGENCY ROOM PHYSICIANS GEN,,,,
9458,,,,LIPID CLINIC,,,,
9459,,,,CANCER CTR PET/CT HOPD,,,,
9460,,,,URISH CLINIC - XRAY,,,,
9461,,,,ORTHOPEDICS KOSM GENERAL,,,,
9462,,,,PLASTIC SURGERY CLINIC,,,,
9463,,,,CRITICAL CARE UNIT,,,,
9464,,,,6 SOUTH MEDICAL SURGICAL,,,,
9465,,,,DR LENTZ - GENERAL,,,,
9466,,,,TRAUMA CRITICAL CARE,,,,
9467,,,,NEURO SPINE XRAY,,,,
9468,,,,CLINIC CODING SERVICES,,,,
9469,,,,REHAB SVS OT,,,,
9470,,,,PULMONARY LAB,,,,
9471,,,,BUSINESS OFFICE & PATIENT REP,,,,
9472,,,,ALMA XRAY,,,,
9473,,,,HEALTHWISE 55,,,,
9474,,,,COMPENSATION,,,,
9475,,,,ACO,,,,
9476,,,,WOUND CARE CENTER HYPERBARIC,,,,
9477,,,,REGISTRATION MSD,,,,
9478,,,,FAMILY PRACTICE,,,,
9479,,,,MEDICAL STAFF OFFICES,,,,
9480,,,,PATIENT CENTER MEDICAL HOME,,,,
9481,,,,LEBO-SONOGRAPHY,,,,
9482,,,,BALDWIN-XRAY,,,,
9483,,,,CV PREVENTION CLINIC,,,,
9484,,,,WEIGHT MANAGEMENT,,,,
9485,,,,LEBO-PULMONARY,,,,
9486,,,,CARDIAC REHAB-HC,,,,
9487,,,,ENDOSCOPY,,,,
9488,,,,EMPORIA-XRAY,,,,
9489,,,,ALMA GENERAL,,,,
9490,,,,SPIRITUAL CARE,,,,
9491,,,,EMERGENCY ROOM PHYSICIANS GEN,,,,
9492,,,,OSAGE CITY EXPRESSCARE,,,,
9493,,,,CANCER CENTER- LABORATORY,,,,
9494,,,,NUCLEAR CARDIOLOGY-MOBILE,,,,
9495,,,,LEBO-LABORATORY,,,,
9496,,,,CANCER CENTER XRAY,,,,
9497,,,,LAWRENCE WAKARUSA - LAB,,,,
9498,,,,HUMAN RESOURCES,,,,
9499,,,,HEART FAILURE CLINIC,,,,
9500,,,,PATIENT ADVOCATE SERVICES,,,,
9501,,,,MAIN CAMPUS-PULMONARY,,,,
9502,,,,ADVANCED GYNECOLOGY SONOGRAPHY,,,,
9503,,,,PULMONARY,,,,
9504,,,,INFORMATION SYSTEMS,,,,
9505,,,,ADULT CRISIS STABALIZATION UNI,,,,
9506,,,,OSAGE CITY-CARDIOPULMONARY,,,,
9507,,,,BREASTFEEDING CENTER,,,,
9508,,,,6 NORTH ONCOLOGY,,,,
9509,,,,WAMEGO LAB,,,,
9510,,,,NEUROHOSPITALISTS,,,,
9511,,,,SCHOOL OF NURSING,,,,
9512,,,,NOTO CLINIC- LAB,,,,
9513,,,,EMPORIA- SONOGRAPHY,,,,
9514,,,,"CONSULTANTS, GYN/OB/FERTILITY",,,,
9515,,,,MANHATTAN LAB,,,,
9516,,,,CASE MANAGEMENT,,,,
9517,,,,MERIDEN CLINIC -XRAY,,,,
9518,,,,POST SURGICAL OBSERVATION,,,,
9519,,,,MAIN CAMPUS NEURO LAB,,,,
9520,,,,TRAUMA SERVICES HSD,,,,
9521,,,,ROSSVILLE-GENERAL,,,,
9522,,,,PRE-REGISTRATION MSD,,,,
9523,,,,823 INTERNAL MEDICINE,,,,
9524,,,,UROLOGY - XRAY,,,,
9525,,,,823 4TH FLOOR NORTH,,,,
9526,,,,901 TRANSCRIPTION,,,,
9527,,,,DIABETES SUPPORT SERVICES,,,,
9528,,,,STRATEGY&BUSINESS DEVELOPMENT,,,,
9529,,,,CV SERVICE LINE,,,,
9530,,,,COTTON ONEIL NORTH EXPRESSCARE,,,,
9531,,,,CLINICAL DOCUMENTATION,,,,
9532,,,,EMPORIA-GENERAL,,,,
9533,,,,CONTINUING EDUCATION,,,,
9534,,,,CONTRACTED CARE,,,,
9535,,,,EDUCATIONAL SERVICES,,,,
9536,,,,CV ULTRASOUND-HSD,,,,
9537,,,,COTTON O'NEIL NORTH LAB,,,,
9538,,,,I. V. THERAPY,,,,
9539,,,,COTTON O'NEIL UROLOGY,,,,
9540,,,,COTTON O'NEIL UROLOGY,,,,
9541,,,,CANCER CENTER RESEARCH,,,,
9542,,,,7 SOUTH POST SURGICAL,,,,
9543,,,,LIFELINE,,,,
9544,,,,FACILITIES MANAGEMENT,,,,
9545,,,,CLINICAL ENGINEERING,,,,
9546,,,,PEDIATRICCARE SW TOPEKA,,,,
9547,,,,OP FLEMING PT,,,,
9548,,,,MARKETING & COMMUNICATIONS,,,,
9549,,,,INFECTION PREVENTION & CONTROL,,,,
9550,,,,7 WEST POST SURGICAL,,,,
9551,,,,NEONATAL MEDICINE,,,,
9552,,,,MRI,,,,
9553,,,,PATIENT REGISTRATION,,,,
9554,,,,CARBONDALE-CARDIOPULMONARY,,,,
9555,,,,MERIDEN CLINIC,,,,
9556,,,,HOSPITALISTS,,,,
9557,,,,ORTHO & SPORTS MEDICINE CLINIC,,,,
9558,,,,INFORMATION SYSTEMS - APPS,,,,
9559,,,,MAIN CAMPUS-GENERAL,,,,
9560,,,,I. V. THERAPY,,,,
9561,,,,SPEECH THERAPY,,,,
9562,,,,WAMEGO II-SONOGRAPHY,,,,
9563,,,,HYBRID OR,,,,
9564,,,,ASBURY DERMATOLOGY,,,,
9565,,,,ENHANCED EXT COUNTERPULSATION,,,,
9566,,,,SURGERY-MAIN OR,,,,
9567,,,,HIM TRANSCRIPTION,,,,
9568,,,,ORTHOPEDICS KOSM PT,,,,
9569,,,,EMPLOYEE SEVERANCE PAY,,,,
9570,,,,CLINICAL ENGINEERING,,,,
9571,,,,PATIENT CARE CLINICAL EDUC,,,,
9572,,,,SLEEP DISORDERS CENTER,,,,
9573,,,,WORKERS COMP AND SAFETY,,,,
9574,,,,OSAGE CITY-PULMONARY,,,,
9575,,,,CO PHYSICAL MED & REHAB,,,,
9576,,,,NEONATAL INTENSIVE CARE,,,,
9577,,,,CARDIOLOGY,,,,
9578,,,,CROCO CLINIC,,,,
9579,,,,EXPRESSCARE-URISH,,,,
9580,,,,LEBO-CARDIOPULMONARY,,,,
9581,,,,HIGHLAND PARK-CARDIOPULMONARY,,,,
9582,,,,PEDIATRIC CARDIOLOGY,,,,
9583,,,,SV EXCELLENT SURGERY,,,,
9584,,,,OUTPT OBSERVATION UNIT,,,,
9585,,,,CATH LAB/SPECIAL PROCEDURES,,,,
9586,,,,PHYSICIAN SUPPORT SERVICES,,,,
9587,,,,OSAGE CITY EXPRESSCARE,,,,
9588,,,,RADIOLOGY ADMINISTRATION,,,,
9589,,,,NORTH TOPEKA- GENERAL,,,,
9590,,,,RESPIRATORY CARE,,,,
9591,,,,LAWRENCE WAKARUSA,,,,
9592,,,,STRESS TESTING-HC,,,,
9593,,,,HEALTH CONNECTIONS,,,,
9594,,,,CLINICAL PERFORMANCE,,,,
9595,,,,EMERGENCY MANAGEMENT,,,,
9596,,,,6TH & FRAZIER CODERC,,,,
9597,,,,CLINICAL EDUCATION,,,,
9598,,,,7 EAST TRAUMA,,,,
9599,,,,HOSPITALISTS,,,,
9600,,,,DR LENTZ - LAB,,,,
9601,,,,CARBONDALE-XRAY,,,,
9602,,,,URISH CLINIC - LAB,,,,
9603,,,,COMMUNITY ENGAGEMENT,,,,
9604,,,,CARBONDALE-LABORATORY,,,,
9605,,,,PEDIATRICCARE- URISH,,,,
9606,,,,PAIN MANAGEMENT,,,,
9607,,,,KANSAS REHAB OP,,,,
9608,,,,PERFORMANCE EXCELLENCE,,,,
9609,,,,PREOPERATIVE EVALUATION CLINIC,,,,
9610,,,,EP LAB,,,,
9611,,,,WAMEGO-PULMONARY,,,,
9612,,,,ROSSVILLE-XRAY,,,,
9613,,,,PERFUSION,,,,
9614,,,,OPHTHALMOLOGY,,,,
9615,,,,7 WEST POST SURGICAL,,,,
9616,,,,EXTERNAL PROVIDERS,,,,
9617,,,,REHABILITATION SERVICES,,,,
9618,,,,ENTEROSTOMAL THERAPY,,,,
9619,,,,PARTIAL HOSPITALIZATION PSYCH,,,,
9620,,,,PATIENT CENTER MEDICAL HOME,,,,
9621,,,,WAMEGO-CARDIOPULMONARY,,,,
9622,,,,BALDWIN-GENERAL,,,,
9623,,,,CORPORATE VIEW EXPRESSCARE,,,,
9624,,,,EMPORIA-PULMONARY,,,,
9625,,,,ALMA LAB,,,,
9626,,,,DIABETES & ENDOCRINOLOGY CTR,,,,
9627,,,,LAWRENCE-NEURO LAB,,,,
9628,,,,RECRUITMENT,,,,
9629,,,,EMPORIA WORKCARE,,,,
9630,,,,CARBONDALE-SONOGRAPHY,,,,
9631,,,,TRANSPORTATION SERVICES,,,,
9632,,,,PEDIATRIC HOSPITALIST,,,,
9633,,,,EMPLOYEE RELATIONS,,,,
9634,,,,MERIDEN CLINIC - LAB,,,,
9635,,,,COTTON O'NEIL ENDOSCOPY CENTER,,,,
9636,,,,823 4TH GI,,,,
9637,,,,NW 46TH STREET EXPRESSCARE,,,,
9638,,,,OP FLEMING OT,,,,
9639,,,,INFECTIOUS DISEASE,,,,
9640,,,,RADIOLOGY NUCLEAR MEDICINE,,,,
9641,,,,MATERNAL FETAL MEDICINE,,,,
9642,,,,PT FINANCIAL SVCS MSD,,,,
9643,,,,PROVIDER RECRUITMENT&SUPP SVCS,,,,
9644,,,,CANCER CENTER RAD THER NURSING,,,,
9645,,,,OSKALOOSA GENERAL,,,,
9646,,,,LAB HISTOLOGY,,,,
9647,,,,HEALTH CONNECTIONS,,,,
9648,,,,COTTON O'NEIL NORTH CLINIC,,,,
9649,,,,ANTI COAG CLINIC,,,,
9650,,,,MAIN CAMPUS-CARDIOPULMONARY,,,,
9651,,,,GRANT,,,,
9652,,,,901 2ND FLOOR NORTH,,,,
9653,,,,RADIOLOGY CT SCAN,,,,
9654,,,,PEDIATRICS INTENSIVE CARE,,,,
9655,,,,TELEHEALTH SERVICES,,,,
9656,,,,CANCER CTR TREATMENT ROOM HOPD,,,,
9657,,,,CORPORATE VIEW CLINIC,,,,
9658,,,,SUPPLY CHAIN MGMT,,,,
9659,,,,HEALTH ACCESS,,,,
9660,,,,HOME HEALTH SERVICES,,,,
9661,,,,MOBILE PRIMARY CARE,,,,
9662,,,,OP PSYCH SV WEST RESEARCH CTR,,,,
9663,,,,RHEUMATOLOGY,,,,
9664,,,,MAIN RECEPTION,,,,
9665,,,,EMPORIA-GENERAL,,,,
9666,,,,NUCLEAR CARDIOLOGY/STRESS TEST,,,,
9667,,,,LEARNING & TALENT DEVELOPMENT,,,,
9668,,,,WAMEGO-SONOGRAPHY,,,,
9669,,,,REHABILITATION SVS PT,,,,
9670,,,,PULMONARY LAB,,,,
9671,,,,WAMEGO II-PULMONARY,,,,
9672,,,,3 EAST SPINE CENTER,,,,
9673,,,,CORPORATE VIEW XRAY,,,,
9674,,,,MATERNAL FETAL MEDICINE,,,,
9675,,,,COTTON O'NEIL ENDOSCOPY CENTER,,,,
9676,,,,RADIOLOGY DIAGNOSTIC,,,,
9677,,,,BEHAVIORAL HEALTH CHILD/ADOL,,,,
9678,,,,IS SECURITY,,,,
9679,,,,MANHATTAN SONOGRAPHY,,,,
9680,,,,CROCO CLINIC-LABORATORY,,,,
9681,,,,5 NORTH MEDICAL,,,,
9682,,,,ALLERGY CLINIC,,,,
9683,,,,823 3RD FLOOR SOUTHEAST,,,,
9684,,,,OSAGE CITY-GENERAL,,,,
9685,,,,EMPORIA- CARDIAC SVCS,,,,
9686,,,,CRITICAL CARE UNIT PAVILION,,,,
9687,,,,NUTRITIONAL SERVICES,,,,
9688,,,,LIFESTAR,,,,
9689,,,,LAWRENCE WAKARUSA - XRAY,,,,
9690,,,,ENVIRONMENTAL SERVICES,,,,
9691,,,,SAFETY AND SECURITY,,,,
9692,,,,MRI CENTER OF KANSAS,,,,
9693,,,,ENDOSCOPY/PAIN MGMT CLINIC,,,,
9694,,,,OP FLEMING OT,,,,
9695,,,,KANZA MRI,,,,
9696,,,,LEBO-XRAY,,,,
9697,,,,MAIN CAMPUS-LABORATORY,,,,
9698,,,,MANHATTAN ED,,,,
9699,,,,LEBO-GENERAL,,,,
9700,,,,BONE DENSITOMETER,,,,
9701,,,,COURIER SERVICES,,,,
9702,,,,PARTIAL HOSPITALIZATION PSYCH,,,,
9703,,,,UROLOGY- LABORATORY,,,,
9704,,,,MID TOWN EXPRESSCARE,,,,
9705,,,,WAMEGO II-CARDIOPULMONARY,,,,
9706,,,,NOTO CLINIC - XRAY,,,,
9707,,,,CROCO CLINIC,,,,
9708,,,,RESPIRATORY CARE,,,,
9709,,,,OUTPATIENT CENTER,,,,
9710,,,,PALLIATIVE CARE,,,,
9711,,,,MANHATTAN PRIMARY CARE,,,,
9712,,,,823 ENDOSCOPY CENTER,,,,
9713,,,,PEDIATRICS NEUROLOGY,,,,
9714,,,,STORMONT VAIL RETAIL PHARMACY,,,,
9715,,,,LOGISTICS,,,,
9716,,,,EP LAB,,,,
9717,,,,REHAB ADMINISTRATION,,,,
9718,,,,RETAIL CLINIC,,,,
9719,,,,MSD GI OFFICES,,,,
9720,,,,OP PSYCH SV WEST RESEARCH CTR,,,,
9721,,,,MCLOUTH LAB,,,,
9722,,,,ULTRASOUND-HC,,,,
9723,,,,INTERNAL AUDIT,,,,
9724,,,,COTTON O'NEIL NORTH XRAY,,,,
9725,,,,OCCUPATIONAL MEDICINE,,,,
9726,,,,PAIN MANAGEMENT CLINIC,,,,
9727,,,,REGIONAL RELATIONS,,,,
9728,,,,EXPRESSCARE 920 WASHBURN,,,,
9729,,,,ENTEROSTOMAL THERAPY,,,,
9730,,,,EXPRESSCARE 920 WASHBURN LAB,,,,
9731,,,,WOUND CARE CENTER GENERAL,,,,
9732,,,,901 EAST LL FLEX FLOAT,,,,
9733,,,,OP FLEMING PT,,,,
9734,,,,TOPEKA SINGLE DAY SURGERY,,,,
9735,,,,EMPORIA-LABORATORY,,,,
9736,,,,4TH NEUROSURGERY,,,,
9737,,,,EMPLOYEE HEALTH,,,,
9738,,,,ST MARY'S GENERAL,,,,
9739,,,,STARBUCKS SOUTH,,,,
9740,,,,7 SOUTH POST SURGICAL,,,,
9741,,,,CORPORATE VIEW WORK CARE,,,,
9742,,,,CANCER CENTER RADIATION THER,,,,
9743,,,,REHABILITATION SVS PT,,,,
9744,,,,ORTHO SPORTS LAB,,,,
9745,,,,MSD TRANSCRIPTION- HIM,,,,
9746,,,,901 FAMILY MEDICINE,,,,
9747,,,,5 NORTH,,,,
9748,,,,TELECOMMUNICATIONS,,,,
9749,,,,4 NORTH BIRTHPLACE,,,,
9750,,,,SPEECH THERAPY,,,,
9751,,,,CANCER CENTER CLIN RESEARCH,,,,
9752,,,,CENTER FOR CLINICAL RESEARCH,,,,
9753,,,,SAFETY,,,,
9754,,,,LABORATORY CYTOLOGY,,,,
9755,,,,PEDIATRICCARE - LABORATORY,,,,
9756,,,,REVENUE CYCLE IT,,,,
9757,,,,POPULATION HEALTH,,,,
9758,,,,DIABETES LEARNING CENTER,,,,
9759,,,,OSKALOOSA-XRAY,,,,
9760,,,,ENTEROSTOMAL THERAPY,,,,
9761,,,,7 NORTH CARDIAC,,,,
9762,,,,EUDORA CLINIC,,,,
9763,,,,4 WEST BIRTHPLACE,,,,
9764,,,,LEBO-GENERAL,,,,
9765,,,,NEPHROLOGY,,,,
9766,,,,URISH CLINIC,,,,
9767,,,,6TH & FRAZIER CODERC,,,,
9768,,,,HOMEMAKER,,,,
9769,,,,2 PAV OBSERVATION UNIT,,,,
9770,,,,WAMEGO-XRAY,,,,
9771,,,,MATERNAL FETAL MEDICINE,,,,
9772,,,,ROSSVILLE-SONOGRAPHY,,,,
9773,,,,BENEFITS AND WELLNESS,,,,
9774,,,,4TH FLOOR PAVILION,,,,
9775,,,,QUALITY IMPROVEMENT,,,,
9776,,,,TELECOMMUNICATIONS,,,,
9777,,,,WOMENS CENTER,,,,
9778,,,,LINEN SERVICES,,,,
9779,,,,CASE MANAGEMENT,,,,
9780,,,,WAMEGO-GENERAL,,,,
9781,,,,WAMEGO II-GENERAL,,,,
9782,,,,823 3RD FLOOR SOUTHWEST,,,,
9783,,,,URISH CLINIC,,,,
9784,,,,BUILDING BLOCKS,,,,
9785,,,,ROSSVILLE-GENERAL,,,,
9786,,,,CANCER CENTER,,,,
9787,,,,HEALTHWISE 55,,,,
9788,,,,823 3RD SOUTH,,,,
9789,,,,EXPRESSCARE-URISH,,,,
9790,,,,KANZA OT,,,,
9791,,,,WAMEGO II-LABORATORY,,,,
9792,,,,KANSAS REHAB OP,,,,
9793,,,,OSAGE CITY-GENERAL,,,,
9794,,,,MSD GI OFFICES,,,,
9795,,,,PATIENT FLOW,,,,
9796,,,,HOSPICE,,,,
9797,,,,PHARMACY,,,,
9798,,,,REHABILITATION SVS OT,,,,
9799,,,,6W SR DX TRTMT CTR,,,,
9800,,,,ExcellENT,,,,
9801,,,,LAWRENCE-GENERAL,,,,
9802,,,,TRACTION ROOM,,,,
9803,,,,BALDWIN-LABORATORY,,,,
9804,,,,CV ULTRASOUND-HSD,,,,
9805,,,,LEAN PROCESS,,,,
9806,,,,823 2ND FLOOR,,,,
9807,,,,MAIN RECEPTION,,,,
9808,,,,KOSM XRAY,,,,
9809,,,,CARBONDALE-GENERAL,,,,
9810,,,,BOS,,,,
9811,,,,OSAGE CITY-LABORATORY,,,,
9812,,,,,,,,
9813,,,,,,,,
9814,,,,,,,,
9815,,,,,,,,
9816,,,,,,,,
9817,,,,,,,,
9818,,,,,,,,
9819,,,,,,,,
9820,,,,,,,,
9821,,,,,,,,
9822,,,,,,,,
9823,,,,,,,,
9824,,,,,,,,
9825,,,,,,,,
9826,,,,,,,,
9827,,,,,,,,
9828,,,,,,,,
9829,,,,,,,,
9830,,,,,,,,
9831,,,,,,,,
9832,,,,,,,,
9833,,,,,,,,
9834,,,,,,,,
9835,,,,,,,,
9836,,,,,,,,
9837,,,,,,,,
9838,,,,,,,,
9839,,,,,,,,
9840,,,,,,,,
9841,,,,,,,,
9842,,,,,,,,
9843,,,,,,,,
9844,,,,,,,,
9845,,,,,,,,
9846,1500 SW 10th Ave,Topeka,SHAWNEE,EMERGENCY DEPARTMENT,Emergency Medicine,ED,66604,20177003603.0
9847,,,*Unspecified,*Unspecified,*Unspecified,*Unspecified,,
9848,,,*Unspecified,*Unspecified,*Unspecified,*Unspecified,,
9849,1500 SW 10th Ave,Topeka,SHAWNEE,EMERGENCY DEPARTMENT,Emergency Medicine,ED,66604,20177003603.0
9850,,,,,,,,
9851,1500 SW 10th Ave,Topeka,SHAWNEE,PACU,*Unspecified,OR,66604,20177003603.0
9852,1500 SW 10th Ave,Topeka,SHAWNEE,PACU,*Unspecified,OR,66604,20177003603.0
9853,1500 SW 10th Ave,Topeka,SHAWNEE,PACU,*Unspecified,OR,66604,20177003603.0
9854,1500 SW 10th Ave,Topeka,SHAWNEE,PACU,*Unspecified,OR,66604,20177003603.0
9855,1500 SW 10th Ave,Topeka,SHAWNEE,PACU,*Unspecified,OR,66604,20177003603.0
9856,1500 SW 10th Ave,Topeka,SHAWNEE,PACU,*Unspecified,OR,66604,20177003603.0
9857,1500 SW 10th Ave,Topeka,SHAWNEE,PACU,*Unspecified,OR,66604,20177003603.0
9858,1500 SW 10th Ave,Topeka,SHAWNEE,PACU,*Unspecified,OR,66604,20177003603.0
9859,1500 SW 10th Ave,Topeka,SHAWNEE,PACU,*Unspecified,OR,66604,20177003603.0
9860,1500 SW 10th Ave,Topeka,SHAWNEE,PACU,*Unspecified,OR,66604,20177003603.0
9861,1500 SW 10th Ave,Topeka,SHAWNEE,PACU,*Unspecified,OR,66604,20177003603.0
9862,1500 SW 10th Ave,Topeka,SHAWNEE,PACU,*Unspecified,OR,66604,20177003603.0
9863,1500 SW 10th Ave,Topeka,SHAWNEE,PACU,*Unspecified,OR,66604,20177003603.0
9864,1500 SW 10th Ave,Topeka,SHAWNEE,PACU,*Unspecified,OR,66604,20177003603.0
9865,1500 SW 10th Ave,Topeka,SHAWNEE,PACU,*Unspecified,OR,66604,20177003603.0
9866,1500 SW 10th Ave,Topeka,SHAWNEE,PACU,*Unspecified,OR,66604,20177003603.0
9867,1500 SW 10th Ave,Topeka,SHAWNEE,PACU,*Unspecified,OR,66604,20177003603.0
9868,1500 SW 10th Ave,Topeka,SHAWNEE,PACU,*Unspecified,OR,66604,20177003603.0
9869,1500 SW 10th Ave,Topeka,SHAWNEE,PACU,*Unspecified,OR,66604,20177003603.0
9870,1500 SW 10th Ave,Topeka,SHAWNEE,PACU,*Unspecified,OR,66604,20177003603.0
9871,1500 SW 10th Ave,Topeka,SHAWNEE,CRITICAL CARE-2SOUTH,*Unspecified,ICU,66604,20177003603.0
9872,1500 SW 10th Ave,Topeka,SHAWNEE,CRITICAL CARE-2SOUTH,*Unspecified,ICU,66604,20177003603.0
9873,1500 SW 10th Ave,Topeka,SHAWNEE,CRITICAL CARE-2SOUTH,*Unspecified,ICU,66604,20177003603.0
9874,1500 SW 10th Ave,Topeka,SHAWNEE,CRITICAL CARE-2SOUTH,*Unspecified,ICU,66604,20177003603.0
9875,,,*Unspecified,823 NEPH CARE MGNT,*Unspecified,,,
9876,,,,MANHATTAN RESPIRATORY CLINIC,,,,
9877,1500 SW 10th Ave,Topeka,SHAWNEE,EMERGENCY DEPARTMENT,Emergency Medicine,ED,66604,20177003603.0
9878,,,,FOOT & ANKLE CLINIC,,,,
9879,1500 SW 10th AVE,Topeka,*Unspecified,*Unspecified,*Unspecified,*Unspecified,66604-1301,
9880,,,,FOOT & ANKLE CLINIC XRAY,,,,
9881,1500 SW 10th AVE,Topeka,*Unspecified,*Unspecified,*Unspecified,*Unspecified,66604-1301,
9882,3707 SW 6th Ave,Topeka,SHAWNEE,SVW-ADULT,*Unspecified,,66606,20177000500.0
9883,1500 SW 10th Ave,TOPEKA,SHAWNEE,SV MAWD LAB,*Unspecified,,,
9884,3707 SW 6th Ave,Topeka,SHAWNEE,SVW-ADULT,*Unspecified,,66606,20177000500.0
9885,1500 SW 10th Ave,Topeka,SHAWNEE,EMERGENCY DEPARTMENT,Emergency Medicine,ED,66604,20177003603.0
9886,3707 SW 6th Ave,Topeka,SHAWNEE,SVW-ADULT,*Unspecified,,66606,20177000500.0
9887,,,*Unspecified,*Unspecified,*Unspecified,*Unspecified,,
9888,3707 SW 6th Ave,Topeka,SHAWNEE,SVW-ADULT,*Unspecified,,66606,20177000500.0
9889,1500 SW 10th Ave,TOPEKA,SHAWNEE,SV QUEST LAB,*Unspecified,,,
9890,1500 SW 10th Ave,TOPEKA,SHAWNEE,SV VIRACOR LAB,*Unspecified,,,
9891,1500 SW 10th Ave,Topeka,SHAWNEE,EMERGENCY DEPARTMENT,Emergency Medicine,ED,66604,20177003603.0
9892,1500 SW 10th Ave,Topeka,SHAWNEE,EMERGENCY DEPARTMENT,Emergency Medicine,ED,66604,20177003603.0
9893,,,,,,,,
9894,,,,,,,,
9895,,,,,,,,
9896,,,,,,,,
9897,,,,,,,,
9898,,,,,,,,
9899,,,,,,,,
9900,,,,,,,,
9901,,,,,,,,
9902,,,,,,,,
9903,,,,,,,,
9904,,,,,,,,
9905,,,,,,,,
9906,,,,,,,,
9907,,,,,,,,
9908,,,,,,,,
9909,,,,,,,,
9910,,,,,,,,
9911,,,,,,,,
9912,,,,,,,,
9913,,,,,,,,
9914,,,,,,,,
9915,,,,,,,,
9916,,,,,,,,
9917,,,,,,,,
9918,,,,,,,,
9919,,,,,,,,
9920,,,,,,,,
9921,,,,,,,,
9922,,,,,,,,
9923,,,,,,,,
9924,,,,,,,,
9925,,,,,,,,
9926,,,,,,,,
9927,,,,,,,,
9928,,,,,,,,
9929,,,,,,,,
9930,,,,,,,,
9931,,,,,,,,
9932,,,,,,,,
9933,,,,,,,,
9934,,,,,,,,
9935,,,,,,,,
9936,,,,,,,,
9937,,,,,,,,
9938,,,,,,,,
9939,,,,,,,,
9940,,,,,,,,
9941,,,,,,,,
9942,,,,,,,,
9943,,,,,,,,
9944,,,,,,,,
9945,,,,,,,,
9946,,,,,,,,
9947,,,,,,,,
9948,,,,,,,,
9949,,,,,,,,
9950,,,,,,,,
9951,,,,,,,,
9952,,,,,,,,
9953,,,,,,,,
9954,,,,,,,,
9955,,,,,,,,
9956,,,,,,,,
9957,,,,,,,,
9958,,,,,,,,
9959,,,,,,,,
9960,,,,,,,,
9961,,,,,,,,
9962,,,,,,,,
9963,,,,,,,,
9964,,,,,,,,
9965,,,,,,,,
9966,,,,,,,,
9967,,,,,,,,
9968,,,,,,,,
9969,,,,,,,,
9970,,,,,,,,
9971,,,,,,,,
9972,,,,,,,,
9973,,,,,,,,
9974,,,,,,,,
9975,,,,,,,,
9976,,,,,,,,
9977,,,,,,,,
9978,,,,,,,,
9979,,,,,,,,
9980,,,,,,,,
9981,,,,,,,,
9982,,,,,,,,
9983,,,,,,,,
9984,,,,,,,,
9985,,,,,,,,
9986,,,,,,,,
9987,,,,,,,,
9988,,,,,,,,
9989,,,,,,,,
9990,,,,,,,,
9991,,,,,,,,
9992,,,,,,,,
9993,,,,,,,,
9994,,,,,,,,
9995,,,,,,,,
9996,,,,,,,,
9997,,,,,,,,
9998,,,,,,,,
9999,,,,,,,,
10000,,,,,,,,
10001,,,,,,,,
10002,,,,,,,,
10003,,,,,,,,
10004,,,,,,,,
10005,,,,,,,,
10006,,,,,,,,
10007,,,,,,,,
10008,,,,,,,,
10009,,,,,,,,
10010,,,,,,,,
10011,,,,,,,,
10012,,,,,,,,
10013,,,,,,,,
10014,,,,,,,,
10015,,,,,,,,
10016,,,,,,,,
10017,,,,,,,,
10018,,,,,,,,
10019,,,,,,,,
10020,,,,,,,,
10021,,,,,,,,
10022,,,,,,,,
10023,,,,,,,,
10024,,,,,,,,
10025,,,,,,,,
10026,,,,,,,,
10027,,,,,,,,
10028,,,,,,,,
10029,,,,,,,,
10030,,,,,,,,
10031,,,,,,,,
10032,,,,,,,,
10033,,,,,,,,
10034,,,,,,,,
10035,,,,,,,,
10036,,,,,,,,
10037,,,,,,,,
10038,,,,,,,,
10039,,,,,,,,
10040,,,,,,,,
10041,,,,,,,,
10042,,,,,,,,
10043,,,,,,,,
10044,,,,,,,,
10045,,,,,,,,
10046,,,,,,,,
10047,,,,,,,,
10048,,,,,,,,
10049,,,,,,,,
10050,,,,,,,,
10051,,,,,,,,
10052,,,,,,,,
10053,,,,,,,,
10054,,,,,,,,
10055,,,,,,,,
10056,,,,,,,,
10057,,,,,,,,
10058,,,,,,,,
10059,,,,,,,,
10060,,,,,,,,
10061,,,,,,,,
10062,,,,,,,,
10063,,,,,,,,
10064,,,,,,,,
10065,,,,,,,,
10066,,,,,,,,
10067,,,,,,,,
10068,,,,,,,,
10069,,,,,,,,
10070,,,,,,,,
10071,,,,,,,,
10072,,,,,,,,
10073,,,,,,,,
10074,,,,,,,,
10075,,,,,,,,
10076,,,,,,,,
10077,,,,,,,,
10078,,,,,,,,
10079,,,,,,,,
10080,,,,,,,,
10081,,,,,,,,
10082,,,,,,,,
10083,,,,,,,,
10084,,,,,,,,
10085,,,,,,,,
10086,,,,,,,,
10087,,,,,,,,
10088,,,,,,,,
10089,,,,,,,,
10090,,,,,,,,
10091,,,,,,,,
10092,,,,,,,,
10093,,,,,,,,
10094,,,,,,,,
10095,,,,,,,,
10096,,,,,,,,
10097,,,,,,,,
10098,,,,,,,,
10099,,,,,,,,
10100,,,,,,,,
10101,,,,,,,,
10102,,,,,,,,
10103,,,,,,,,
10104,,,,,,,,
10105,,,,,,,,
10106,,,,,,,,
10107,,,,,,,,
10108,,,,,,,,
10109,,,,,,,,
10110,,,,,,,,
10111,,,,,,,,
10112,,,,,,,,
10113,,,,,,,,
10114,,,,,,,,
10115,,,,,,,,
10116,,,,,,,,
10117,,,,,,,,
10118,,,,,,,,
10119,,,,,,,,
10120,,,,,,,,
10121,,,,,,,,
10122,,,,,,,,
10123,,,,,,,,
10124,,,,,,,,
10125,,,,,,,,
10126,,,,,,,,
10127,,,,,,,,
10128,,,,,,,,
10129,,,,,,,,
10130,,,,,,,,
10131,,,,,,,,
10132,,,,,,,,
10133,,,,,,,,
10134,,,,,,,,
10135,,,,,,,,
10136,,,,,,,,
10137,,,,,,,,
10138,,,,,,,,
10139,,,,,,,,
10140,,,,,,,,
10141,,,,,,,,
10142,,,,,,,,
10143,,,,,,,,
10144,,,,,,,,
10145,,,,,,,,
10146,,,,,,,,
10147,,,,,,,,
10148,,,,,,,,
10149,,,,,,,,
10150,,,,,,,,
10151,,,,,,,,
10152,,,,,,,,
10153,,,,,,,,
10154,,,,,,,,
10155,,,,,,,,
10156,,,,,,,,
10157,,,,,,,,
10158,,,,,,,,
10159,,,,,,,,
10160,,,,,,,,
10161,,,,,,,,
10162,,,,,,,,
10163,,,,,,,,
10164,,,,,,,,
10165,,,,,,,,
10166,,,,,,,,
10167,,,,,,,,
10168,,,,,,,,
10169,,,,,,,,
10170,,,,,,,,
10171,,,,,,,,
10172,,,,,,,,
10173,,,,,,,,
10174,,,,,,,,
10175,,,,,,,,
10176,,,,,,,,
10177,,,,,,,,
10178,,,,,,,,
10179,,,,,,,,
10180,,,,,,,,
10181,,,,,,,,
10182,,,,,,,,
10183,,,,,,,,
10184,,,,,,,,
10185,,,,,,,,
10186,,,,,,,,
10187,,,,,,,,
10188,,,,,,,,
10189,,,,,,,,
10190,,,,,,,,
10191,,,,,,,,
10192,,,,,,,,
10193,,,,,,,,
10194,,,,,,,,
10195,,,,,,,,
10196,,,,,,,,
10197,,,,,,,,
10198,,,,,,,,
10199,,,,,,,,
10200,,,,,,,,
10201,,,,,,,,
10202,,,,,,,,
10203,,,,,,,,
10204,,,,,,,,
10205,,,,,,,,
10206,,,,,,,,
10207,,,,,,,,
10208,,,,,,,,
10209,,,,,,,,
10210,,,,,,,,
10211,,,,,,,,
10212,,,,,,,,
10213,,,,,,,,
10214,,,,,,,,
10215,,,,,,,,
10216,,,,,,,,
10217,,,,,,,,
10218,,,,,,,,
10219,,,,,,,,
10220,,,,,,,,
10221,,,,,,,,
10222,,,,,,,,
10223,,,,,,,,
10224,,,,,,,,
10225,,,,,,,,
10226,,,,,,,,
10227,,,,,,,,
10228,1315 SW 6th Ave,TOPEKA,SHAWNEE,FOOT AND ANKLE CLINIC,Foot & Ankle,,66606-1582,
10229,1315 SW 6th Ave,TOPEKA,SHAWNEE,FOOT ANKLE CLINIC XRAY,Radiology,,66606-1582,
10230,1315 SW 6th Ave,TOPEKA,SHAWNEE,,,,66606-1582,
10231,,,,,,,,
10232,,,,,,,,
10233,,,,,,,,
10234,,,,,,,,
10235,,,,,,,,
10236,,,,,,,,
10237,,,,,,,,
10238,,,*Unspecified,ORTHO MSH OUTREACH,*Unspecified,,,
10239,,,*Unspecified,NEUROSURG MSH OUTREACH,*Unspecified,,,
10240,2252 SW 10th Ave,TOPEKA,SHAWNEE,,,,66604-3999,
10241,2252 SW 10th Ave,TOPEKA,SHAWNEE,SV RETAIL PHARMACY IMM,Internal Medicine,,66604-3999,
10242,1315 SW 6th Ave,TOPEKA,SHAWNEE,FOOT ANKLE CLINIC LAB,Lab,,66606-1582,
10243,,,,,,,,
10244,,,,,,,,
10245,901 Garfield Ave,TOPEKA,SHAWNEE,,,,66606-1695,
10246,901 SW Garfield Ave,TOPEKA,SHAWNEE,DRIVE UP TESTING LAB,Lab,,66606,20177000500.0
10247,901 SW Garfield Ave,TOPEKA,SHAWNEE,DRIVE UP TESTING,Urgent Care,,66606,20177000500.0
10248,,,,,,,,
10249,909 SW Mulvane St,TOPEKA,SHAWNEE,MYCHART ON DEMAND,Urgent Care,,66606-1677,
10250,,,*Unspecified,OOR SCHED ONLY,*Unspecified,,,
10251,1500 SW 10th AVE,Topeka,*Unspecified,*Unspecified,*Unspecified,*Unspecified,66604-1301,
10252,1500 SW 10th Ave,Topeka,SHAWNEE,EMERGENCY DEPARTMENT,Emergency Medicine,ED,66604,20177003603.0
10253,,,,,,,,
10254,1500 SW 10th Ave,Topeka,SHAWNEE,POST-SURGICAL-7 SOUTH,*Unspecified,,66604,20177003603.0
10255,,,,,,,,
10256,,,,,,,,
10257,,,*Unspecified,*Unspecified,*Unspecified,*Unspecified,,
10258,,,,,,,,
10259,,,,,,,,
10260,,,,SW ASBURY CLINIC,,,,
10261,,,*Unspecified,*Unspecified,*Unspecified,*Unspecified,,
10262,,,,SW ASBURY LAB,,,,
10263,,,,SW ASBURY XRAY,,,,
10264,,,*Unspecified,Paternity Testing,,,,
10265,6135 SW 17th Street,TOPEKA,SHAWNEE,TOPEKA ER & HOSPITAL,,,66604,20177003603.0
10266,1133 College Ave Bldg E,MANHATTAN,RILEY,MANHATTAN RESP CLINIC,Urgent Care,,66502,20161000900.0
10267,,,,,,,,
10268,,,,,,,,
10269,,,,,,,,
10270,,,,,,,,
10271,,,,,,,,
10273,,,,,,,,
10274,,,,,,,,
10275,2902 SW Asbury Drive,TOPEKA,SHAWNEE,ASBURY BEHAVIOR MED,Psychiatry,,66614-4466,
10276,2902 SW Asbury Drive,TOPEKA,SHAWNEE,ASBURY PLASTIC SURGERY,Plastic Surgery,,66614-4466,
10277,2902 SW Asbury Drive,TOPEKA,SHAWNEE,,,,66614-4466,
10278,2902 SW Asbury Drive,TOPEKA,SHAWNEE,ASBURY LAB,Lab,,66614-4466,
10279,2902 SW Asbury Drive,TOPEKA,SHAWNEE,ASBURY DERM,Dermatology,,66614-4466,
10280,2902 SW Asbury Drive,TOPEKA,SHAWNEE,ASBURY CARE MANAGEMENT,Care Management,,66614,20177003603.0
10281,2902 SW Asbury Drive,TOPEKA,SHAWNEE,ASBURY DERM LAB,Lab,,66614-4466,
10282,2902 SW Asbury Drive,TOPEKA,SHAWNEE,ASBURY CLINIC,Primary Care,,66614-4466,
10283,1500 SW 10th Ave,Topeka,SHAWNEE,EMERGENCY DEPARTMENT,Emergency Medicine,ED,66604,20177003603.0
10284,,,*Unspecified,*Unspecified,*Unspecified,*Unspecified,,
10285,1500 SW 10th Ave,Topeka,SHAWNEE,EMERGENCY DEPARTMENT,Emergency Medicine,ED,66604,20177003603.0
10286,1500 SW 10th Ave,Topeka,SHAWNEE,EMERGENCY DEPARTMENT,Emergency Medicine,ED,66604,20177003603.0
10287,1500 SW 10th Ave,Topeka,SHAWNEE,EMERGENCY DEPARTMENT,Emergency Medicine,ED,66604,20177003603.0
10288,1500 SW 10th Ave,Topeka,SHAWNEE,EMERGENCY DEPARTMENT,Emergency Medicine,ED,66604,20177003603.0
10289,1500 SW 10th Ave,Topeka,SHAWNEE,EMERGENCY DEPARTMENT,Emergency Medicine,ED,66604,20177003603.0
10290,2902 SW Asbury Drive,TOPEKA,SHAWNEE,ASBURY RADIOLOGY,Radiology,,66614-4466,
10291,1500 SW 10th Ave,Topeka,SHAWNEE,EMERGENCY DEPARTMENT,Emergency Medicine,ED,66604,20177003603.0
10292,1500 SW 10th Ave,Topeka,SHAWNEE,EMERGENCY DEPARTMENT,Emergency Medicine,ED,66604,20177003603.0
10293,1500 SW 10th Ave,Topeka,SHAWNEE,EMERGENCY DEPARTMENT,Emergency Medicine,ED,66604,20177003603.0
10294,1500 SW 10th Ave,Topeka,SHAWNEE,EMERGENCY DEPARTMENT,Emergency Medicine,ED,66604,20177003603.0
10295,1500 SW 10th Ave,Topeka,SHAWNEE,EMERGENCY DEPARTMENT,Emergency Medicine,ED,66604,20177003603.0
10296,1500 SW 10th Ave,Topeka,SHAWNEE,EMERGENCY DEPARTMENT,Emergency Medicine,ED,66604,20177003603.0
10297,1500 SW 10th Ave,Topeka,SHAWNEE,EMERGENCY DEPARTMENT,Emergency Medicine,ED,66604,20177003603.0
10298,1500 SW 10th Ave,Topeka,SHAWNEE,EMERGENCY DEPARTMENT,Emergency Medicine,ED,66604,20177003603.0
10299,,,,BENEFITS & WELLNESS,,,,
10300,,,,,,,,
10301,,,,,,,,
10302,,,,,,,,
10304,,,,,,,,
10305,,,,,,,,
10306,,,,,,,,
10308,823 SW Mulvane St,TOPEKA,SHAWNEE,823 LAB SPECIMEN ONLY,Lab,,66606,20177000500.0
10309,1500 SW 10th Ave,Topeka,SHAWNEE,6 SOUTH MED SURG,*Unspecified,,66604,20177003603.0
10310,1500 SW 10th Ave,Topeka,SHAWNEE,6 SOUTH MED SURG,*Unspecified,,66604,20177003603.0
10311,1500 SW 10th Ave,Topeka,SHAWNEE,6 SOUTH MED SURG,*Unspecified,,66604,20177003603.0
10312,1500 SW 10th Ave,Topeka,SHAWNEE,6 SOUTH MED SURG,*Unspecified,,66604,20177003603.0
10313,1500 SW 10th Ave,Topeka,SHAWNEE,6 SOUTH MED SURG,*Unspecified,,66604,20177003603.0
10314,1500 SW 10th Ave,Topeka,SHAWNEE,6 SOUTH MED SURG,*Unspecified,,66604,20177003603.0
10315,1500 SW 10th Ave,Topeka,SHAWNEE,6 SOUTH MED SURG,*Unspecified,,66604,20177003603.0
10316,1500 SW 10th Ave,Topeka,SHAWNEE,6 SOUTH MED SURG,*Unspecified,,66604,20177003603.0
10317,1500 SW 10th Ave,Topeka,SHAWNEE,6 SOUTH MED SURG,*Unspecified,,66604,20177003603.0
10318,1500 SW 10th Ave,Topeka,SHAWNEE,EMERGENCY DEPARTMENT,Emergency Medicine,ED,66604,20177003603.0
10319,1500 SW 10th Ave,Topeka,SHAWNEE,6 SOUTH MED SURG,*Unspecified,,66604,20177003603.0
10320,1500 SW 10th Ave,Topeka,SHAWNEE,6 SOUTH MED SURG,*Unspecified,,66604,20177003603.0
10321,1500 SW 10th Ave,Topeka,SHAWNEE,6 SOUTH MED SURG,*Unspecified,,66604,20177003603.0
10322,1500 SW 10th Ave,Topeka,SHAWNEE,6 SOUTH MED SURG,*Unspecified,,66604,20177003603.0
10323,1500 SW 10th Ave,Topeka,SHAWNEE,6 SOUTH MED SURG,*Unspecified,,66604,20177003603.0
10324,1500 SW 10th Ave,Topeka,SHAWNEE,6 SOUTH MED SURG,*Unspecified,,66604,20177003603.0
10325,1500 SW 10th Ave,Topeka,SHAWNEE,6 SOUTH MED SURG,*Unspecified,,66604,20177003603.0
10326,1500 SW 10th Ave,Topeka,SHAWNEE,6 SOUTH MED SURG,*Unspecified,,66604,20177003603.0
10327,1500 SW 10th Ave,Topeka,SHAWNEE,6 SOUTH MED SURG,*Unspecified,,66604,20177003603.0
10328,1500 SW 10th Ave,Topeka,SHAWNEE,6 SOUTH MED SURG,*Unspecified,,66604,20177003603.0
10329,1500 SW 10th Ave,Topeka,SHAWNEE,6 SOUTH MED SURG,*Unspecified,,66604,20177003603.0
10330,1500 SW 10th Ave,Topeka,SHAWNEE,6 SOUTH MED SURG,*Unspecified,,66604,20177003603.0
10331,1500 SW 10th Ave,Topeka,SHAWNEE,6 SOUTH MED SURG,*Unspecified,,66604,20177003603.0
10332,1500 SW 10th Ave,Topeka,SHAWNEE,6 SOUTH MED SURG,*Unspecified,,66604,20177003603.0
10333,1500 SW 10th Ave,Topeka,SHAWNEE,6 SOUTH MED SURG,*Unspecified,,66604,20177003603.0
10334,1500 SW 10th Ave,Topeka,SHAWNEE,6 SOUTH MED SURG,*Unspecified,,66604,20177003603.0
10335,1500 SW 10th Ave,Topeka,SHAWNEE,6 SOUTH MED SURG,*Unspecified,,66604,20177003603.0
10336,Barb Weybrew Financial Management 3rd & MacVicar,TOPEKA,SHAWNEE,SV EMPLOYEE HEALTH COVID,,,66604,20177003603.0
10337,,,,,,,,
10338,1500 SW 10th Ave,Topeka,SHAWNEE,PRE-POST,*Unspecified,OR,66604,20177003603.0
10339,1500 SW 10th Ave,Topeka,SHAWNEE,PRE-POST,*Unspecified,OR,66604,20177003603.0
10340,1500 SW 10th Ave,Topeka,SHAWNEE,PRE-POST,*Unspecified,OR,66604,20177003603.0
10341,1500 SW 10th AVE,Topeka,*Unspecified,STORMONT-VAIL HOSPITAL,*Unspecified,,66604-1301,
10342,,,,,,,,
10343,1500 SW 10th Ave,Topeka,SHAWNEE,INTERMEDIATE CARE,*Unspecified,,66604,20177003603.0
10344,,,,CT-IMAGING CENTER,,,,
10345,1500 SW 10th Ave,Topeka,SHAWNEE,INTERMEDIATE CARE,*Unspecified,,66604,20177003603.0
10346,1500 SW 10th Ave,Topeka,SHAWNEE,INTERMEDIATE CARE,*Unspecified,,66604,20177003603.0
10347,1500 SW 10th Ave,Topeka,SHAWNEE,INTERMEDIATE CARE,*Unspecified,,66604,20177003603.0
10348,1500 SW 10th Ave,Topeka,SHAWNEE,INTERMEDIATE CARE,*Unspecified,,66604,20177003603.0
10349,1500 SW 10th Ave,Topeka,SHAWNEE,INTERMEDIATE CARE,*Unspecified,,66604,20177003603.0
10350,1500 SW 10th Ave,TOPEKA,SHAWNEE,NEURO HOSPITALIST,Neurology,,66604,20177003603.0
10351,,,,AZURE AESTHETICS,,,,
10352,,,,MISSION WOODS RESPIRATORY CLIN,,,,
10353,,,,,,,,
10354,,,,,,,,
10355,1920 SW 32nd St,TOPEKA,SHAWNEE,PROVIDENCE HOME PLUS,,,66611,20177002800.0
10356,,,,,,,,
10357,,,,,,,,
10358,,,,,,,,
10361,,,,SPARKS GRANT,,,,
10362,,,,,,,,
10364,800 SW Jackson Street Suite 700,TOPEKA,SHAWNEE,"KANSAS FOUNDATION FOR MEDICAL CARE, INC",,,66612,20177000500.0
10365,,,,,,,,
10366,,,,,,,,
10367,,,,,,,,
10368,,,,,,,,
10369,,,,,,,,
10370,1509 West 12th Avenue,EMPORIA,LYON,ANGELS CARE HOME HEALTH - EMPORIA,,,66801,20111000300.0
10371,6650 SW MISSION VALLEY DRIVE,TOPEKA,SHAWNEE,,,,66614-5654,
10372,6650 SW Mission Valley Drive,TOPEKA,SHAWNEE,MISSION WDS RESP LAB,Lab,,66614,20177003603.0
10373,6650 SW Mission Valley Drive,TOPEKA,SHAWNEE,MISSION WDS RESP CLNC,Urgent Care,,66614,20177003603.0
10374,,,,,,,,
10375,,,,,,,,
10376,,,*Unspecified,*Unspecified,*Unspecified,*Unspecified,,
10377,,,*Unspecified,*Unspecified,*Unspecified,*Unspecified,,
10378,,,*Unspecified,*Unspecified,*Unspecified,*Unspecified,,
10379,,,*Unspecified,*Unspecified,*Unspecified,*Unspecified,,
10380,,,,,,,,
10381,,,,,,,,
10382,1700 SW College Avenue,Topeka,*Unspecified,WASHBURN ATHLETICS COVID TESTING,,,66621-0001,
10383,,,*Unspecified,ONE CLICK TEST DEP,*Unspecified,,,
10384,1500 SW 10th Ave,Topeka,SHAWNEE,EMERGENCY DEPARTMENT,Emergency Medicine,ED,66604,20177003603.0
10385,1500 SW 10th Ave,Topeka,SHAWNEE,EMERGENCY DEPARTMENT,Emergency Medicine,ED,66604,20177003603.0
10386,1500 SW 10th Ave,Topeka,SHAWNEE,EMERGENCY DEPARTMENT,Emergency Medicine,ED,66604,20177003603.0
10387,1500 SW 10th Ave,Topeka,SHAWNEE,EMERGENCY DEPARTMENT,Emergency Medicine,ED,66604,20177003603.0
10388,1500 SW 10th Ave,Topeka,SHAWNEE,EMERGENCY DEPARTMENT,Emergency Medicine,ED,66604,20177003603.0
10389,1500 SW 10th Ave,Topeka,SHAWNEE,EMERGENCY DEPARTMENT,Emergency Medicine,ED,66604,20177003603.0
10390,1500 SW 10th Ave,Topeka,SHAWNEE,EMERGENCY DEPARTMENT,Emergency Medicine,ED,66604,20177003603.0
10391,1500 SW 10th Ave,Topeka,SHAWNEE,EMERGENCY DEPARTMENT,Emergency Medicine,ED,66604,20177003603.0
10392,1500 SW 10th Ave,Topeka,SHAWNEE,EMERGENCY DEPARTMENT,Emergency Medicine,ED,66604,20177003603.0
10393,1500 SW 10th Ave,Topeka,SHAWNEE,EMERGENCY DEPARTMENT,Emergency Medicine,ED,66604,20177003603.0
10394,1500 SW 10th Ave,Topeka,SHAWNEE,EMERGENCY DEPARTMENT,Emergency Medicine,ED,66604,20177003603.0
10395,1500 SW 10th Ave,Topeka,SHAWNEE,EMERGENCY DEPARTMENT,Emergency Medicine,ED,66604,20177003603.0
10396,1500 SW 10th Ave,Topeka,SHAWNEE,EMERGENCY DEPARTMENT,Emergency Medicine,ED,66604,20177003603.0
10397,1500 SW 10th Ave,Topeka,SHAWNEE,EMERGENCY DEPARTMENT,Emergency Medicine,ED,66604,20177003603.0
10398,1500 SW 10th Ave,Topeka,SHAWNEE,EMERGENCY DEPARTMENT,Emergency Medicine,ED,66604,20177003603.0
10399,1500 SW 10th Ave,Topeka,SHAWNEE,EMERGENCY DEPARTMENT,Emergency Medicine,ED,66604,20177003603.0
10400,1500 SW 10th Ave,Topeka,SHAWNEE,EMERGENCY DEPARTMENT,Emergency Medicine,ED,66604,20177003603.0
10401,1500 SW 10th Ave,Topeka,SHAWNEE,EMERGENCY DEPARTMENT,Emergency Medicine,ED,66604,20177003603.0
10402,,,,,,,,
10404,,,*Unspecified,*Unspecified,*Unspecified,*Unspecified,,
10405,,,*Unspecified,*Unspecified,*Unspecified,*Unspecified,,
10406,,,*Unspecified,*Unspecified,*Unspecified,*Unspecified,,
10407,,,*Unspecified,*Unspecified,*Unspecified,*Unspecified,,
10408,,,*Unspecified,*Unspecified,*Unspecified,*Unspecified,,
10409,,,*Unspecified,*Unspecified,*Unspecified,*Unspecified,,
10410,,,*Unspecified,*Unspecified,*Unspecified,*Unspecified,,
10411,,,*Unspecified,*Unspecified,*Unspecified,*Unspecified,,
10412,,,*Unspecified,*Unspecified,*Unspecified,*Unspecified,,
10413,,,*Unspecified,*Unspecified,*Unspecified,*Unspecified,,
10414,,,*Unspecified,*Unspecified,*Unspecified,*Unspecified,,
10415,,,*Unspecified,*Unspecified,*Unspecified,*Unspecified,,
10416,,,*Unspecified,*Unspecified,*Unspecified,*Unspecified,,
10417,,,*Unspecified,*Unspecified,*Unspecified,*Unspecified,,
10418,,,*Unspecified,*Unspecified,*Unspecified,*Unspecified,,
10419,,,*Unspecified,*Unspecified,*Unspecified,*Unspecified,,
10420,,,*Unspecified,*Unspecified,*Unspecified,*Unspecified,,
10421,,,*Unspecified,*Unspecified,*Unspecified,*Unspecified,,
10422,,,*Unspecified,*Unspecified,*Unspecified,*Unspecified,,
10423,,,*Unspecified,*Unspecified,*Unspecified,*Unspecified,,
10424,,,*Unspecified,*Unspecified,*Unspecified,*Unspecified,,
10425,,,*Unspecified,*Unspecified,*Unspecified,*Unspecified,,
10426,,,*Unspecified,*Unspecified,*Unspecified,*Unspecified,,
10427,,,*Unspecified,*Unspecified,*Unspecified,*Unspecified,,
10428,,,*Unspecified,*Unspecified,*Unspecified,*Unspecified,,
10429,,,*Unspecified,*Unspecified,*Unspecified,*Unspecified,,
10430,,,*Unspecified,*Unspecified,*Unspecified,*Unspecified,,
10431,,,*Unspecified,*Unspecified,*Unspecified,*Unspecified,,
10432,,,*Unspecified,*Unspecified,*Unspecified,*Unspecified,,
10433,,,*Unspecified,*Unspecified,*Unspecified,*Unspecified,,
10434,1500 SW 10th Ave,Topeka,SHAWNEE,EMERGENCY DEPARTMENT,Emergency Medicine,ED,66604,20177003603.0
10436,,,,,,,,
10437,,,,,,,,
10438,,,,,,,,
10439,,,,,,,,
10440,,,,,,,,
10441,1500 SW 10th Ave,Topeka,SHAWNEE,EMERGENCY DEPARTMENT,Emergency Medicine,ED,66604,20177003603.0
10442,1500 SW 10th Ave,Topeka,SHAWNEE,EMERGENCY DEPARTMENT,Emergency Medicine,ED,66604,20177003603.0
10443,901 SW Garfield Ave,TOPEKA,SHAWNEE,MOBILE CLINIC LAB,Lab,,66606,20177000500.0
10444,901 SW Garfield Ave,TOPEKA,SHAWNEE,MOBILE CLINIC ONE,Family Medicine,,66606,20177000500.0
10445,901 SW Garfield Ave,TOPEKA,SHAWNEE,,,,66606-1695,
10447,,,,OUTPT OBSERVATION UNIT,,,,
10448,1500 SW 10th Ave,Topeka,SHAWNEE,EMERGENCY DEPARTMENT,Emergency Medicine,ED,66604,20177003603.0
10449,,,,,,,,
10450,1500 SW 10th Ave,Topeka,SHAWNEE,EMERGENCY DEPARTMENT,Emergency Medicine,ED,66604,20177003603.0
10451,1500 SW 10th Ave,Topeka,SHAWNEE,EMERGENCY DEPARTMENT,Emergency Medicine,ED,66604,20177003603.0
10452,1500 SW 10th Ave,Topeka,SHAWNEE,EMERGENCY DEPARTMENT,Emergency Medicine,ED,66604,20177003603.0
10453,1500 SW 10th Ave,Topeka,SHAWNEE,EMERGENCY DEPARTMENT,Emergency Medicine,ED,66604,20177003603.0
10454,1500 SW 10th Ave,Topeka,SHAWNEE,EMERGENCY DEPARTMENT,Emergency Medicine,ED,66604,20177003603.0
10455,1500 SW 10th Ave,Topeka,SHAWNEE,EMERGENCY DEPARTMENT,Emergency Medicine,ED,66604,20177003603.0
10456,1500 SW 10th Ave,Topeka,SHAWNEE,EMERGENCY DEPARTMENT,Emergency Medicine,ED,66604,20177003603.0
10457,1500 SW 10th Ave,Topeka,SHAWNEE,EMERGENCY DEPARTMENT,Emergency Medicine,ED,66604,20177003603.0
10458,1500 SW 10th Ave,Topeka,SHAWNEE,EMERGENCY DEPARTMENT,Emergency Medicine,ED,66604,20177003603.0
10459,1500 SW 10th Ave,Topeka,SHAWNEE,EMERGENCY DEPARTMENT,Emergency Medicine,ED,66604,20177003603.0
10460,,,,,,,,
10461,,,,,,,,
10462,1500 SW 10th Ave,Topeka,SHAWNEE,POST-SURGICAL-7 SOUTH,*Unspecified,,66604,20177003603.0
10463,,,,,,,,
10464,1500 SW 10th Ave,Topeka,SHAWNEE,PRE-POST,*Unspecified,OR,66604,20177003603.0
10465,1500 SW 10th Ave,Topeka,SHAWNEE,PRE-POST,*Unspecified,OR,66604,20177003603.0
10466,1500 SW 10th Ave,Topeka,SHAWNEE,PRE-POST,*Unspecified,OR,66604,20177003603.0
10467,1500 SW 10th Ave,Topeka,SHAWNEE,PRE-POST,*Unspecified,OR,66604,20177003603.0
10468,1500 SW 10th Ave,Topeka,SHAWNEE,PRE-POST,*Unspecified,OR,66604,20177003603.0
10469,1500 SW 10th Ave,Topeka,SHAWNEE,PRE-POST,*Unspecified,OR,66604,20177003603.0
10470,1500 SW 10th Ave,Topeka,SHAWNEE,PRE-POST,*Unspecified,OR,66604,20177003603.0
10471,1500 SW 10th Ave,Topeka,SHAWNEE,PRE-POST,*Unspecified,OR,66604,20177003603.0
10472,1500 SW 10th Ave,Topeka,SHAWNEE,PRE-POST,*Unspecified,OR,66604,20177003603.0
10473,1500 SW 10th Ave,Topeka,SHAWNEE,PRE-POST,*Unspecified,OR,66604,20177003603.0
10474,1500 SW 10th Ave,Topeka,SHAWNEE,PRE-POST,*Unspecified,OR,66604,20177003603.0
10475,1500 SW 10th Ave,Topeka,SHAWNEE,PRE-POST,*Unspecified,OR,66604,20177003603.0
10476,1500 SW 10th Ave,Topeka,SHAWNEE,PRE-POST,*Unspecified,OR,66604,20177003603.0
10477,1500 SW 10th Ave,Topeka,SHAWNEE,PRE-POST,*Unspecified,OR,66604,20177003603.0
10478,1500 SW 10th Ave,Topeka,SHAWNEE,PRE-POST,*Unspecified,OR,66604,20177003603.0
10479,,,,,,,,
10480,,,,,,,,
10481,1500 SW 10th Ave,Topeka,SHAWNEE,CVOPC,*Unspecified,,66604,20177003603.0
10482,1500 SW 10th Ave,Topeka,SHAWNEE,CVOPC,*Unspecified,,66604,20177003603.0
10483,1500 SW 10th Ave,Topeka,SHAWNEE,CVOPC,*Unspecified,,66604,20177003603.0
10484,1500 SW 10th Ave,Topeka,SHAWNEE,CVOPC,*Unspecified,,66604,20177003603.0
10485,,,,,,,,
10487,,,,DISCHARGE LOUNGE,,,,
10488,,,,,,,,
10489,1500 SW 10th Ave,Topeka,SHAWNEE,2 SOUTH SV,*Unspecified,,66604,20177003603.0
10490,1500 SW 10th Ave,Topeka,SHAWNEE,2 SOUTH SV,*Unspecified,,66604,20177003603.0
10491,1500 SW 10th Ave,Topeka,SHAWNEE,2 SOUTH SV,*Unspecified,,66604,20177003603.0
10492,1500 SW 10th Ave,Topeka,SHAWNEE,2 SOUTH SV,*Unspecified,,66604,20177003603.0
10493,1500 SW 10th Ave,Topeka,SHAWNEE,2 SOUTH SV,*Unspecified,,66604,20177003603.0
10494,1500 SW 10th Ave,Topeka,SHAWNEE,2 SOUTH SV,*Unspecified,,66604,20177003603.0
10495,1500 SW 10th Ave,Topeka,SHAWNEE,2 SOUTH SV,*Unspecified,,66604,20177003603.0
10496,1500 SW 10th Ave,Topeka,SHAWNEE,2 SOUTH SV,*Unspecified,,66604,20177003603.0
10497,1500 SW 10th Ave,Topeka,SHAWNEE,2 SOUTH SV,*Unspecified,,66604,20177003603.0
10498,1500 SW 10th Ave,Topeka,SHAWNEE,2 SOUTH SV,*Unspecified,,66604,20177003603.0
10499,1500 SW 10th Ave,Topeka,SHAWNEE,2 SOUTH SV,*Unspecified,,66604,20177003603.0
10500,1500 SW 10th Ave,Topeka,SHAWNEE,2 SOUTH SV,*Unspecified,,66604,20177003603.0
10501,1500 SW 10th Ave,Topeka,SHAWNEE,2 SOUTH SV,*Unspecified,,66604,20177003603.0
10502,1500 SW 10th Ave,Topeka,SHAWNEE,2 SOUTH SV,*Unspecified,,66604,20177003603.0
10503,1500 SW 10th Ave,Topeka,SHAWNEE,2 SOUTH SV,*Unspecified,,66604,20177003603.0
10504,1500 SW 10th Ave,Topeka,SHAWNEE,2 SOUTH SV,*Unspecified,,66604,20177003603.0
10505,1500 SW 10th Ave,Topeka,SHAWNEE,2 SOUTH SV,*Unspecified,,66604,20177003603.0
10506,1500 SW 10th Ave,Topeka,SHAWNEE,2 SOUTH SV,*Unspecified,,66604,20177003603.0
10507,1500 SW 10th Ave,Topeka,SHAWNEE,2 SOUTH SV,*Unspecified,,66604,20177003603.0
10508,1500 SW 10th Ave,Topeka,SHAWNEE,2 SOUTH SV,*Unspecified,,66604,20177003603.0
10509,1500 SW 10th Ave,Topeka,SHAWNEE,2 SOUTH SV,*Unspecified,,66604,20177003603.0
10510,1500 SW 10th Ave,Topeka,SHAWNEE,2 SOUTH SV,*Unspecified,,66604,20177003603.0
10511,1500 SW 10th Ave,Topeka,SHAWNEE,2 SOUTH SV,*Unspecified,,66604,20177003603.0
10512,,,*Unspecified,*Unspecified,*Unspecified,*Unspecified,,
10513,1500 SW 10th Ave,Topeka,SHAWNEE,7 NORTH,*Unspecified,,66604,20177003603.0
10514,1500 SW 10th Ave,Topeka,SHAWNEE,6 NORTH,*Unspecified,,66604,20177003603.0
10515,1500 SW 10th Ave,Topeka,SHAWNEE,7 NORTH,*Unspecified,,66604,20177003603.0
10516,1500 SW 10th Ave,Topeka,SHAWNEE,5 NORTH,*Unspecified,,66604,20177003603.0
10517,,,,DIGESTIVE HEALTH HYLTON,,,,
10518,1500 SW 10th Ave,Topeka,SHAWNEE,7 NORTH,*Unspecified,,66604,20177003603.0
10519,1500 SW 10th Ave,Topeka,SHAWNEE,5 NORTH,*Unspecified,,66604,20177003603.0
10520,1500 SW 10th Ave,Topeka,SHAWNEE,6 NORTH,*Unspecified,,66604,20177003603.0
10521,1500 SW 10th Ave,Topeka,SHAWNEE,7 NORTH,*Unspecified,,66604,20177003603.0
10522,1500 SW 10th Ave,Topeka,SHAWNEE,6 NORTH,*Unspecified,,66604,20177003603.0
10523,,,,DIGESTIVE HEALTH POYNTZ,,,,
10524,1500 SW 10th Ave,Topeka,SHAWNEE,6 SOUTH MED SURG,*Unspecified,,66604,20177003603.0
10525,1500 SW 10th Ave,Topeka,SHAWNEE,7 NORTH,*Unspecified,,66604,20177003603.0
10526,1500 SW 10th Ave,Topeka,SHAWNEE,6 NORTH,*Unspecified,,66604,20177003603.0
10527,1500 SW 10th Ave,Topeka,SHAWNEE,7 NORTH,*Unspecified,,66604,20177003603.0
10528,1500 SW 10th Ave,Topeka,SHAWNEE,3 PAVILION,*Unspecified,,66604,20177003603.0
10529,1500 SW 10th Ave,Topeka,SHAWNEE,4 PAVILION,Hematology and Oncology,,66604,20177003603.0
10530,1500 SW 10th Ave,Topeka,SHAWNEE,5 NORTH,*Unspecified,,66604,20177003603.0
10531,,,,,,,,
10532,,,,,,,,
10533,,,,,,,,
10535,,,,COVID VACCINATION,,,,
10536,1500 SW 10th AVE,Topeka,*Unspecified,STORMONT-VAIL HOSPITAL,*Unspecified,,66604-1301,
10537,,,,,,,,
10538,1 Expocentre Dr,TOPEKA,SHAWNEE,,,,66612-1442,
10539,1615 SW 8th St,TOPEKA,SHAWNEE,COVID VACCINE CLINIC,Internal Medicine,,66604,20177003603.0
10540,1500 SW 10th Ave,Topeka,SHAWNEE,PRE-POST,*Unspecified,OR,66604,20177003603.0
10541,1500 SW 10th Ave,Topeka,SHAWNEE,PRE-POST,*Unspecified,OR,66604,20177003603.0
10542,,,,,,,,
10544,,,,,,,,
10545,2301 NW Furman Road,TOPEKA,SHAWNEE,"LOGISTICS HEALTH INC., HIGHLAND MED. LAB",,,66618,20177000700.0
10547,1213 Hylton Heights Road Suite 101,MANHATTAN,RILEY,,,,66502-2812,
10548,1014 Poyntz Avenue,MANHATTAN,RILEY,MANHATTAN GI POYNTZ,Gastroenterology,,66502,20161000900.0
10549,"1213 Hylton Heights Rd, Suite 101",MANHATTAN,RILEY,MANHATTAN GI HYLTON,Gastroenterology,,66502,20161000900.0
10550,"1014 Poyntz Avenue, Suite B",MANHATTAN,RILEY,,,,66505-6758,
10551,,,,,,,,
10552,1014 Poyntz Avenue,MANHATTAN,RILEY,MAN GI POYNTZ LAB,*Unspecified,,66502,20161000900.0
10553,"1213 Hylton Heights Rd, Suite 101",MANHATTAN,RILEY,MAN GI HYLTON LAB,*Unspecified,,66502,20161000900.0
10554,,,,,,,,
10555,1500 SW 10th Ave,Topeka,SHAWNEE,EMERGENCY DEPARTMENT,Emergency Medicine,ED,66604,20177003603.0
10556,,,,,,,,
10557,,,,,,,,
10558,,,,,,,,
10560,,,,,,,,
10561,,,,,,,,
10562,,,,,,,,
10565,,,,,,,,
10566,,,,,,,,
10567,,,*Unspecified,*Unspecified,*Unspecified,*Unspecified,,
10568,,,*Unspecified,*Unspecified,*Unspecified,*Unspecified,,
10569,,,*Unspecified,*Unspecified,*Unspecified,*Unspecified,,
10570,,,*Unspecified,*Unspecified,*Unspecified,*Unspecified,,
10571,,,*Unspecified,*Unspecified,*Unspecified,*Unspecified,,
10572,,,*Unspecified,*Unspecified,*Unspecified,*Unspecified,,
10573,,,*Unspecified,*Unspecified,*Unspecified,*Unspecified,,
10574,,,*Unspecified,*Unspecified,*Unspecified,*Unspecified,,
10575,,,*Unspecified,*Unspecified,*Unspecified,*Unspecified,,
10576,,,*Unspecified,*Unspecified,*Unspecified,*Unspecified,,
10577,,,*Unspecified,*Unspecified,*Unspecified,*Unspecified,,
10578,,,*Unspecified,*Unspecified,*Unspecified,*Unspecified,,
10579,,,*Unspecified,*Unspecified,*Unspecified,*Unspecified,,
10580,,,*Unspecified,*Unspecified,*Unspecified,*Unspecified,,
10581,,,*Unspecified,*Unspecified,*Unspecified,*Unspecified,,
10582,,,*Unspecified,*Unspecified,*Unspecified,*Unspecified,,
10583,,,*Unspecified,*Unspecified,*Unspecified,*Unspecified,,
10584,,,*Unspecified,*Unspecified,*Unspecified,*Unspecified,,
10585,,,*Unspecified,*Unspecified,*Unspecified,*Unspecified,,
10586,,,*Unspecified,*Unspecified,*Unspecified,*Unspecified,,
10587,,,*Unspecified,*Unspecified,*Unspecified,*Unspecified,,
10588,,,*Unspecified,*Unspecified,*Unspecified,*Unspecified,,
10589,,,*Unspecified,*Unspecified,*Unspecified,*Unspecified,,
10590,1414 SW 8th Ave,Topeka,*Unspecified,CC HEMATOLOGY ONCOLOGY,Hematology and Oncology,,66606,20177000500.0
10591,,,*Unspecified,*Unspecified,*Unspecified,*Unspecified,,
10592,1414 SW 8th Ave,Topeka,*Unspecified,CC HEMATOLOGY ONCOLOGY,Hematology and Oncology,,66606,20177000500.0
10593,,,*Unspecified,*Unspecified,*Unspecified,*Unspecified,,
10594,,,*Unspecified,*Unspecified,*Unspecified,*Unspecified,,
10595,,,*Unspecified,*Unspecified,*Unspecified,*Unspecified,,
10596,,,*Unspecified,*Unspecified,*Unspecified,*Unspecified,,
10597,,,*Unspecified,*Unspecified,*Unspecified,*Unspecified,,
10598,,,*Unspecified,*Unspecified,*Unspecified,*Unspecified,,
10599,,,*Unspecified,*Unspecified,*Unspecified,*Unspecified,,
10600,,,*Unspecified,*Unspecified,*Unspecified,*Unspecified,,
10601,,,*Unspecified,*Unspecified,*Unspecified,*Unspecified,,
10602,,,*Unspecified,*Unspecified,*Unspecified,*Unspecified,,
10603,,,*Unspecified,*Unspecified,*Unspecified,*Unspecified,,
10604,,,*Unspecified,*Unspecified,*Unspecified,*Unspecified,,
10605,,,*Unspecified,*Unspecified,*Unspecified,*Unspecified,,
10606,,,*Unspecified,*Unspecified,*Unspecified,*Unspecified,,
10607,,,*Unspecified,*Unspecified,*Unspecified,*Unspecified,,
10608,,,*Unspecified,*Unspecified,*Unspecified,*Unspecified,,
10609,,,*Unspecified,*Unspecified,*Unspecified,*Unspecified,,
10610,,,*Unspecified,*Unspecified,*Unspecified,*Unspecified,,
10611,,,*Unspecified,*Unspecified,*Unspecified,*Unspecified,,
10612,,,*Unspecified,*Unspecified,*Unspecified,*Unspecified,,
10613,,,*Unspecified,*Unspecified,*Unspecified,*Unspecified,,
10614,,,*Unspecified,*Unspecified,*Unspecified,*Unspecified,,
10615,,,*Unspecified,*Unspecified,*Unspecified,*Unspecified,,
10616,,,*Unspecified,*Unspecified,*Unspecified,*Unspecified,,
10617,,,*Unspecified,*Unspecified,*Unspecified,*Unspecified,,
10618,,,*Unspecified,*Unspecified,*Unspecified,*Unspecified,,
10619,,,*Unspecified,*Unspecified,*Unspecified,*Unspecified,,
10620,,,*Unspecified,*Unspecified,*Unspecified,*Unspecified,,
10621,,,*Unspecified,*Unspecified,*Unspecified,*Unspecified,,
10622,,,*Unspecified,*Unspecified,*Unspecified,*Unspecified,,
10623,,,*Unspecified,*Unspecified,*Unspecified,*Unspecified,,
10624,,,*Unspecified,*Unspecified,*Unspecified,*Unspecified,,
10625,,,*Unspecified,*Unspecified,*Unspecified,*Unspecified,,
10626,,,*Unspecified,*Unspecified,*Unspecified,*Unspecified,,
10627,,,*Unspecified,*Unspecified,*Unspecified,*Unspecified,,
10628,,,*Unspecified,*Unspecified,*Unspecified,*Unspecified,,
10629,,,*Unspecified,*Unspecified,*Unspecified,*Unspecified,,
10630,,,*Unspecified,*Unspecified,*Unspecified,*Unspecified,,
10631,,,*Unspecified,*Unspecified,*Unspecified,*Unspecified,,
10632,,,*Unspecified,*Unspecified,*Unspecified,*Unspecified,,
10633,,,*Unspecified,*Unspecified,*Unspecified,*Unspecified,,
10634,,,*Unspecified,*Unspecified,*Unspecified,*Unspecified,,
10635,,,*Unspecified,*Unspecified,*Unspecified,*Unspecified,,
10636,,,*Unspecified,*Unspecified,*Unspecified,*Unspecified,,
10637,,,*Unspecified,*Unspecified,*Unspecified,*Unspecified,,
10638,,,*Unspecified,*Unspecified,*Unspecified,*Unspecified,,
10639,,,*Unspecified,*Unspecified,*Unspecified,*Unspecified,,
10640,,,*Unspecified,*Unspecified,*Unspecified,*Unspecified,,
10641,,,*Unspecified,*Unspecified,*Unspecified,*Unspecified,,
10642,,,*Unspecified,*Unspecified,*Unspecified,*Unspecified,,
10643,1414 SW 8th Ave,Topeka,*Unspecified,CC HEMATOLOGY ONCOLOGY,Hematology and Oncology,,66606,20177000500.0
10644,,,*Unspecified,*Unspecified,*Unspecified,*Unspecified,,
10645,,,*Unspecified,*Unspecified,*Unspecified,*Unspecified,,
10646,,,*Unspecified,*Unspecified,*Unspecified,*Unspecified,,
10647,,,*Unspecified,*Unspecified,*Unspecified,*Unspecified,,
10648,,,*Unspecified,*Unspecified,*Unspecified,*Unspecified,,
10649,,,*Unspecified,*Unspecified,*Unspecified,*Unspecified,,
10650,,,*Unspecified,*Unspecified,*Unspecified,*Unspecified,,
10651,,,*Unspecified,*Unspecified,*Unspecified,*Unspecified,,
10652,,,*Unspecified,*Unspecified,*Unspecified,*Unspecified,,
10653,,,*Unspecified,*Unspecified,*Unspecified,*Unspecified,,
10654,,,*Unspecified,*Unspecified,*Unspecified,*Unspecified,,
10655,,,*Unspecified,*Unspecified,*Unspecified,*Unspecified,,
10656,,,*Unspecified,*Unspecified,*Unspecified,*Unspecified,,
10657,,,*Unspecified,*Unspecified,*Unspecified,*Unspecified,,
10658,,,*Unspecified,*Unspecified,*Unspecified,*Unspecified,,
10659,,,*Unspecified,*Unspecified,*Unspecified,*Unspecified,,
10660,,,*Unspecified,*Unspecified,*Unspecified,*Unspecified,,
10661,,,*Unspecified,*Unspecified,*Unspecified,*Unspecified,,
10662,,,*Unspecified,*Unspecified,*Unspecified,*Unspecified,,
10663,,,*Unspecified,*Unspecified,*Unspecified,*Unspecified,,
10664,,,*Unspecified,*Unspecified,*Unspecified,*Unspecified,,
10665,,,*Unspecified,*Unspecified,*Unspecified,*Unspecified,,
10666,,,*Unspecified,*Unspecified,*Unspecified,*Unspecified,,
10667,,,*Unspecified,*Unspecified,*Unspecified,*Unspecified,,
10668,,,*Unspecified,*Unspecified,*Unspecified,*Unspecified,,
10669,,,*Unspecified,*Unspecified,*Unspecified,*Unspecified,,
10670,,,*Unspecified,*Unspecified,*Unspecified,*Unspecified,,
10671,,,*Unspecified,*Unspecified,*Unspecified,*Unspecified,,
10672,,,*Unspecified,*Unspecified,*Unspecified,*Unspecified,,
10673,,,*Unspecified,*Unspecified,*Unspecified,*Unspecified,,
10674,,,*Unspecified,*Unspecified,*Unspecified,*Unspecified,,
10675,,,*Unspecified,*Unspecified,*Unspecified,*Unspecified,,
10676,,,*Unspecified,*Unspecified,*Unspecified,*Unspecified,,
10677,,,*Unspecified,*Unspecified,*Unspecified,*Unspecified,,
10678,,,*Unspecified,*Unspecified,*Unspecified,*Unspecified,,
10679,,,*Unspecified,*Unspecified,*Unspecified,*Unspecified,,
10680,,,*Unspecified,*Unspecified,*Unspecified,*Unspecified,,
10681,,,*Unspecified,*Unspecified,*Unspecified,*Unspecified,,
10682,,,*Unspecified,*Unspecified,*Unspecified,*Unspecified,,
10683,,,*Unspecified,*Unspecified,*Unspecified,*Unspecified,,
10684,,,*Unspecified,*Unspecified,*Unspecified,*Unspecified,,
10685,,,*Unspecified,*Unspecified,*Unspecified,*Unspecified,,
10686,1133 College Ave Bldg E Suite 210,Manhattan,RILEY,MANHATTAN CARDIOLOGY,Cardiology,,66502,20161000900.0
10687,,,*Unspecified,*Unspecified,*Unspecified,*Unspecified,,
10688,,,*Unspecified,*Unspecified,*Unspecified,*Unspecified,,
10689,,,*Unspecified,*Unspecified,*Unspecified,*Unspecified,,
10690,,,*Unspecified,*Unspecified,*Unspecified,*Unspecified,,
10691,,,*Unspecified,*Unspecified,*Unspecified,*Unspecified,,
10692,,,*Unspecified,*Unspecified,*Unspecified,*Unspecified,,
10693,,,*Unspecified,*Unspecified,*Unspecified,*Unspecified,,
10694,,,*Unspecified,*Unspecified,*Unspecified,*Unspecified,,
10695,,,*Unspecified,*Unspecified,*Unspecified,*Unspecified,,
10696,,,*Unspecified,*Unspecified,*Unspecified,*Unspecified,,
10697,,,*Unspecified,*Unspecified,*Unspecified,*Unspecified,,
10698,,,*Unspecified,*Unspecified,*Unspecified,*Unspecified,,
10699,,,*Unspecified,*Unspecified,*Unspecified,*Unspecified,,
10700,,,*Unspecified,*Unspecified,*Unspecified,*Unspecified,,
10701,,,*Unspecified,*Unspecified,*Unspecified,*Unspecified,,
10702,,,*Unspecified,*Unspecified,*Unspecified,*Unspecified,,
10703,,,*Unspecified,*Unspecified,*Unspecified,*Unspecified,,
10704,,,*Unspecified,*Unspecified,*Unspecified,*Unspecified,,
10705,,,*Unspecified,*Unspecified,*Unspecified,*Unspecified,,
10706,,,*Unspecified,*Unspecified,*Unspecified,*Unspecified,,
10707,,,*Unspecified,*Unspecified,*Unspecified,*Unspecified,,
10708,,,*Unspecified,*Unspecified,*Unspecified,*Unspecified,,
10709,,,*Unspecified,*Unspecified,*Unspecified,*Unspecified,,
10710,,,*Unspecified,*Unspecified,*Unspecified,*Unspecified,,
10711,,,*Unspecified,*Unspecified,*Unspecified,*Unspecified,,
10712,,,*Unspecified,*Unspecified,*Unspecified,*Unspecified,,
10713,,,*Unspecified,*Unspecified,*Unspecified,*Unspecified,,
10714,,,*Unspecified,*Unspecified,*Unspecified,*Unspecified,,
10715,,,*Unspecified,*Unspecified,*Unspecified,*Unspecified,,
10716,,,*Unspecified,*Unspecified,*Unspecified,*Unspecified,,
10717,,,*Unspecified,*Unspecified,*Unspecified,*Unspecified,,
10718,,,*Unspecified,*Unspecified,*Unspecified,*Unspecified,,
10719,,,*Unspecified,*Unspecified,*Unspecified,*Unspecified,,
10720,,,*Unspecified,*Unspecified,*Unspecified,*Unspecified,,
10721,,,*Unspecified,*Unspecified,*Unspecified,*Unspecified,,
10722,,,*Unspecified,*Unspecified,*Unspecified,*Unspecified,,
10723,,,*Unspecified,*Unspecified,*Unspecified,*Unspecified,,
10724,,,*Unspecified,*Unspecified,*Unspecified,*Unspecified,,
10725,,,*Unspecified,*Unspecified,*Unspecified,*Unspecified,,
10726,,,*Unspecified,*Unspecified,*Unspecified,*Unspecified,,
10727,,,*Unspecified,*Unspecified,*Unspecified,*Unspecified,,
10728,,,*Unspecified,*Unspecified,*Unspecified,*Unspecified,,
10729,,,*Unspecified,*Unspecified,*Unspecified,*Unspecified,,
10730,,,*Unspecified,*Unspecified,*Unspecified,*Unspecified,,
10731,,,*Unspecified,*Unspecified,*Unspecified,*Unspecified,,
10732,,,*Unspecified,*Unspecified,*Unspecified,*Unspecified,,
10733,,,*Unspecified,*Unspecified,*Unspecified,*Unspecified,,
10734,,,*Unspecified,*Unspecified,*Unspecified,*Unspecified,,
10735,,,*Unspecified,*Unspecified,*Unspecified,*Unspecified,,
10736,1414 SW 8th Ave,Topeka,*Unspecified,CC HEMATOLOGY ONCOLOGY,Hematology and Oncology,,66606,20177000500.0
10737,,,*Unspecified,*Unspecified,*Unspecified,*Unspecified,,
10738,,,*Unspecified,*Unspecified,*Unspecified,*Unspecified,,
10739,,,*Unspecified,*Unspecified,*Unspecified,*Unspecified,,
10740,,,*Unspecified,*Unspecified,*Unspecified,*Unspecified,,
10741,,,*Unspecified,*Unspecified,*Unspecified,*Unspecified,,
10742,1133 College Ave Bldg E Suite 210,Manhattan,RILEY,MANHATTAN CARDIOLOGY,Cardiology,,66502,20161000900.0
10743,,,*Unspecified,*Unspecified,*Unspecified,*Unspecified,,
10744,1133 College Ave Bldg E Suite 210,Manhattan,RILEY,MANHATTAN CARDIOLOGY,Cardiology,,66502,20161000900.0
10745,,,*Unspecified,*Unspecified,*Unspecified,*Unspecified,,
10746,,,*Unspecified,*Unspecified,*Unspecified,*Unspecified,,
10747,,,*Unspecified,*Unspecified,*Unspecified,*Unspecified,,
10748,,,*Unspecified,*Unspecified,*Unspecified,*Unspecified,,
10749,,,*Unspecified,*Unspecified,*Unspecified,*Unspecified,,
10750,,,*Unspecified,*Unspecified,*Unspecified,*Unspecified,,
10751,,,*Unspecified,*Unspecified,*Unspecified,*Unspecified,,
10752,,,*Unspecified,*Unspecified,*Unspecified,*Unspecified,,
10753,,,*Unspecified,*Unspecified,*Unspecified,*Unspecified,,
10754,,,*Unspecified,*Unspecified,*Unspecified,*Unspecified,,
10755,,,*Unspecified,*Unspecified,*Unspecified,*Unspecified,,
10756,,,*Unspecified,*Unspecified,*Unspecified,*Unspecified,,
10757,,,*Unspecified,*Unspecified,*Unspecified,*Unspecified,,
10758,,,*Unspecified,*Unspecified,*Unspecified,*Unspecified,,
10759,,,*Unspecified,*Unspecified,*Unspecified,*Unspecified,,
10760,,,*Unspecified,*Unspecified,*Unspecified,*Unspecified,,
10761,,,*Unspecified,*Unspecified,*Unspecified,*Unspecified,,
10762,,,*Unspecified,*Unspecified,*Unspecified,*Unspecified,,
10763,,,*Unspecified,*Unspecified,*Unspecified,*Unspecified,,
10764,,,*Unspecified,*Unspecified,*Unspecified,*Unspecified,,
10765,,,*Unspecified,*Unspecified,*Unspecified,*Unspecified,,
10766,,,*Unspecified,*Unspecified,*Unspecified,*Unspecified,,
10767,,,*Unspecified,*Unspecified,*Unspecified,*Unspecified,,
10768,,,*Unspecified,*Unspecified,*Unspecified,*Unspecified,,
10769,,,*Unspecified,*Unspecified,*Unspecified,*Unspecified,,
10770,,,*Unspecified,*Unspecified,*Unspecified,*Unspecified,,
10771,,,*Unspecified,*Unspecified,*Unspecified,*Unspecified,,
10772,1414 SW 8th Ave,Topeka,*Unspecified,CC HEMATOLOGY ONCOLOGY,Hematology and Oncology,,66606,20177000500.0
10773,,,*Unspecified,*Unspecified,*Unspecified,*Unspecified,,
10774,,,*Unspecified,*Unspecified,*Unspecified,*Unspecified,,
10775,,,*Unspecified,*Unspecified,*Unspecified,*Unspecified,,
10776,,,*Unspecified,*Unspecified,*Unspecified,*Unspecified,,
10777,,,*Unspecified,*Unspecified,*Unspecified,*Unspecified,,
10778,,,*Unspecified,*Unspecified,*Unspecified,*Unspecified,,
10779,,,*Unspecified,*Unspecified,*Unspecified,*Unspecified,,
10780,,,*Unspecified,*Unspecified,*Unspecified,*Unspecified,,
10781,,,*Unspecified,*Unspecified,*Unspecified,*Unspecified,,
10782,,,*Unspecified,*Unspecified,*Unspecified,*Unspecified,,
10783,,,*Unspecified,*Unspecified,*Unspecified,*Unspecified,,
10784,,,*Unspecified,*Unspecified,*Unspecified,*Unspecified,,
10785,1414 SW 8th Ave,Topeka,*Unspecified,CC HEMATOLOGY ONCOLOGY,Hematology and Oncology,,66606,20177000500.0
10786,,,*Unspecified,*Unspecified,*Unspecified,*Unspecified,,
10787,,,*Unspecified,*Unspecified,*Unspecified,*Unspecified,,
10788,,,*Unspecified,*Unspecified,*Unspecified,*Unspecified,,
10789,,,*Unspecified,*Unspecified,*Unspecified,*Unspecified,,
10790,,,*Unspecified,*Unspecified,*Unspecified,*Unspecified,,
10791,,,*Unspecified,*Unspecified,*Unspecified,*Unspecified,,
10792,,,*Unspecified,*Unspecified,*Unspecified,*Unspecified,,
10793,,,*Unspecified,*Unspecified,*Unspecified,*Unspecified,,
10794,,,*Unspecified,*Unspecified,*Unspecified,*Unspecified,,
10795,,,*Unspecified,*Unspecified,*Unspecified,*Unspecified,,
10796,,,*Unspecified,*Unspecified,*Unspecified,*Unspecified,,
10797,,,*Unspecified,*Unspecified,*Unspecified,*Unspecified,,
10798,,,*Unspecified,*Unspecified,*Unspecified,*Unspecified,,
10799,,,*Unspecified,*Unspecified,*Unspecified,*Unspecified,,
10800,,,*Unspecified,*Unspecified,*Unspecified,*Unspecified,,
10801,,,*Unspecified,*Unspecified,*Unspecified,*Unspecified,,
10802,,,*Unspecified,*Unspecified,*Unspecified,*Unspecified,,
10803,,,*Unspecified,*Unspecified,*Unspecified,*Unspecified,,
10804,,,*Unspecified,*Unspecified,*Unspecified,*Unspecified,,
10805,,,*Unspecified,*Unspecified,*Unspecified,*Unspecified,,
10806,,,*Unspecified,*Unspecified,*Unspecified,*Unspecified,,
10807,,,*Unspecified,*Unspecified,*Unspecified,*Unspecified,,
10808,,,*Unspecified,*Unspecified,*Unspecified,*Unspecified,,
10809,,,*Unspecified,*Unspecified,*Unspecified,*Unspecified,,
10810,,,*Unspecified,*Unspecified,*Unspecified,*Unspecified,,
10811,,,*Unspecified,*Unspecified,*Unspecified,*Unspecified,,
10812,,,*Unspecified,*Unspecified,*Unspecified,*Unspecified,,
10813,,,*Unspecified,*Unspecified,*Unspecified,*Unspecified,,
10814,,,*Unspecified,*Unspecified,*Unspecified,*Unspecified,,
10815,,,*Unspecified,*Unspecified,*Unspecified,*Unspecified,,
10816,,,*Unspecified,*Unspecified,*Unspecified,*Unspecified,,
10817,,,*Unspecified,*Unspecified,*Unspecified,*Unspecified,,
10818,,,*Unspecified,*Unspecified,*Unspecified,*Unspecified,,
10819,,,*Unspecified,*Unspecified,*Unspecified,*Unspecified,,
10820,,,*Unspecified,*Unspecified,*Unspecified,*Unspecified,,
10821,,,*Unspecified,*Unspecified,*Unspecified,*Unspecified,,
10822,,,*Unspecified,*Unspecified,*Unspecified,*Unspecified,,
10823,,,*Unspecified,*Unspecified,*Unspecified,*Unspecified,,
10824,,,*Unspecified,*Unspecified,*Unspecified,*Unspecified,,
10825,1414 SW 8th Ave,Topeka,*Unspecified,CC HEMATOLOGY ONCOLOGY,Hematology and Oncology,,66606,20177000500.0
10826,,,*Unspecified,*Unspecified,*Unspecified,*Unspecified,,
10827,,,*Unspecified,*Unspecified,*Unspecified,*Unspecified,,
10828,,,*Unspecified,*Unspecified,*Unspecified,*Unspecified,,
10829,,,*Unspecified,*Unspecified,*Unspecified,*Unspecified,,
10830,,,*Unspecified,*Unspecified,*Unspecified,*Unspecified,,
10831,,,*Unspecified,*Unspecified,*Unspecified,*Unspecified,,
10832,,,*Unspecified,*Unspecified,*Unspecified,*Unspecified,,
10833,,,*Unspecified,*Unspecified,*Unspecified,*Unspecified,,
10834,,,*Unspecified,*Unspecified,*Unspecified,*Unspecified,,
10835,,,*Unspecified,*Unspecified,*Unspecified,*Unspecified,,
10836,,,*Unspecified,*Unspecified,*Unspecified,*Unspecified,,
10837,,,*Unspecified,*Unspecified,*Unspecified,*Unspecified,,
10838,,,*Unspecified,*Unspecified,*Unspecified,*Unspecified,,
10839,,,*Unspecified,*Unspecified,*Unspecified,*Unspecified,,
10840,,,*Unspecified,*Unspecified,*Unspecified,*Unspecified,,
10841,,,*Unspecified,*Unspecified,*Unspecified,*Unspecified,,
10842,,,*Unspecified,*Unspecified,*Unspecified,*Unspecified,,
10843,,,*Unspecified,*Unspecified,*Unspecified,*Unspecified,,
10844,,,*Unspecified,*Unspecified,*Unspecified,*Unspecified,,
10845,,,*Unspecified,*Unspecified,*Unspecified,*Unspecified,,
10846,,,*Unspecified,*Unspecified,*Unspecified,*Unspecified,,
10847,,,*Unspecified,*Unspecified,*Unspecified,*Unspecified,,
10848,,,*Unspecified,*Unspecified,*Unspecified,*Unspecified,,
10849,,,*Unspecified,*Unspecified,*Unspecified,*Unspecified,,
10850,,,*Unspecified,*Unspecified,*Unspecified,*Unspecified,,
10851,,,*Unspecified,*Unspecified,*Unspecified,*Unspecified,,
10852,,,*Unspecified,*Unspecified,*Unspecified,*Unspecified,,
10853,,,*Unspecified,*Unspecified,*Unspecified,*Unspecified,,
10854,,,*Unspecified,*Unspecified,*Unspecified,*Unspecified,,
10855,,,*Unspecified,*Unspecified,*Unspecified,*Unspecified,,
10856,,,*Unspecified,*Unspecified,*Unspecified,*Unspecified,,
10857,,,*Unspecified,*Unspecified,*Unspecified,*Unspecified,,
10858,,,*Unspecified,*Unspecified,*Unspecified,*Unspecified,,
10859,,,*Unspecified,*Unspecified,*Unspecified,*Unspecified,,
10860,,,*Unspecified,*Unspecified,*Unspecified,*Unspecified,,
10861,,,*Unspecified,*Unspecified,*Unspecified,*Unspecified,,
10862,,,*Unspecified,*Unspecified,*Unspecified,*Unspecified,,
10863,1414 SW 8th Ave,Topeka,*Unspecified,CC HEMATOLOGY ONCOLOGY,Hematology and Oncology,,66606,20177000500.0
10864,,,*Unspecified,*Unspecified,*Unspecified,*Unspecified,,
10865,,,*Unspecified,*Unspecified,*Unspecified,*Unspecified,,
10866,,,*Unspecified,*Unspecified,*Unspecified,*Unspecified,,
10867,,,*Unspecified,*Unspecified,*Unspecified,*Unspecified,,
10868,,,*Unspecified,*Unspecified,*Unspecified,*Unspecified,,
10869,,,*Unspecified,*Unspecified,*Unspecified,*Unspecified,,
10870,1133 College Ave Bldg E Suite 210,Manhattan,RILEY,MANHATTAN CARDIOLOGY,Cardiology,,66502,20161000900.0
10871,,,*Unspecified,*Unspecified,*Unspecified,*Unspecified,,
10872,,,*Unspecified,*Unspecified,*Unspecified,*Unspecified,,
10873,,,*Unspecified,*Unspecified,*Unspecified,*Unspecified,,
10874,,,*Unspecified,*Unspecified,*Unspecified,*Unspecified,,
10875,,,*Unspecified,*Unspecified,*Unspecified,*Unspecified,,
10876,,,*Unspecified,*Unspecified,*Unspecified,*Unspecified,,
10877,,,*Unspecified,*Unspecified,*Unspecified,*Unspecified,,
10878,,,*Unspecified,*Unspecified,*Unspecified,*Unspecified,,
10879,,,*Unspecified,*Unspecified,*Unspecified,*Unspecified,,
10880,1414 SW 8th Ave,Topeka,*Unspecified,CC HEMATOLOGY ONCOLOGY,Hematology and Oncology,,66606,20177000500.0
10881,,,*Unspecified,*Unspecified,*Unspecified,*Unspecified,,
10882,,,*Unspecified,*Unspecified,*Unspecified,*Unspecified,,
10883,,,*Unspecified,*Unspecified,*Unspecified,*Unspecified,,
10884,,,*Unspecified,*Unspecified,*Unspecified,*Unspecified,,
10885,,,*Unspecified,*Unspecified,*Unspecified,*Unspecified,,
10886,,,*Unspecified,*Unspecified,*Unspecified,*Unspecified,,
10887,,,*Unspecified,*Unspecified,*Unspecified,*Unspecified,,
10888,,,*Unspecified,*Unspecified,*Unspecified,*Unspecified,,
10889,,,*Unspecified,*Unspecified,*Unspecified,*Unspecified,,
10890,1414 SW 8th Ave,Topeka,*Unspecified,CC HEMATOLOGY ONCOLOGY,Hematology and Oncology,,66606,20177000500.0
10891,,,*Unspecified,*Unspecified,*Unspecified,*Unspecified,,
10892,,,*Unspecified,*Unspecified,*Unspecified,*Unspecified,,
10893,,,*Unspecified,*Unspecified,*Unspecified,*Unspecified,,
10894,,,*Unspecified,*Unspecified,*Unspecified,*Unspecified,,
10895,,,*Unspecified,*Unspecified,*Unspecified,*Unspecified,,
10896,,,*Unspecified,*Unspecified,*Unspecified,*Unspecified,,
10897,,,*Unspecified,*Unspecified,*Unspecified,*Unspecified,,
10898,,,*Unspecified,*Unspecified,*Unspecified,*Unspecified,,
10899,,,*Unspecified,*Unspecified,*Unspecified,*Unspecified,,
10900,,,*Unspecified,*Unspecified,*Unspecified,*Unspecified,,
10901,,,*Unspecified,*Unspecified,*Unspecified,*Unspecified,,
10902,,,*Unspecified,*Unspecified,*Unspecified,*Unspecified,,
10903,,,*Unspecified,*Unspecified,*Unspecified,*Unspecified,,
10904,,,*Unspecified,*Unspecified,*Unspecified,*Unspecified,,
10905,,,*Unspecified,*Unspecified,*Unspecified,*Unspecified,,
10906,,,*Unspecified,*Unspecified,*Unspecified,*Unspecified,,
10907,,,*Unspecified,*Unspecified,*Unspecified,*Unspecified,,
10908,,,*Unspecified,*Unspecified,*Unspecified,*Unspecified,,
10909,,,*Unspecified,*Unspecified,*Unspecified,*Unspecified,,
10910,,,*Unspecified,*Unspecified,*Unspecified,*Unspecified,,
10911,,,*Unspecified,*Unspecified,*Unspecified,*Unspecified,,
10912,,,*Unspecified,*Unspecified,*Unspecified,*Unspecified,,
10913,,,*Unspecified,*Unspecified,*Unspecified,*Unspecified,,
10914,,,*Unspecified,*Unspecified,*Unspecified,*Unspecified,,
10915,,,*Unspecified,*Unspecified,*Unspecified,*Unspecified,,
10916,,,*Unspecified,*Unspecified,*Unspecified,*Unspecified,,
10917,,,*Unspecified,*Unspecified,*Unspecified,*Unspecified,,
10918,,,*Unspecified,*Unspecified,*Unspecified,*Unspecified,,
10919,,,*Unspecified,*Unspecified,*Unspecified,*Unspecified,,
10920,,,*Unspecified,*Unspecified,*Unspecified,*Unspecified,,
10921,,,*Unspecified,*Unspecified,*Unspecified,*Unspecified,,
10922,,,*Unspecified,*Unspecified,*Unspecified,*Unspecified,,
10923,,,*Unspecified,*Unspecified,*Unspecified,*Unspecified,,
10924,,,*Unspecified,*Unspecified,*Unspecified,*Unspecified,,
10925,,,*Unspecified,*Unspecified,*Unspecified,*Unspecified,,
10926,,,*Unspecified,*Unspecified,*Unspecified,*Unspecified,,
10927,,,*Unspecified,*Unspecified,*Unspecified,*Unspecified,,
10928,1133 College Ave Bldg E Suite 210,Manhattan,RILEY,MANHATTAN CARDIOLOGY,Cardiology,,66502,20161000900.0
10929,,,*Unspecified,*Unspecified,*Unspecified,*Unspecified,,
10930,,,*Unspecified,*Unspecified,*Unspecified,*Unspecified,,
10931,,,*Unspecified,*Unspecified,*Unspecified,*Unspecified,,
10932,,,*Unspecified,*Unspecified,*Unspecified,*Unspecified,,
10933,,,*Unspecified,*Unspecified,*Unspecified,*Unspecified,,
10934,,,*Unspecified,*Unspecified,*Unspecified,*Unspecified,,
10935,,,*Unspecified,*Unspecified,*Unspecified,*Unspecified,,
10936,,,*Unspecified,*Unspecified,*Unspecified,*Unspecified,,
10937,,,*Unspecified,*Unspecified,*Unspecified,*Unspecified,,
10938,,,*Unspecified,*Unspecified,*Unspecified,*Unspecified,,
10939,,,*Unspecified,*Unspecified,*Unspecified,*Unspecified,,
10940,,,*Unspecified,*Unspecified,*Unspecified,*Unspecified,,
10941,,,*Unspecified,*Unspecified,*Unspecified,*Unspecified,,
10942,,,*Unspecified,*Unspecified,*Unspecified,*Unspecified,,
10943,,,*Unspecified,*Unspecified,*Unspecified,*Unspecified,,
10944,,,*Unspecified,*Unspecified,*Unspecified,*Unspecified,,
10945,,,*Unspecified,*Unspecified,*Unspecified,*Unspecified,,
10946,,,*Unspecified,*Unspecified,*Unspecified,*Unspecified,,
10947,,,*Unspecified,*Unspecified,*Unspecified,*Unspecified,,
10948,,,*Unspecified,*Unspecified,*Unspecified,*Unspecified,,
10949,,,*Unspecified,*Unspecified,*Unspecified,*Unspecified,,
10950,,,*Unspecified,*Unspecified,*Unspecified,*Unspecified,,
10951,,,*Unspecified,*Unspecified,*Unspecified,*Unspecified,,
10952,,,*Unspecified,*Unspecified,*Unspecified,*Unspecified,,
10953,,,*Unspecified,*Unspecified,*Unspecified,*Unspecified,,
10954,,,*Unspecified,*Unspecified,*Unspecified,*Unspecified,,
10955,,,*Unspecified,*Unspecified,*Unspecified,*Unspecified,,
10956,,,*Unspecified,*Unspecified,*Unspecified,*Unspecified,,
10957,,,*Unspecified,*Unspecified,*Unspecified,*Unspecified,,
10958,,,*Unspecified,*Unspecified,*Unspecified,*Unspecified,,
10959,,,*Unspecified,*Unspecified,*Unspecified,*Unspecified,,
10960,,,*Unspecified,*Unspecified,*Unspecified,*Unspecified,,
10961,,,*Unspecified,*Unspecified,*Unspecified,*Unspecified,,
10962,,,*Unspecified,*Unspecified,*Unspecified,*Unspecified,,
10963,,,*Unspecified,*Unspecified,*Unspecified,*Unspecified,,
10964,,,*Unspecified,*Unspecified,*Unspecified,*Unspecified,,
10965,,,*Unspecified,*Unspecified,*Unspecified,*Unspecified,,
10966,,,*Unspecified,*Unspecified,*Unspecified,*Unspecified,,
10967,1414 SW 8th Ave,Topeka,*Unspecified,CC HEMATOLOGY ONCOLOGY,Hematology and Oncology,,66606,20177000500.0
10968,,,*Unspecified,*Unspecified,*Unspecified,*Unspecified,,
10969,,,*Unspecified,*Unspecified,*Unspecified,*Unspecified,,
10970,,,*Unspecified,*Unspecified,*Unspecified,*Unspecified,,
10971,,,*Unspecified,*Unspecified,*Unspecified,*Unspecified,,
10972,,,*Unspecified,*Unspecified,*Unspecified,*Unspecified,,
10973,,,*Unspecified,*Unspecified,*Unspecified,*Unspecified,,
10974,,,*Unspecified,*Unspecified,*Unspecified,*Unspecified,,
10975,,,*Unspecified,*Unspecified,*Unspecified,*Unspecified,,
10976,,,*Unspecified,*Unspecified,*Unspecified,*Unspecified,,
10977,,,*Unspecified,*Unspecified,*Unspecified,*Unspecified,,
10978,,,*Unspecified,*Unspecified,*Unspecified,*Unspecified,,
10979,,,*Unspecified,*Unspecified,*Unspecified,*Unspecified,,
10980,,,*Unspecified,*Unspecified,*Unspecified,*Unspecified,,
10981,1133 College Ave Bldg E Suite 210,Manhattan,RILEY,MANHATTAN CARDIOLOGY,Cardiology,,66502,20161000900.0
10982,,,*Unspecified,*Unspecified,*Unspecified,*Unspecified,,
10983,,,*Unspecified,*Unspecified,*Unspecified,*Unspecified,,
10984,,,*Unspecified,*Unspecified,*Unspecified,*Unspecified,,
10985,,,*Unspecified,*Unspecified,*Unspecified,*Unspecified,,
10986,1133 College Ave Bldg E Suite 210,Manhattan,RILEY,MANHATTAN CARDIOLOGY,Cardiology,,66502,20161000900.0
10987,,,*Unspecified,*Unspecified,*Unspecified,*Unspecified,,
10988,,,*Unspecified,*Unspecified,*Unspecified,*Unspecified,,
10989,,,*Unspecified,*Unspecified,*Unspecified,*Unspecified,,
10990,,,*Unspecified,*Unspecified,*Unspecified,*Unspecified,,
10991,,,*Unspecified,*Unspecified,*Unspecified,*Unspecified,,
10992,,,*Unspecified,*Unspecified,*Unspecified,*Unspecified,,
10993,,,*Unspecified,*Unspecified,*Unspecified,*Unspecified,,
10994,1133 College Ave Bldg E Suite 210,Manhattan,RILEY,MANHATTAN CARDIOLOGY,Cardiology,,66502,20161000900.0
10995,,,*Unspecified,*Unspecified,*Unspecified,*Unspecified,,
10996,,,*Unspecified,*Unspecified,*Unspecified,*Unspecified,,
10997,,,*Unspecified,*Unspecified,*Unspecified,*Unspecified,,
10998,1414 SW 8th Ave,Topeka,*Unspecified,CC HEMATOLOGY ONCOLOGY,Hematology and Oncology,,66606,20177000500.0
10999,,,*Unspecified,*Unspecified,*Unspecified,*Unspecified,,
11000,,,*Unspecified,*Unspecified,*Unspecified,*Unspecified,,
11001,,,*Unspecified,*Unspecified,*Unspecified,*Unspecified,,
11002,,,*Unspecified,*Unspecified,*Unspecified,*Unspecified,,
11003,,,*Unspecified,*Unspecified,*Unspecified,*Unspecified,,
11004,,,*Unspecified,*Unspecified,*Unspecified,*Unspecified,,
11005,,,*Unspecified,*Unspecified,*Unspecified,*Unspecified,,
11006,,,*Unspecified,*Unspecified,*Unspecified,*Unspecified,,
11007,,,*Unspecified,*Unspecified,*Unspecified,*Unspecified,,
11008,,,*Unspecified,*Unspecified,*Unspecified,*Unspecified,,
11009,,,*Unspecified,*Unspecified,*Unspecified,*Unspecified,,
11010,,,*Unspecified,*Unspecified,*Unspecified,*Unspecified,,
11011,,,*Unspecified,*Unspecified,*Unspecified,*Unspecified,,
11012,,,*Unspecified,*Unspecified,*Unspecified,*Unspecified,,
11013,,,*Unspecified,*Unspecified,*Unspecified,*Unspecified,,
11014,,,*Unspecified,*Unspecified,*Unspecified,*Unspecified,,
11015,,,*Unspecified,*Unspecified,*Unspecified,*Unspecified,,
11016,,,*Unspecified,*Unspecified,*Unspecified,*Unspecified,,
11017,,,*Unspecified,*Unspecified,*Unspecified,*Unspecified,,
11018,1133 College Ave Bldg E Suite 210,Manhattan,RILEY,MANHATTAN CARDIOLOGY,Cardiology,,66502,20161000900.0
11019,,,*Unspecified,*Unspecified,*Unspecified,*Unspecified,,
11020,,,*Unspecified,*Unspecified,*Unspecified,*Unspecified,,
11021,,,*Unspecified,*Unspecified,*Unspecified,*Unspecified,,
11022,,,*Unspecified,*Unspecified,*Unspecified,*Unspecified,,
11023,,,*Unspecified,*Unspecified,*Unspecified,*Unspecified,,
11024,,,*Unspecified,*Unspecified,*Unspecified,*Unspecified,,
11025,,,*Unspecified,*Unspecified,*Unspecified,*Unspecified,,
11026,,,*Unspecified,*Unspecified,*Unspecified,*Unspecified,,
11027,,,*Unspecified,*Unspecified,*Unspecified,*Unspecified,,
11028,,,*Unspecified,*Unspecified,*Unspecified,*Unspecified,,
11029,,,*Unspecified,*Unspecified,*Unspecified,*Unspecified,,
11030,,,*Unspecified,*Unspecified,*Unspecified,*Unspecified,,
11031,,,*Unspecified,*Unspecified,*Unspecified,*Unspecified,,
11032,,,*Unspecified,*Unspecified,*Unspecified,*Unspecified,,
11033,,,*Unspecified,*Unspecified,*Unspecified,*Unspecified,,
11034,,,*Unspecified,*Unspecified,*Unspecified,*Unspecified,,
11035,,,*Unspecified,*Unspecified,*Unspecified,*Unspecified,,
11036,,,*Unspecified,*Unspecified,*Unspecified,*Unspecified,,
11037,,,*Unspecified,*Unspecified,*Unspecified,*Unspecified,,
11038,1414 SW 8th Ave,Topeka,*Unspecified,CC HEMATOLOGY ONCOLOGY,Hematology and Oncology,,66606,20177000500.0
11039,,,*Unspecified,*Unspecified,*Unspecified,*Unspecified,,
11040,,,*Unspecified,*Unspecified,*Unspecified,*Unspecified,,
11041,,,*Unspecified,*Unspecified,*Unspecified,*Unspecified,,
11042,,,*Unspecified,*Unspecified,*Unspecified,*Unspecified,,
11043,,,*Unspecified,*Unspecified,*Unspecified,*Unspecified,,
11044,,,*Unspecified,*Unspecified,*Unspecified,*Unspecified,,
11045,,,*Unspecified,*Unspecified,*Unspecified,*Unspecified,,
11046,,,*Unspecified,*Unspecified,*Unspecified,*Unspecified,,
11047,,,*Unspecified,*Unspecified,*Unspecified,*Unspecified,,
11048,,,*Unspecified,*Unspecified,*Unspecified,*Unspecified,,
11049,,,*Unspecified,*Unspecified,*Unspecified,*Unspecified,,
11050,,,*Unspecified,*Unspecified,*Unspecified,*Unspecified,,
11051,,,*Unspecified,*Unspecified,*Unspecified,*Unspecified,,
11052,,,*Unspecified,*Unspecified,*Unspecified,*Unspecified,,
11053,,,*Unspecified,*Unspecified,*Unspecified,*Unspecified,,
11054,,,*Unspecified,*Unspecified,*Unspecified,*Unspecified,,
11055,1414 SW 8th Ave,Topeka,*Unspecified,CC HEMATOLOGY ONCOLOGY,Hematology and Oncology,,66606,20177000500.0
11056,,,*Unspecified,*Unspecified,*Unspecified,*Unspecified,,
11057,,,*Unspecified,*Unspecified,*Unspecified,*Unspecified,,
11058,,,*Unspecified,*Unspecified,*Unspecified,*Unspecified,,
11059,,,*Unspecified,*Unspecified,*Unspecified,*Unspecified,,
11060,,,*Unspecified,*Unspecified,*Unspecified,*Unspecified,,
11061,,,*Unspecified,*Unspecified,*Unspecified,*Unspecified,,
11062,,,*Unspecified,*Unspecified,*Unspecified,*Unspecified,,
11063,,,*Unspecified,*Unspecified,*Unspecified,*Unspecified,,
11064,,,*Unspecified,*Unspecified,*Unspecified,*Unspecified,,
11065,,,*Unspecified,*Unspecified,*Unspecified,*Unspecified,,
11066,,,*Unspecified,*Unspecified,*Unspecified,*Unspecified,,
11067,,,*Unspecified,*Unspecified,*Unspecified,*Unspecified,,
11068,,,*Unspecified,*Unspecified,*Unspecified,*Unspecified,,
11069,,,*Unspecified,*Unspecified,*Unspecified,*Unspecified,,
11070,,,*Unspecified,*Unspecified,*Unspecified,*Unspecified,,
11071,,,*Unspecified,*Unspecified,*Unspecified,*Unspecified,,
11072,,,*Unspecified,*Unspecified,*Unspecified,*Unspecified,,
11073,,,*Unspecified,*Unspecified,*Unspecified,*Unspecified,,
11074,,,*Unspecified,*Unspecified,*Unspecified,*Unspecified,,
11075,,,*Unspecified,*Unspecified,*Unspecified,*Unspecified,,
11076,,,*Unspecified,*Unspecified,*Unspecified,*Unspecified,,
11077,,,*Unspecified,*Unspecified,*Unspecified,*Unspecified,,
11078,,,*Unspecified,*Unspecified,*Unspecified,*Unspecified,,
11079,,,*Unspecified,*Unspecified,*Unspecified,*Unspecified,,
11080,,,*Unspecified,*Unspecified,*Unspecified,*Unspecified,,
11081,,,*Unspecified,*Unspecified,*Unspecified,*Unspecified,,
11082,,,*Unspecified,*Unspecified,*Unspecified,*Unspecified,,
11083,,,*Unspecified,*Unspecified,*Unspecified,*Unspecified,,
11084,,,*Unspecified,*Unspecified,*Unspecified,*Unspecified,,
11085,,,*Unspecified,*Unspecified,*Unspecified,*Unspecified,,
11086,,,*Unspecified,*Unspecified,*Unspecified,*Unspecified,,
11087,,,*Unspecified,*Unspecified,*Unspecified,*Unspecified,,
11088,,,*Unspecified,*Unspecified,*Unspecified,*Unspecified,,
11089,,,*Unspecified,*Unspecified,*Unspecified,*Unspecified,,
11090,,,*Unspecified,*Unspecified,*Unspecified,*Unspecified,,
11091,1414 SW 8th Ave,Topeka,*Unspecified,CC HEMATOLOGY ONCOLOGY,Hematology and Oncology,,66606,20177000500.0
11092,,,*Unspecified,*Unspecified,*Unspecified,*Unspecified,,
11093,1133 College Ave Bldg E Suite 210,Manhattan,RILEY,MANHATTAN CARDIOLOGY,Cardiology,,66502,20161000900.0
11094,,,*Unspecified,*Unspecified,*Unspecified,*Unspecified,,
11095,,,*Unspecified,*Unspecified,*Unspecified,*Unspecified,,
11096,,,*Unspecified,*Unspecified,*Unspecified,*Unspecified,,
11097,,,*Unspecified,*Unspecified,*Unspecified,*Unspecified,,
11098,,,*Unspecified,*Unspecified,*Unspecified,*Unspecified,,
11099,,,*Unspecified,*Unspecified,*Unspecified,*Unspecified,,
11100,,,*Unspecified,*Unspecified,*Unspecified,*Unspecified,,
11101,,,*Unspecified,*Unspecified,*Unspecified,*Unspecified,,
11102,,,*Unspecified,*Unspecified,*Unspecified,*Unspecified,,
11103,,,*Unspecified,*Unspecified,*Unspecified,*Unspecified,,
11104,,,*Unspecified,*Unspecified,*Unspecified,*Unspecified,,
11105,,,*Unspecified,*Unspecified,*Unspecified,*Unspecified,,
11106,,,*Unspecified,*Unspecified,*Unspecified,*Unspecified,,
11107,,,*Unspecified,*Unspecified,*Unspecified,*Unspecified,,
11108,,,*Unspecified,*Unspecified,*Unspecified,*Unspecified,,
11109,,,*Unspecified,*Unspecified,*Unspecified,*Unspecified,,
11110,,,*Unspecified,*Unspecified,*Unspecified,*Unspecified,,
11111,,,*Unspecified,*Unspecified,*Unspecified,*Unspecified,,
11112,,,*Unspecified,*Unspecified,*Unspecified,*Unspecified,,
11113,,,*Unspecified,*Unspecified,*Unspecified,*Unspecified,,
11114,1414 SW 8th Ave,Topeka,*Unspecified,CC HEMATOLOGY ONCOLOGY,Hematology and Oncology,,66606,20177000500.0
11115,1414 SW 8th Ave,Topeka,*Unspecified,CC HEMATOLOGY ONCOLOGY,Hematology and Oncology,,66606,20177000500.0
11116,,,*Unspecified,*Unspecified,*Unspecified,*Unspecified,,
11117,,,*Unspecified,*Unspecified,*Unspecified,*Unspecified,,
11118,,,*Unspecified,*Unspecified,*Unspecified,*Unspecified,,
11119,,,*Unspecified,*Unspecified,*Unspecified,*Unspecified,,
11120,,,*Unspecified,*Unspecified,*Unspecified,*Unspecified,,
11121,,,*Unspecified,*Unspecified,*Unspecified,*Unspecified,,
11122,,,*Unspecified,*Unspecified,*Unspecified,*Unspecified,,
11123,,,*Unspecified,*Unspecified,*Unspecified,*Unspecified,,
11124,,,*Unspecified,*Unspecified,*Unspecified,*Unspecified,,
11125,,,*Unspecified,*Unspecified,*Unspecified,*Unspecified,,
11126,,,*Unspecified,*Unspecified,*Unspecified,*Unspecified,,
11127,,,*Unspecified,*Unspecified,*Unspecified,*Unspecified,,
11128,,,*Unspecified,*Unspecified,*Unspecified,*Unspecified,,
11129,,,*Unspecified,*Unspecified,*Unspecified,*Unspecified,,
11130,,,*Unspecified,*Unspecified,*Unspecified,*Unspecified,,
11131,,,*Unspecified,*Unspecified,*Unspecified,*Unspecified,,
11132,,,*Unspecified,*Unspecified,*Unspecified,*Unspecified,,
11133,,,*Unspecified,*Unspecified,*Unspecified,*Unspecified,,
11134,,,*Unspecified,*Unspecified,*Unspecified,*Unspecified,,
11135,,,*Unspecified,*Unspecified,*Unspecified,*Unspecified,,
11136,,,*Unspecified,*Unspecified,*Unspecified,*Unspecified,,
11137,,,*Unspecified,*Unspecified,*Unspecified,*Unspecified,,
11138,,,*Unspecified,*Unspecified,*Unspecified,*Unspecified,,
11139,,,*Unspecified,*Unspecified,*Unspecified,*Unspecified,,
11140,,,*Unspecified,*Unspecified,*Unspecified,*Unspecified,,
11141,,,*Unspecified,*Unspecified,*Unspecified,*Unspecified,,
11142,,,*Unspecified,*Unspecified,*Unspecified,*Unspecified,,
11143,,,*Unspecified,*Unspecified,*Unspecified,*Unspecified,,
11144,,,*Unspecified,*Unspecified,*Unspecified,*Unspecified,,
11145,,,*Unspecified,*Unspecified,*Unspecified,*Unspecified,,
11146,1500 SW 10th Ave,Topeka,SHAWNEE,CVOPC,*Unspecified,,66604,20177003603.0
11147,,,*Unspecified,*Unspecified,*Unspecified,*Unspecified,,
11148,,,*Unspecified,*Unspecified,*Unspecified,*Unspecified,,
11149,,,*Unspecified,*Unspecified,*Unspecified,*Unspecified,,
11150,,,*Unspecified,*Unspecified,*Unspecified,*Unspecified,,
11151,,,*Unspecified,*Unspecified,*Unspecified,*Unspecified,,
11152,,,*Unspecified,*Unspecified,*Unspecified,*Unspecified,,
11153,,,*Unspecified,*Unspecified,*Unspecified,*Unspecified,,
11154,,,*Unspecified,*Unspecified,*Unspecified,*Unspecified,,
11155,,,*Unspecified,*Unspecified,*Unspecified,*Unspecified,,
11156,,,*Unspecified,*Unspecified,*Unspecified,*Unspecified,,
11157,,,*Unspecified,*Unspecified,*Unspecified,*Unspecified,,
11158,,,*Unspecified,*Unspecified,*Unspecified,*Unspecified,,
11159,,,*Unspecified,*Unspecified,*Unspecified,*Unspecified,,
11160,,,*Unspecified,*Unspecified,*Unspecified,*Unspecified,,
11161,,,*Unspecified,*Unspecified,*Unspecified,*Unspecified,,
11162,1133 College Ave Bldg E Suite 210,Manhattan,RILEY,MANHATTAN CARDIOLOGY,Cardiology,,66502,20161000900.0
11163,,,*Unspecified,*Unspecified,*Unspecified,*Unspecified,,
11164,,,*Unspecified,*Unspecified,*Unspecified,*Unspecified,,
11165,,,*Unspecified,*Unspecified,*Unspecified,*Unspecified,,
11166,,,*Unspecified,*Unspecified,*Unspecified,*Unspecified,,
11167,,,*Unspecified,*Unspecified,*Unspecified,*Unspecified,,
11168,1133 College Ave Bldg E Suite 210,Manhattan,RILEY,MANHATTAN CARDIOLOGY,Cardiology,,66502,20161000900.0
11169,,,*Unspecified,*Unspecified,*Unspecified,*Unspecified,,
11170,,,*Unspecified,*Unspecified,*Unspecified,*Unspecified,,
11171,,,*Unspecified,*Unspecified,*Unspecified,*Unspecified,,
11172,,,*Unspecified,*Unspecified,*Unspecified,*Unspecified,,
11173,,,*Unspecified,*Unspecified,*Unspecified,*Unspecified,,
11174,,,*Unspecified,*Unspecified,*Unspecified,*Unspecified,,
11175,,,*Unspecified,*Unspecified,*Unspecified,*Unspecified,,
11176,,,*Unspecified,*Unspecified,*Unspecified,*Unspecified,,
11177,,,*Unspecified,*Unspecified,*Unspecified,*Unspecified,,
11178,,,*Unspecified,*Unspecified,*Unspecified,*Unspecified,,
11179,,,*Unspecified,*Unspecified,*Unspecified,*Unspecified,,
11180,,,*Unspecified,*Unspecified,*Unspecified,*Unspecified,,
11181,,,*Unspecified,*Unspecified,*Unspecified,*Unspecified,,
11182,,,*Unspecified,*Unspecified,*Unspecified,*Unspecified,,
11183,,,*Unspecified,*Unspecified,*Unspecified,*Unspecified,,
11184,,,*Unspecified,*Unspecified,*Unspecified,*Unspecified,,
11185,,,*Unspecified,*Unspecified,*Unspecified,*Unspecified,,
11186,,,*Unspecified,*Unspecified,*Unspecified,*Unspecified,,
11187,,,*Unspecified,*Unspecified,*Unspecified,*Unspecified,,
11188,1414 SW 8th Ave,Topeka,*Unspecified,CC HEMATOLOGY ONCOLOGY,Hematology and Oncology,,66606,20177000500.0
11189,,,*Unspecified,*Unspecified,*Unspecified,*Unspecified,,
11190,,,*Unspecified,*Unspecified,*Unspecified,*Unspecified,,
11191,,,*Unspecified,*Unspecified,*Unspecified,*Unspecified,,
11192,,,*Unspecified,*Unspecified,*Unspecified,*Unspecified,,
11193,,,*Unspecified,*Unspecified,*Unspecified,*Unspecified,,
11194,1133 College Ave Bldg E Suite 210,Manhattan,RILEY,MANHATTAN CARDIOLOGY,Cardiology,,66502,20161000900.0
11195,,,*Unspecified,*Unspecified,*Unspecified,*Unspecified,,
11196,,,*Unspecified,*Unspecified,*Unspecified,*Unspecified,,
11197,,,*Unspecified,*Unspecified,*Unspecified,*Unspecified,,
11198,1133 College Ave Bldg E Suite 210,Manhattan,RILEY,MANHATTAN CARDIOLOGY,Cardiology,,66502,20161000900.0
11199,,,*Unspecified,*Unspecified,*Unspecified,*Unspecified,,
11200,,,*Unspecified,*Unspecified,*Unspecified,*Unspecified,,
11201,,,*Unspecified,*Unspecified,*Unspecified,*Unspecified,,
11202,,,*Unspecified,*Unspecified,*Unspecified,*Unspecified,,
11203,,,*Unspecified,*Unspecified,*Unspecified,*Unspecified,,
11204,,,*Unspecified,*Unspecified,*Unspecified,*Unspecified,,
11205,,,*Unspecified,*Unspecified,*Unspecified,*Unspecified,,
11206,,,*Unspecified,*Unspecified,*Unspecified,*Unspecified,,
11207,,,*Unspecified,*Unspecified,*Unspecified,*Unspecified,,
11208,,,*Unspecified,*Unspecified,*Unspecified,*Unspecified,,
11209,,,*Unspecified,*Unspecified,*Unspecified,*Unspecified,,
11210,1414 SW 8th Ave,Topeka,*Unspecified,CC HEMATOLOGY ONCOLOGY,Hematology and Oncology,,66606,20177000500.0
11211,,,*Unspecified,*Unspecified,*Unspecified,*Unspecified,,
11212,,,*Unspecified,*Unspecified,*Unspecified,*Unspecified,,
11213,,,*Unspecified,*Unspecified,*Unspecified,*Unspecified,,
11214,,,*Unspecified,*Unspecified,*Unspecified,*Unspecified,,
11215,,,*Unspecified,*Unspecified,*Unspecified,*Unspecified,,
11216,,,*Unspecified,*Unspecified,*Unspecified,*Unspecified,,
11217,,,*Unspecified,*Unspecified,*Unspecified,*Unspecified,,
11218,,,*Unspecified,*Unspecified,*Unspecified,*Unspecified,,
11219,,,*Unspecified,*Unspecified,*Unspecified,*Unspecified,,
11220,,,*Unspecified,*Unspecified,*Unspecified,*Unspecified,,
11221,,,*Unspecified,*Unspecified,*Unspecified,*Unspecified,,
11222,,,*Unspecified,*Unspecified,*Unspecified,*Unspecified,,
11223,,,*Unspecified,*Unspecified,*Unspecified,*Unspecified,,
11224,,,*Unspecified,*Unspecified,*Unspecified,*Unspecified,,
11225,,,*Unspecified,*Unspecified,*Unspecified,*Unspecified,,
11226,,,*Unspecified,*Unspecified,*Unspecified,*Unspecified,,
11227,,,*Unspecified,*Unspecified,*Unspecified,*Unspecified,,
11228,,,*Unspecified,*Unspecified,*Unspecified,*Unspecified,,
11229,,,*Unspecified,*Unspecified,*Unspecified,*Unspecified,,
11230,,,*Unspecified,*Unspecified,*Unspecified,*Unspecified,,
11231,,,*Unspecified,*Unspecified,*Unspecified,*Unspecified,,
11232,,,*Unspecified,*Unspecified,*Unspecified,*Unspecified,,
11233,,,*Unspecified,*Unspecified,*Unspecified,*Unspecified,,
11234,,,*Unspecified,*Unspecified,*Unspecified,*Unspecified,,
11235,,,*Unspecified,*Unspecified,*Unspecified,*Unspecified,,
11236,,,*Unspecified,*Unspecified,*Unspecified,*Unspecified,,
11237,,,*Unspecified,*Unspecified,*Unspecified,*Unspecified,,
11238,,,*Unspecified,*Unspecified,*Unspecified,*Unspecified,,
11239,,,*Unspecified,*Unspecified,*Unspecified,*Unspecified,,
11240,,,*Unspecified,*Unspecified,*Unspecified,*Unspecified,,
11241,,,*Unspecified,*Unspecified,*Unspecified,*Unspecified,,
11242,,,*Unspecified,*Unspecified,*Unspecified,*Unspecified,,
11243,,,*Unspecified,*Unspecified,*Unspecified,*Unspecified,,
11244,,,*Unspecified,*Unspecified,*Unspecified,*Unspecified,,
11245,,,*Unspecified,*Unspecified,*Unspecified,*Unspecified,,
11246,,,*Unspecified,*Unspecified,*Unspecified,*Unspecified,,
11247,1414 SW 8th Ave,Topeka,*Unspecified,CC HEMATOLOGY ONCOLOGY,Hematology and Oncology,,66606,20177000500.0
11248,,,*Unspecified,*Unspecified,*Unspecified,*Unspecified,,
11249,,,*Unspecified,*Unspecified,*Unspecified,*Unspecified,,
11250,,,*Unspecified,*Unspecified,*Unspecified,*Unspecified,,
11251,,,*Unspecified,*Unspecified,*Unspecified,*Unspecified,,
11252,,,*Unspecified,*Unspecified,*Unspecified,*Unspecified,,
11253,,,*Unspecified,*Unspecified,*Unspecified,*Unspecified,,
11254,,,*Unspecified,*Unspecified,*Unspecified,*Unspecified,,
11255,,,*Unspecified,*Unspecified,*Unspecified,*Unspecified,,
11256,,,*Unspecified,*Unspecified,*Unspecified,*Unspecified,,
11257,,,*Unspecified,*Unspecified,*Unspecified,*Unspecified,,
11258,,,*Unspecified,*Unspecified,*Unspecified,*Unspecified,,
11259,,,*Unspecified,*Unspecified,*Unspecified,*Unspecified,,
11260,,,*Unspecified,*Unspecified,*Unspecified,*Unspecified,,
11261,,,*Unspecified,*Unspecified,*Unspecified,*Unspecified,,
11262,,,*Unspecified,*Unspecified,*Unspecified,*Unspecified,,
11263,,,*Unspecified,*Unspecified,*Unspecified,*Unspecified,,
11264,1979 Milky Way,VERONA,DANE,EHS ASC,*Unspecified,OR,53593,55025012700.0
11265,1414 SW 8th Ave,Topeka,*Unspecified,CC HEMATOLOGY ONCOLOGY,Hematology and Oncology,,66606,20177000500.0
11266,,,*Unspecified,*Unspecified,*Unspecified,*Unspecified,,
11267,,,*Unspecified,*Unspecified,*Unspecified,*Unspecified,,
11268,,,*Unspecified,*Unspecified,*Unspecified,*Unspecified,,
11269,,,*Unspecified,*Unspecified,*Unspecified,*Unspecified,,
11270,,,*Unspecified,*Unspecified,*Unspecified,*Unspecified,,
11271,,,*Unspecified,*Unspecified,*Unspecified,*Unspecified,,
11272,,,*Unspecified,*Unspecified,*Unspecified,*Unspecified,,
11273,,,*Unspecified,*Unspecified,*Unspecified,*Unspecified,,
11274,,,*Unspecified,*Unspecified,*Unspecified,*Unspecified,,
11275,,,*Unspecified,*Unspecified,*Unspecified,*Unspecified,,
11276,,,*Unspecified,*Unspecified,*Unspecified,*Unspecified,,
11277,,,*Unspecified,*Unspecified,*Unspecified,*Unspecified,,
11278,,,*Unspecified,*Unspecified,*Unspecified,*Unspecified,,
11279,,,*Unspecified,*Unspecified,*Unspecified,*Unspecified,,
11280,,,*Unspecified,*Unspecified,*Unspecified,*Unspecified,,
11281,,,*Unspecified,*Unspecified,*Unspecified,*Unspecified,,
11282,,,*Unspecified,*Unspecified,*Unspecified,*Unspecified,,
11283,,,*Unspecified,*Unspecified,*Unspecified,*Unspecified,,
11284,,,*Unspecified,*Unspecified,*Unspecified,*Unspecified,,
11285,,,*Unspecified,*Unspecified,*Unspecified,*Unspecified,,
11286,,,*Unspecified,*Unspecified,*Unspecified,*Unspecified,,
11287,,,*Unspecified,*Unspecified,*Unspecified,*Unspecified,,
11288,,,*Unspecified,*Unspecified,*Unspecified,*Unspecified,,
11289,,,*Unspecified,*Unspecified,*Unspecified,*Unspecified,,
11290,,,*Unspecified,*Unspecified,*Unspecified,*Unspecified,,
11291,,,*Unspecified,*Unspecified,*Unspecified,*Unspecified,,
11292,,,*Unspecified,*Unspecified,*Unspecified,*Unspecified,,
11293,,,*Unspecified,*Unspecified,*Unspecified,*Unspecified,,
11294,,,*Unspecified,*Unspecified,*Unspecified,*Unspecified,,
11295,,,*Unspecified,*Unspecified,*Unspecified,*Unspecified,,
11296,,,*Unspecified,*Unspecified,*Unspecified,*Unspecified,,
11297,,,*Unspecified,*Unspecified,*Unspecified,*Unspecified,,
11298,,,*Unspecified,*Unspecified,*Unspecified,*Unspecified,,
11299,,,*Unspecified,*Unspecified,*Unspecified,*Unspecified,,
11300,,,*Unspecified,*Unspecified,*Unspecified,*Unspecified,,
11301,1133 College Ave Bldg E Suite 210,Manhattan,RILEY,MANHATTAN CARDIOLOGY,Cardiology,,66502,20161000900.0
11302,,,*Unspecified,*Unspecified,*Unspecified,*Unspecified,,
11303,,,*Unspecified,*Unspecified,*Unspecified,*Unspecified,,
11304,,,*Unspecified,*Unspecified,*Unspecified,*Unspecified,,
11305,,,*Unspecified,*Unspecified,*Unspecified,*Unspecified,,
11306,,,*Unspecified,*Unspecified,*Unspecified,*Unspecified,,
11307,,,,,,,,
11308,1600 Community Drive,SENECA,NEMAHA,COUNTRY SIDE FEED,,,66538,20131480300.0
11309,1031 SW Fleming Court,TOPEKA,SHAWNEE,LEXINGTON PARK HEALTH & REHAB,,,66604,20177003603.0
11310,,,,,,,,
11311,1500 SW 10th Ave,Topeka,SHAWNEE,ENDOSCOPY,Gastroenterology,HOD,66604,20177003603.0
11312,1500 SW 10th Ave,Topeka,SHAWNEE,ENDOSCOPY,Gastroenterology,HOD,66604,20177003603.0
11313,1500 SW 10th Ave,Topeka,SHAWNEE,ENDOSCOPY,Gastroenterology,HOD,66604,20177003603.0
11314,1500 SW 10th Ave,Topeka,SHAWNEE,ENDOSCOPY,Gastroenterology,HOD,66604,20177003603.0
11315,1500 SW 10th Ave,Topeka,SHAWNEE,ENDOSCOPY,Gastroenterology,HOD,66604,20177003603.0
11316,1500 SW 10th Ave,Topeka,SHAWNEE,ENDOSCOPY,Gastroenterology,HOD,66604,20177003603.0
11317,1500 SW 10th Ave,Topeka,SHAWNEE,ENDOSCOPY,Gastroenterology,HOD,66604,20177003603.0
11318,1500 SW 10th Ave,Topeka,SHAWNEE,ENDOSCOPY,Gastroenterology,HOD,66604,20177003603.0
11319,1500 SW 10th Ave,Topeka,SHAWNEE,ENDOSCOPY,Gastroenterology,HOD,66604,20177003603.0
11320,1500 SW 10th Ave,Topeka,SHAWNEE,ENDOSCOPY,Gastroenterology,HOD,66604,20177003603.0
11321,1500 SW 10th Ave,Topeka,SHAWNEE,ENDOSCOPY,Gastroenterology,HOD,66604,20177003603.0
11322,1500 SW 10th Ave,Topeka,SHAWNEE,ENDOSCOPY,Gastroenterology,HOD,66604,20177003603.0
11323,,,*Unspecified,*Unspecified,*Unspecified,*Unspecified,,
11324,,,*Unspecified,*Unspecified,*Unspecified,*Unspecified,,
11325,,,*Unspecified,*Unspecified,*Unspecified,*Unspecified,,
11326,,,*Unspecified,*Unspecified,*Unspecified,*Unspecified,,
11327,,,*Unspecified,*Unspecified,*Unspecified,*Unspecified,,
11328,,,*Unspecified,*Unspecified,*Unspecified,*Unspecified,,
11329,,,*Unspecified,*Unspecified,*Unspecified,*Unspecified,,
11330,,,*Unspecified,*Unspecified,*Unspecified,*Unspecified,,
11331,,,*Unspecified,*Unspecified,*Unspecified,*Unspecified,,
11332,,,*Unspecified,*Unspecified,*Unspecified,*Unspecified,,
11333,,,*Unspecified,*Unspecified,*Unspecified,*Unspecified,,
11334,,,*Unspecified,*Unspecified,*Unspecified,*Unspecified,,
11335,,,*Unspecified,*Unspecified,*Unspecified,*Unspecified,,
11336,,,*Unspecified,*Unspecified,*Unspecified,*Unspecified,,
11337,,,*Unspecified,*Unspecified,*Unspecified,*Unspecified,,
11338,,,*Unspecified,*Unspecified,*Unspecified,*Unspecified,,
11339,,,*Unspecified,*Unspecified,*Unspecified,*Unspecified,,
11340,,,*Unspecified,*Unspecified,*Unspecified,*Unspecified,,
11341,,,*Unspecified,*Unspecified,*Unspecified,*Unspecified,,
11342,,,*Unspecified,*Unspecified,*Unspecified,*Unspecified,,
11343,,,*Unspecified,*Unspecified,*Unspecified,*Unspecified,,
11344,,,*Unspecified,*Unspecified,*Unspecified,*Unspecified,,
11345,,,*Unspecified,*Unspecified,*Unspecified,*Unspecified,,
11346,,,*Unspecified,*Unspecified,*Unspecified,*Unspecified,,
11347,,,*Unspecified,*Unspecified,*Unspecified,*Unspecified,,
11348,,,*Unspecified,*Unspecified,*Unspecified,*Unspecified,,
11349,,,*Unspecified,*Unspecified,*Unspecified,*Unspecified,,
11350,,,*Unspecified,*Unspecified,*Unspecified,*Unspecified,,
11351,,,*Unspecified,*Unspecified,*Unspecified,*Unspecified,,
11352,,,*Unspecified,*Unspecified,*Unspecified,*Unspecified,,
11353,,,*Unspecified,*Unspecified,*Unspecified,*Unspecified,,
11354,,,*Unspecified,*Unspecified,*Unspecified,*Unspecified,,
11355,,,*Unspecified,*Unspecified,*Unspecified,*Unspecified,,
11356,,,*Unspecified,*Unspecified,*Unspecified,*Unspecified,,
11357,,,*Unspecified,*Unspecified,*Unspecified,*Unspecified,,
11358,,,*Unspecified,*Unspecified,*Unspecified,*Unspecified,,
11359,,,*Unspecified,*Unspecified,*Unspecified,*Unspecified,,
11360,,,*Unspecified,*Unspecified,*Unspecified,*Unspecified,,
11361,,,*Unspecified,*Unspecified,*Unspecified,*Unspecified,,
11362,,,*Unspecified,*Unspecified,*Unspecified,*Unspecified,,
11363,,,*Unspecified,*Unspecified,*Unspecified,*Unspecified,,
11364,,,*Unspecified,*Unspecified,*Unspecified,*Unspecified,,
11365,,,*Unspecified,*Unspecified,*Unspecified,*Unspecified,,
11366,,,*Unspecified,*Unspecified,*Unspecified,*Unspecified,,
11367,,,*Unspecified,*Unspecified,*Unspecified,*Unspecified,,
11368,,,*Unspecified,*Unspecified,*Unspecified,*Unspecified,,
11369,,,*Unspecified,*Unspecified,*Unspecified,*Unspecified,,
11370,,,*Unspecified,*Unspecified,*Unspecified,*Unspecified,,
11371,,,*Unspecified,*Unspecified,*Unspecified,*Unspecified,,
11372,,,*Unspecified,*Unspecified,*Unspecified,*Unspecified,,
11373,,,*Unspecified,*Unspecified,*Unspecified,*Unspecified,,
11374,,,*Unspecified,*Unspecified,*Unspecified,*Unspecified,,
11375,,,*Unspecified,*Unspecified,*Unspecified,*Unspecified,,
11376,,,*Unspecified,*Unspecified,*Unspecified,*Unspecified,,
11377,,,*Unspecified,*Unspecified,*Unspecified,*Unspecified,,
11378,,,*Unspecified,*Unspecified,*Unspecified,*Unspecified,,
11379,,,*Unspecified,*Unspecified,*Unspecified,*Unspecified,,
11380,,,*Unspecified,*Unspecified,*Unspecified,*Unspecified,,
11381,,,*Unspecified,*Unspecified,*Unspecified,*Unspecified,,
11382,,,*Unspecified,*Unspecified,*Unspecified,*Unspecified,,
11383,,,*Unspecified,*Unspecified,*Unspecified,*Unspecified,,
11384,,,*Unspecified,*Unspecified,*Unspecified,*Unspecified,,
11385,,,*Unspecified,*Unspecified,*Unspecified,*Unspecified,,
11386,,,*Unspecified,*Unspecified,*Unspecified,*Unspecified,,
11387,,,*Unspecified,*Unspecified,*Unspecified,*Unspecified,,
11388,,,*Unspecified,*Unspecified,*Unspecified,*Unspecified,,
11389,,,*Unspecified,*Unspecified,*Unspecified,*Unspecified,,
11390,,,*Unspecified,*Unspecified,*Unspecified,*Unspecified,,
11391,,,*Unspecified,*Unspecified,*Unspecified,*Unspecified,,
11392,,,*Unspecified,*Unspecified,*Unspecified,*Unspecified,,
11393,,,*Unspecified,*Unspecified,*Unspecified,*Unspecified,,
11394,,,*Unspecified,*Unspecified,*Unspecified,*Unspecified,,
11395,,,*Unspecified,*Unspecified,*Unspecified,*Unspecified,,
11396,,,*Unspecified,*Unspecified,*Unspecified,*Unspecified,,
11397,,,*Unspecified,*Unspecified,*Unspecified,*Unspecified,,
11398,,,*Unspecified,*Unspecified,*Unspecified,*Unspecified,,
11399,,,*Unspecified,*Unspecified,*Unspecified,*Unspecified,,
11400,,,*Unspecified,*Unspecified,*Unspecified,*Unspecified,,
11401,,,*Unspecified,*Unspecified,*Unspecified,*Unspecified,,
11402,,,*Unspecified,*Unspecified,*Unspecified,*Unspecified,,
11403,,,*Unspecified,*Unspecified,*Unspecified,*Unspecified,,
11404,,,*Unspecified,*Unspecified,*Unspecified,*Unspecified,,
11405,,,*Unspecified,*Unspecified,*Unspecified,*Unspecified,,
11406,,,*Unspecified,*Unspecified,*Unspecified,*Unspecified,,
11407,,,*Unspecified,*Unspecified,*Unspecified,*Unspecified,,
11408,,,*Unspecified,*Unspecified,*Unspecified,*Unspecified,,
11409,,,*Unspecified,*Unspecified,*Unspecified,*Unspecified,,
11410,,,*Unspecified,*Unspecified,*Unspecified,*Unspecified,,
11411,,,*Unspecified,*Unspecified,*Unspecified,*Unspecified,,
11412,,,*Unspecified,*Unspecified,*Unspecified,*Unspecified,,
11413,,,*Unspecified,*Unspecified,*Unspecified,*Unspecified,,
11414,,,*Unspecified,*Unspecified,*Unspecified,*Unspecified,,
11415,,,*Unspecified,*Unspecified,*Unspecified,*Unspecified,,
11416,,,*Unspecified,*Unspecified,*Unspecified,*Unspecified,,
11417,,,*Unspecified,*Unspecified,*Unspecified,*Unspecified,,
11418,,,*Unspecified,*Unspecified,*Unspecified,*Unspecified,,
11419,,,*Unspecified,*Unspecified,*Unspecified,*Unspecified,,
11420,,,*Unspecified,*Unspecified,*Unspecified,*Unspecified,,
11421,,,*Unspecified,*Unspecified,*Unspecified,*Unspecified,,
11422,,,*Unspecified,*Unspecified,*Unspecified,*Unspecified,,
11423,,,*Unspecified,*Unspecified,*Unspecified,*Unspecified,,
11424,,,*Unspecified,*Unspecified,*Unspecified,*Unspecified,,
11425,,,*Unspecified,*Unspecified,*Unspecified,*Unspecified,,
11426,,,*Unspecified,*Unspecified,*Unspecified,*Unspecified,,
11427,,,*Unspecified,*Unspecified,*Unspecified,*Unspecified,,
11428,,,*Unspecified,*Unspecified,*Unspecified,*Unspecified,,
11429,,,*Unspecified,*Unspecified,*Unspecified,*Unspecified,,
11430,,,*Unspecified,*Unspecified,*Unspecified,*Unspecified,,
11431,,,*Unspecified,*Unspecified,*Unspecified,*Unspecified,,
11432,,,*Unspecified,*Unspecified,*Unspecified,*Unspecified,,
11433,,,*Unspecified,*Unspecified,*Unspecified,*Unspecified,,
11434,,,*Unspecified,*Unspecified,*Unspecified,*Unspecified,,
11435,,,*Unspecified,*Unspecified,*Unspecified,*Unspecified,,
11436,,,*Unspecified,*Unspecified,*Unspecified,*Unspecified,,
11437,,,*Unspecified,*Unspecified,*Unspecified,*Unspecified,,
11438,,,*Unspecified,*Unspecified,*Unspecified,*Unspecified,,
11439,,,*Unspecified,*Unspecified,*Unspecified,*Unspecified,,
11440,,,*Unspecified,*Unspecified,*Unspecified,*Unspecified,,
11441,,,*Unspecified,*Unspecified,*Unspecified,*Unspecified,,
11442,,,*Unspecified,*Unspecified,*Unspecified,*Unspecified,,
11443,,,*Unspecified,*Unspecified,*Unspecified,*Unspecified,,
11444,,,*Unspecified,*Unspecified,*Unspecified,*Unspecified,,
11445,,,*Unspecified,*Unspecified,*Unspecified,*Unspecified,,
11446,,,*Unspecified,*Unspecified,*Unspecified,*Unspecified,,
11447,,,*Unspecified,*Unspecified,*Unspecified,*Unspecified,,
11448,,,*Unspecified,*Unspecified,*Unspecified,*Unspecified,,
11449,,,*Unspecified,*Unspecified,*Unspecified,*Unspecified,,
11450,,,*Unspecified,*Unspecified,*Unspecified,*Unspecified,,
11451,,,*Unspecified,*Unspecified,*Unspecified,*Unspecified,,
11452,,,*Unspecified,*Unspecified,*Unspecified,*Unspecified,,
11453,,,,,,,,
11454,,,,,,,,
11455,,,,,,,,
11456,,,,,,,,
11457,,,,DIGESTIVE HEALTH WESTPORT,,,,
11458,,,,,,,,
11459,,,,,,,,
11460,"1419 Westport Landing Place,Ste 103",MANHATTAN,RILEY,MANHATTAN GI WESTPORT,Gastroenterology,,66502,20161000900.0
11461,"1419 Westport Landing Place, Suite 103",MANHATTAN,RILEY,,,,66502-2906,
11462,1419 Westport Landing Place Suite 103,MANHATTAN,RILEY,MAN GI WESTPORT LAB,*Unspecified,,66502,20161000900.0
11463,1500 SW 10th Ave,Topeka,SHAWNEE,DISCHARGE LOUNGE,*Unspecified,,66604,20177003603.0
11464,1500 SW 10th Ave,Topeka,SHAWNEE,DISCHARGE LOUNGE,*Unspecified,,66604,20177003603.0
11465,1500 SW 10th Ave,Topeka,SHAWNEE,DISCHARGE LOUNGE,*Unspecified,,66604,20177003603.0
11466,1500 SW 10th Ave,Topeka,SHAWNEE,DISCHARGE LOUNGE,*Unspecified,,66604,20177003603.0
11467,1500 SW 10th Ave,Topeka,SHAWNEE,DISCHARGE LOUNGE,*Unspecified,,66604,20177003603.0
11468,1500 SW 10th Ave,Topeka,SHAWNEE,DISCHARGE LOUNGE,*Unspecified,,66604,20177003603.0
11469,1500 SW 10th Ave,Topeka,SHAWNEE,DISCHARGE LOUNGE,*Unspecified,,66604,20177003603.0
11470,1500 SW 10th Ave,Topeka,SHAWNEE,DISCHARGE LOUNGE,*Unspecified,,66604,20177003603.0
11471,,,*Unspecified,*Unspecified,*Unspecified,*Unspecified,,
11472,1500 SW 10th Ave,Topeka,SHAWNEE,DISCHARGE LOUNGE,*Unspecified,,66604,20177003603.0
11473,1500 SW 10th Ave,Topeka,SHAWNEE,DISCHARGE LOUNGE,*Unspecified,,66604,20177003603.0
11474,1500 SW 10th Ave,Topeka,SHAWNEE,DISCHARGE LOUNGE,*Unspecified,,66604,20177003603.0
11475,1500 SW 10th Ave,Topeka,SHAWNEE,DISCHARGE LOUNGE,*Unspecified,,66604,20177003603.0
11476,1500 SW 10th Ave,Topeka,SHAWNEE,DISCHARGE LOUNGE,*Unspecified,,66604,20177003603.0
11477,1500 SW 10th Ave,Topeka,SHAWNEE,DISCHARGE LOUNGE,*Unspecified,,66604,20177003603.0
11478,1500 SW 10th Ave,Topeka,SHAWNEE,DISCHARGE LOUNGE,*Unspecified,,66604,20177003603.0
11479,1500 SW 10th Ave,Topeka,SHAWNEE,DISCHARGE LOUNGE,*Unspecified,,66604,20177003603.0
11480,1500 SW 10th Ave,Topeka,SHAWNEE,DISCHARGE LOUNGE,*Unspecified,,66604,20177003603.0
11481,1500 SW 10th Ave,Topeka,SHAWNEE,EMERGENCY DEPARTMENT,Emergency Medicine,ED,66604,20177003603.0
11482,,,,,,,,
11483,,,,,,,,
11485,,,,,,,,
11486,,,,,,,,
11487,,,,,,,,
11488,,,,,,,,
11491,1500 SW 10th Ave,TOPEKA,SHAWNEE,SV NEOGENOMICS LAB,*Unspecified,,66604,20177003603.0
11492,,,,,,,,
11493,,,*Unspecified,*Unspecified,*Unspecified,*Unspecified,,
11494,,,*Unspecified,*Unspecified,*Unspecified,*Unspecified,,
11495,,,*Unspecified,*Unspecified,*Unspecified,*Unspecified,,
11496,,,*Unspecified,*Unspecified,*Unspecified,*Unspecified,,
11497,,,,,,,,
11498,,,,,,,,
11499,,,,,,,,
11500,,,,,,,,
11501,,,,,,,,
11502,,,*Unspecified,*Unspecified,*Unspecified,*Unspecified,,
11503,,,*Unspecified,*Unspecified,*Unspecified,*Unspecified,,
11504,,,*Unspecified,*Unspecified,*Unspecified,*Unspecified,,
11505,,,*Unspecified,*Unspecified,*Unspecified,*Unspecified,,
11506,,,*Unspecified,*Unspecified,*Unspecified,*Unspecified,,
11507,,,*Unspecified,*Unspecified,*Unspecified,*Unspecified,,
11508,,,*Unspecified,*Unspecified,*Unspecified,*Unspecified,,
11509,,,*Unspecified,*Unspecified,*Unspecified,*Unspecified,,
11510,,,*Unspecified,*Unspecified,*Unspecified,*Unspecified,,
11511,,,,,,,,
11512,,,,,,,,
11513,,,,,,,,
11514,,,,STORMONT VAIL FOUNDATION,,,,
11515,,,,,,,,
11516,1500 SW 10th Ave,Topeka,SHAWNEE,INTERMEDIATE CARE,*Unspecified,,66604,20177003603.0
11517,1500 SW 10th Ave,Topeka,SHAWNEE,INTERMEDIATE CARE,*Unspecified,,66604,20177003603.0
11518,1500 SW 10th Ave,Topeka,SHAWNEE,INTERMEDIATE CARE,*Unspecified,,66604,20177003603.0
11519,1500 SW 10th Ave,Topeka,SHAWNEE,INTERMEDIATE CARE,*Unspecified,,66604,20177003603.0
11520,1500 SW 10th Ave,Topeka,SHAWNEE,INTERMEDIATE CARE,*Unspecified,,66604,20177003603.0
11521,1500 SW 10th Ave,Topeka,SHAWNEE,INTERMEDIATE CARE,*Unspecified,,66604,20177003603.0
11522,1500 SW 10th Ave,Topeka,SHAWNEE,INTERMEDIATE CARE,*Unspecified,,66604,20177003603.0
11523,1500 SW 10th Ave,Topeka,SHAWNEE,INTERMEDIATE CARE,*Unspecified,,66604,20177003603.0
11524,1500 SW 10th Ave,Topeka,SHAWNEE,INTERMEDIATE CARE,*Unspecified,,66604,20177003603.0
11525,1500 SW 10th Ave,Topeka,SHAWNEE,INTERMEDIATE CARE,*Unspecified,,66604,20177003603.0
11526,1500 SW 10th Ave,Topeka,SHAWNEE,INTERMEDIATE CARE,*Unspecified,,66604,20177003603.0
11527,1500 SW 10th Ave,Topeka,SHAWNEE,INTERMEDIATE CARE,*Unspecified,,66604,20177003603.0
11528,1500 SW 10th Ave,Topeka,SHAWNEE,INTERMEDIATE CARE,*Unspecified,,66604,20177003603.0
11529,1500 SW 10th Ave,Topeka,SHAWNEE,INTERMEDIATE CARE,*Unspecified,,66604,20177003603.0
11530,1500 SW 10th Ave,Topeka,SHAWNEE,INTERMEDIATE CARE,*Unspecified,,66604,20177003603.0
11531,1500 SW 10th Ave,Topeka,SHAWNEE,INTERMEDIATE CARE,*Unspecified,,66604,20177003603.0
11532,1500 SW 10th Ave,Topeka,SHAWNEE,INTERMEDIATE CARE,*Unspecified,,66604,20177003603.0
11533,,,,,,,,
11535,3220 SW Albright Dr,TOPEKA,SHAWNEE,THE GARDENS AT ALDERSGATE LLC (RECOVER CARE -SNF),,,66614,20177003603.0
11536,2400 SW Urish Rd,TOPEKA,SHAWNEE,ROLLING HILLS HEALTH & REHAB (MIDWEST HEALTH),,,66614,20177003603.0
11537,400 12th Sycamore St,VALLEY FALLS,JEFFERSON,VALLEY MENTAL HEALTH,,,66088,20005981600.0
11538,1500 SW 10th Ave,Topeka,SHAWNEE,PERIOP SERVICES,*Unspecified,OR,66604,20177003603.0
11539,1500 SW 10th Ave,Topeka,SHAWNEE,EMERGENCY DEPARTMENT,Emergency Medicine,ED,66604,20177003603.0
11540,,,,,,,,
11541,,,,,,,,
11542,1500 SW 10th Ave,Topeka,SHAWNEE,PEDIATRICS,Pediatrics,HOD,66604,20177003603.0
11543,1500 SW 10th Ave,Topeka,SHAWNEE,PEDIATRICS,Pediatrics,HOD,66604,20177003603.0
11544,3520 SW 6th Ave,TOPEKA,SHAWNEE,6TH FRAZIER LAB SPEC,Lab,,66606,20177000500.0
11545,,,,,,,,
11546,,,,,,,,
11547,,,,,,,,
11548,,,,,,,,
11549,,,,,,,,
11550,,,*Unspecified,*Unspecified,*Unspecified,*Unspecified,,
11551,,,*Unspecified,*Unspecified,*Unspecified,*Unspecified,,
11552,,,*Unspecified,*Unspecified,*Unspecified,*Unspecified,,
11553,,,*Unspecified,*Unspecified,*Unspecified,*Unspecified,,
11554,,,*Unspecified,*Unspecified,*Unspecified,*Unspecified,,
11555,,,*Unspecified,*Unspecified,*Unspecified,*Unspecified,,
11556,,,*Unspecified,*Unspecified,*Unspecified,*Unspecified,,
11557,346 Maine Street #400,LAWRENCE,DOUGLAS,SUNFLOWER PEDIATRIC EYECARE & STRABISMUS,,,66044,20045001500.0
11558,,,,,,,,
11560,280 East Valley Spring Rd,AUBURN,SHAWNEE,HOMESTEAD OF AUBURN,,,66402,20177003902.0
11561,1500 SW 10th Ave,Topeka,SHAWNEE,ENDOSCOPY,Gastroenterology,HOD,66604,20177003603.0
11562,1500 SW 10th Ave,Topeka,SHAWNEE,EMERGENCY DEPARTMENT,Emergency Medicine,ED,66604,20177003603.0
11563,1500 SW 10th Ave,Topeka,SHAWNEE,ENDOSCOPY,Gastroenterology,HOD,66604,20177003603.0
11564,1500 SW 10th Ave,Topeka,SHAWNEE,ENDOSCOPY,Gastroenterology,HOD,66604,20177003603.0
11565,3566 62nd St,MERIDEN,JEFFERSON,KELLY HOUSE OF MERIDEN SOUTH,,,66512,20177003302.0
11566,6313 KS-4,MERIDEN,JEFFERSON,KELLY HOUSE OF MERIDEN NORTH,,,66512,20177003302.0
11567,,,*Unspecified,*Unspecified,*Unspecified,*Unspecified,,
11568,,,*Unspecified,*Unspecified,*Unspecified,*Unspecified,,
11569,,,*Unspecified,*Unspecified,*Unspecified,*Unspecified,,
11570,,,*Unspecified,*Unspecified,*Unspecified,*Unspecified,,
11571,,,*Unspecified,*Unspecified,*Unspecified,*Unspecified,,
11572,,,*Unspecified,*Unspecified,*Unspecified,*Unspecified,,
11573,,,,,,,,
11574,,,,,,,,
11575,,,,,,,,
11576,1500 SW 10th Ave,Topeka,SHAWNEE,EMERGENCY DEPARTMENT,Emergency Medicine,ED,66604,20177003603.0
11577,,,,,,,,
11578,,,,,,,,
11579,1500 SW 10th Ave,Topeka,SHAWNEE,EMERGENCY DEPARTMENT,Emergency Medicine,ED,66604,20177003603.0
11580,,,,,,,,
11581,,,,,,,,
11582,,,,,,,,
11583,120 West 8th St,ONAGA,POTTAWATOMIE,ONAGA COMMUNITY HEALTH FAIR,,,66521,20149000100.0
11584,,,*Unspecified,*Unspecified,*Unspecified,*Unspecified,,
11585,,,,,,,,
11586,,,,REGISTRATION,,,,
11588,,,,,,,,
11589,440 SE Woodland,TOPEKA,SHAWNEE,COUNTRYSIDE MENTAL HEALTH,,,66607,20177003901.0
11590,,,,THE SPORTS MEDICINE,,,,
11591,,,,,,,,
11592,,,,,,,,
11593,,,,,,,,
11596,,,,,,,,
11597,,,,,,,,
11598,,,,SURGERY ADMINISTRATION,,,,
11599,,,,,,,,
11600,1133 College Bldg E,MANHATTAN,RILEY,MANHATTAN CARE CLINIC,Internal Medicine,,66502,20161000900.0
11602,3100 SE Illinois Ave.,TOPEKA,SHAWNEE,"GRACEFUL HOME, LLC.",,,66605,20177003001.0
11603,5820 SW Drury Lane,TOPEKA,SHAWNEE,HOMESTEAD OF TOPEKA,,,66604,20177003603.0
11604,,,*Unspecified,*Unspecified,*Unspecified,*Unspecified,,
11605,,,*Unspecified,*Unspecified,*Unspecified,*Unspecified,,
11606,,,*Unspecified,*Unspecified,*Unspecified,*Unspecified,,
11607,,,*Unspecified,*Unspecified,*Unspecified,*Unspecified,,
11608,,,*Unspecified,*Unspecified,*Unspecified,*Unspecified,,
11609,,,*Unspecified,*Unspecified,*Unspecified,*Unspecified,,
11610,,,*Unspecified,*Unspecified,*Unspecified,*Unspecified,,
11611,,,*Unspecified,*Unspecified,*Unspecified,*Unspecified,,
11612,,,,,,,,
11613,1500 SW 10th Ave,Topeka,SHAWNEE,EMERGENCY DEPARTMENT,Emergency Medicine,ED,66604,20177003603.0
11614,,,,,,,,
11615,2115 SW 10th Street,TOPEKA,SHAWNEE,SHAWNEE COUNTY HEALTH DEPT. FAMILY PLANNING CLINIC,,,66604,20177003603.0
11616,,,,,,,,
11617,,,,,,,,
11618,,,,,,,,
11619,,,,,,,,
11621,,,,,,,,
11622,,,*Unspecified,*Unspecified,*Unspecified,*Unspecified,,
11623,,,*Unspecified,*Unspecified,*Unspecified,*Unspecified,,
11624,823 SW Mulvane Ste 101,TOPEKA,SHAWNEE,,,,66606,20177000500.0
11625,,,*Unspecified,*Unspecified,*Unspecified,*Unspecified,,
11626,,,*Unspecified,*Unspecified,*Unspecified,*Unspecified,,
11627,,,*Unspecified,*Unspecified,*Unspecified,*Unspecified,,
11628,1500 SW 10th Ave,Topeka,SHAWNEE,ENDOSCOPY,Gastroenterology,HOD,66604,20177003603.0
11629,,,*Unspecified,*Unspecified,*Unspecified,*Unspecified,,
11630,,,*Unspecified,*Unspecified,*Unspecified,*Unspecified,,
11631,,,,,,,,
11632,,,*Unspecified,*Unspecified,*Unspecified,*Unspecified,,
11633,,,*Unspecified,*Unspecified,*Unspecified,*Unspecified,,
11634,,,*Unspecified,*Unspecified,*Unspecified,*Unspecified,,
11635,,,*Unspecified,*Unspecified,*Unspecified,*Unspecified,,
11636,,,*Unspecified,*Unspecified,*Unspecified,*Unspecified,,
11637,,,*Unspecified,*Unspecified,*Unspecified,*Unspecified,,
11638,,,*Unspecified,*Unspecified,*Unspecified,*Unspecified,,
11639,,,*Unspecified,*Unspecified,*Unspecified,*Unspecified,,
11640,,,*Unspecified,*Unspecified,*Unspecified,*Unspecified,,
11641,,,*Unspecified,*Unspecified,*Unspecified,*Unspecified,,
11642,,,*Unspecified,*Unspecified,*Unspecified,*Unspecified,,
11643,,,*Unspecified,*Unspecified,*Unspecified,*Unspecified,,
11644,,,*Unspecified,*Unspecified,*Unspecified,*Unspecified,,
11645,,,*Unspecified,*Unspecified,*Unspecified,*Unspecified,,
11646,,,*Unspecified,*Unspecified,*Unspecified,*Unspecified,,
11647,,,*Unspecified,*Unspecified,*Unspecified,*Unspecified,,
11648,,,*Unspecified,*Unspecified,*Unspecified,*Unspecified,,
11649,,,*Unspecified,*Unspecified,*Unspecified,*Unspecified,,
11650,1133 College Ave Bldg E,MANHATTAN,RILEY,MANHATTAN BEHAVIOR MED,Psychiatry,,66502,20161000900.0
11651,,,,,,,,
11652,,,,,,,,
11653,,,,,,,,
11654,,,,,,,,
11655,,,,,,,,
11656,,,,,,,,
11657,,,,,,,,
11658,1500 SW 10th Ave,Topeka,SHAWNEE,EMERGENCY DEPARTMENT,Emergency Medicine,ED,66604,20177003603.0
11659,,,,,,,,
11660,,,*Unspecified,*Unspecified,*Unspecified,*Unspecified,,
11661,901 SW Garfield Ave,TOPEKA,SHAWNEE,MOBILE CLINIC,Family Medicine,,66606,20177000500.0
11662,1500 SW 10th Ave,Topeka,SHAWNEE,FORENSIC NURSING,*Unspecified,HOD,66604,20177003603.0
11663,,,,,,,,
11664,1110 COLUMBINE DR,HOLTON,JACKSON,HOLTON COMMUNITY HOSPITAL - TOXICOLOGY,,,66436,20085982600.0
11665,,,,,,,,
11666,2115 SW 10th St,Topeka,*Unspecified,SHAWNEE COUNTY HEALTH DEPARTMENT - FAMILY PLANNING CLINIC,,,66604,20177003603.0
11667,1570 SW Westport Drive,Topeka,*Unspecified,PLAZA WEST HEALTHCARE AND REHAB CENTER,,,66604,20177003603.0
11668,,,*Unspecified,*Unspecified,*Unspecified,*Unspecified,,
11669,,,*Unspecified,*Unspecified,*Unspecified,*Unspecified,,
11670,,,,,,,,
11671,,,,,,,,
11672,,,,,,,,
11673,,,,,,,,
11674,,,,,,,,
11675,,,,,,,,
11676,,,,,,,,
11677,,,,,,,,
11678,2800 Willow Grove Rd,Manhattan,*Unspecified,ASCENSION LIVING VIA CHRISTI VILLAGE - MANHATTAN,,,66502,20161000900.0
11679,400 SW 8th,TOPEKA,SHAWNEE,,,,66603,20177000600.0
11680,400 SW 8th St,Topeka,SHAWNEE,SV EMPLOYEE HEALTH LAB,Lab,,66603,20177000600.0
11681,,,,,,,,
11682,7240 SW 10th Ave,TOPEKA,SHAWNEE,THE VILLAGES INC,,,66615,20177003601.0
11683,616 Commercial St.,Atchison,*Unspecified,ATCHISON COUNTY HEALTH DEPARTMENT,,,66002,20005981600.0
11684,,,,,,,,
11685,1615 SW 8th St,TOPEKA,SHAWNEE,WELLPOWER HEALTH,Primary Care,,66606,20177000500.0
11686,,,,,,,,
11687,,,,,,,,
11688,,,,,,,,
11689,,,,,,,,
11690,530 N Ridge Rd Suite B,WICHITA,SEDGWICK,MOBILE MEDICAL,,,67212,20173008600.0
11691,,,,,,,,
11692,1133 College Ave Suite G210,MANHATTAN,RILEY,PEDIATRIC ASSOCIATES OF MANHATTAN-TOXICOLOGY,,,66502,20161000900.0
11693,,,,,,,,
11694,400 SW 8th,TOPEKA,SHAWNEE,,,,66603,20177000600.0
11695,400 SW 8th St.,TOPEKA,SHAWNEE,SV EMPLOYEE HEALTH,Occupational Medicine,,66603,20177000600.0
11696,1500 SW 10th Ave,Topeka,SHAWNEE,EMERGENCY DEPARTMENT,Emergency Medicine,ED,66604,20177003603.0
11698,,,,,,,,
11699,1119 Gage Blvd,TOPEKA,SHAWNEE,CHRISTOPHER STUBBS,,,66604,20177003603.0
11700,,,,,,,,
11701,,,,,,,,
11702,1301 W 12th Street,Emporia,LYON,SV WORKCARE EMP WCOMP,Occupational Medicine,,66801-1696,
11703,,,,,,,,
11704,,,,,,,,
11705,1516 SW 6th Street,TOPEKA,SHAWNEE,,,,66606-1696,
11706,1516 SW 6th St,TOPEKA,SHAWNEE,6TH ST MIDTOWN EXP LAB,*Unspecified,,66606,20177000500.0
11707,1516 SW 6th Street,TOPEKA,SHAWNEE,6TH ST MIDTOWN EXPRESS,Urgent Care,Normal,66606,20177000500.0
11708,1516 SW 6th St,TOPEKA,SHAWNEE,6TH ST MIDTOWN EX XRAY,Radiology,,66606,20177000500.0
11709,,,,,,,,
11710,823 SW Mulvane,TOPEKA,SHAWNEE,CLINIC TRIAGE,Family Medicine,,66606,20177000500.0
11711,,,,,,,,
11713,,,*Unspecified,*Unspecified,*Unspecified,*Unspecified,,
11714,,,*Unspecified,*Unspecified,*Unspecified,*Unspecified,,
11715,,,*Unspecified,*Unspecified,*Unspecified,*Unspecified,,
11716,,,*Unspecified,*Unspecified,*Unspecified,*Unspecified,,
11717,,,*Unspecified,*Unspecified,*Unspecified,*Unspecified,,
11718,,,*Unspecified,*Unspecified,*Unspecified,*Unspecified,,
11720,,,,,,,,
11722,,,,,,,,
11723,901 SW Garfield,TOPEKA,SHAWNEE,901 BEHAVIOR MED,Psychiatry,,66606,20177000500.0
11724,1414 SW 8th Ave,TOPEKA,SHAWNEE,CC BEHAVIOR MED,Psychiatry,,66606,20177000500.0
11725,3520 Sw 6th Ave,TOPEKA,SHAWNEE,6TH FRAZIER BEHAV MED,Psychiatry,,66606,20177000500.0
11726,4100 SW 15th,TOPEKA,SHAWNEE,PEDS BEHAVIOR MED,Psychiatry,,66604,20177003603.0
11727,,,,,,,,
11728,,,,,,,,
11729,,,*Unspecified,*Unspecified,*Unspecified,*Unspecified,,
11730,,,*Unspecified,*Unspecified,*Unspecified,*Unspecified,,
11731,,,*Unspecified,*Unspecified,*Unspecified,*Unspecified,,
11732,,,*Unspecified,*Unspecified,*Unspecified,*Unspecified,,
11733,,,*Unspecified,*Unspecified,*Unspecified,*Unspecified,,
11734,,,*Unspecified,*Unspecified,*Unspecified,*Unspecified,,
11735,,,*Unspecified,*Unspecified,*Unspecified,*Unspecified,,
11736,,,*Unspecified,*Unspecified,*Unspecified,*Unspecified,,
11737,,,*Unspecified,*Unspecified,*Unspecified,*Unspecified,,
11738,,,*Unspecified,*Unspecified,*Unspecified,*Unspecified,,
11739,,,*Unspecified,*Unspecified,*Unspecified,*Unspecified,,
11740,,,*Unspecified,*Unspecified,*Unspecified,*Unspecified,,
11741,,,*Unspecified,*Unspecified,*Unspecified,*Unspecified,,
11742,,,*Unspecified,*Unspecified,*Unspecified,*Unspecified,,
11743,,,*Unspecified,*Unspecified,*Unspecified,*Unspecified,,
11744,,,*Unspecified,*Unspecified,*Unspecified,*Unspecified,,
11745,,,*Unspecified,*Unspecified,*Unspecified,*Unspecified,,
11746,,,*Unspecified,*Unspecified,*Unspecified,*Unspecified,,
11747,1500 SW 10th Ave,TOPEKA,SHAWNEE,SV PROGENITY LAB,*Unspecified,,66604,20177003603.0
11748,1102 St Marys Rd,Junction City,GEARY,,,,66441,20061000800.0
11749,1110 St Marys Road,JUNCTION CITY,GEARY,,,,66441-4176,
11750,,,,,,,,
11751,,,,,,,,
11752,,,,,,,,
11753,,,,,,,,
11754,1110 St Marys Rd,JUNCTION CITY,GEARY,FHC RURAL WALK-IN,Primary Care,,66441,20061000800.0
11755,1110 St Marys Rd,JUNCTION CITY,GEARY,FHC INTERNAL MEDICINE,Internal Medicine,,66441,20061000800.0
11756,1110 St Marys Rd,JUNCTION CITY,GEARY,FHC OBGYN,Obstetrics and Gynecology,,66441,20061000800.0
11757,1414 SW 8th Ave,Topeka,*Unspecified,CC HEMATOLOGY ONCOLOGY,Hematology and Oncology,,66606,20177000500.0
11758,1110 St Marys Rd,JUNCTION CITY,GEARY,FHC PEDIATRIC CARE,Pediatrics,,66441,20061000800.0
11759,1110 St Marys Rd,JUNCTION CITY,GEARY,FHC FAMILY PRACTICE,Family Medicine,,66441,20061000800.0
11760,1102 St Marys Rd,Junction City,GEARY,FHC SURGERY,*Unspecified,OR,66441,20061000800.0
11761,1102 St Marys Rd,Junction City,GEARY,,,,66441,20061000800.0
11762,1102 St Marys Rd,Junction City,*Unspecified,,,,66441-4196,
11763,1102 St Marys Rd,Junction City,GEARY,FHC MEDICAL SURGICAL,*Unspecified,HOD,66441,20061000800.0
11764,1102 St Marys Rd,Junction City,GEARY,FHC WOUND CARE,Wound Care,,66441,20061000800.0
11765,1102 St Marys Rd,Junction City,GEARY,FHC OCC THERAPY,Occupational Therapy,HOD,66441,20061000800.0
11766,1500 SW 10th AVE,Topeka,*Unspecified,*Unspecified,*Unspecified,*Unspecified,66604-1301,
11767,1500 SW 10th Ave,Topeka,SHAWNEE,INTERMEDIATE CARE,*Unspecified,,66604,20177003603.0
11768,,,,,,,,
11769,,,,,,,,
11770,,,,,,,,
11772,1500 SW 10th AVE,Topeka,*Unspecified,*Unspecified,*Unspecified,*Unspecified,66604-1301,
11773,,,,,,,,
11774,,,*Unspecified,*Unspecified,*Unspecified,*Unspecified,,
11775,400 SW 8th St,TOPEKA,SHAWNEE,SV EMPLOYEE BILLING,*Unspecified,,66603,20177000600.0
11776,,,,,,,,
11777,1500 SW 10th Ave,Topeka,SHAWNEE,EMERGENCY DEPARTMENT,Emergency Medicine,ED,66604,20177003603.0
11778,,,,,,,,
11779,,,,,,,,
11780,,,,,,,,
11781,,,,,,,,
11782,,,*Unspecified,,,,,
11783,1102 St Marys Rd,Junction City,GEARY,FHC PACU,*Unspecified,OR,66441,20061000800.0
11784,1102 St Marys Rd,JUNCTION CITY,GEARY,,,,66441,20061000800.0
11785,1102 St Marys Rd,Junction City,GEARY,FHC PRE-POST,*Unspecified,OR,66441,20061000800.0
11786,1102 St Marys Rd,Junction City,GEARY,FHC SURGERY,*Unspecified,OR,66441,20061000800.0
11787,1102 St Marys Rd,Junction City,GEARY,FHC BIRTHPLACE,Obstetrics,L&D,66441,20061000800.0
11788,1102 St Marys Rd,Junction City,GEARY,FHC EMERGENCY,Emergency Medicine,ED,66441,20061000800.0
11789,,,*Unspecified,,,,,
11790,,,*Unspecified,,,,,
11791,,,*Unspecified,*Unspecified,*Unspecified,*Unspecified,,
11792,,,*Unspecified,*Unspecified,*Unspecified,*Unspecified,,
11793,,,,,,,,
11794,,,,,,,,
11795,1102 St Marys Rd,Junction City,GEARY,FHC BREASTFEEDING CTR,*Unspecified,HOD,66441,20061000800.0
11796,1102 St Marys Rd,Junction City,GEARY,FHC INFUSION CENTER,Infusion Therapy,HOD,66441,20061000800.0
11797,1102 St Marys Rd,Junction City,GEARY,FHC SLEEP LAB,Sleep Medicine,,66441,20061000800.0
11798,1102 St Marys Rd,Junction City,GEARY,FHC CARDIAC REHAB,Cardiac Rehabilitation,HOD,66441,20061000800.0
11799,,,,,,,,
11800,,,,,,,,
11801,,,,,,,,
11802,,,,,,,,
11803,1102 St Marys Rd,Junction City,GEARY,FHC SPEECH THERAPY,Speech Therapy,HOD,66441,20061000800.0
11804,1102 St Marys Rd,Junction City,GEARY,FHC MAMMOGRAPHY,Radiology,HOD,66441,20061000800.0
11805,1102 St Marys Rd,Junction City,GEARY,FHC LABORATORY,Lab,,66441,20061000800.0
11806,1102 St Marys Rd,Junction City,GEARY,FHC FORENSIC NURSING,*Unspecified,HOD,66441,20061000800.0
11807,1102 St Marys Rd,Junction City,GEARY,FHC BIRTHPLACE PROC,Obstetrics,HOD,66441,20061000800.0
11808,1102 St Marys Rd,Junction City,GEARY,FHC SV HOSPITAL,*Unspecified,,66441,20061000800.0
11809,1102 St Marys Rd,Junction City,GEARY,FHC BUSINESS OFFICE,*Unspecified,,66441,20061000800.0
11810,1102 St Marys Rd,Junction City,GEARY,FHC MRI,Radiology,HOD,66441,20061000800.0
11811,1102 St Marys Rd,Junction City,GEARY,FHC SOCIAL SERVICES,Case Management,,66441,20061000800.0
11812,1102 St Marys Rd,Junction City,GEARY,FHC CENTRAL SUPPLY,*Unspecified,,66441,20061000800.0
11813,1102 St Marys Rd,Junction City,GEARY,FHC BLOOD PROCESSING,*Unspecified,,66441,20061000800.0
11814,1102 St Marys Rd,Junction City,GEARY,FHC RESP THERAPY,Respiratory Therapy,HOD,66441,20061000800.0
11815,1102 St Marys Rd,Junction City,GEARY,FHC CT SCAN,Radiology,HOD,66441,20061000800.0
11816,1102 St Marys Rd,Junction City,GEARY,FHC VASCULAR US,Radiology,HOD,66441,20061000800.0
11817,1102 St Marys Rd,Junction City,GEARY,FHC RADIOLOGY,Radiology,HOD,66441,20061000800.0
11818,1102 St Marys Rd,Junction City,GEARY,FHC ULTRASOUND,Radiology,HOD,66441,20061000800.0
11819,1102 St Marys Rd,Junction City,GEARY,FHC PHARMACY,*Unspecified,,66441,20061000800.0
11820,1102 St Marys Rd,Junction City,GEARY,FHC HEALTH INFO MGMT,*Unspecified,,66441,20061000800.0
11821,1102 St Marys Rd,Junction City,GEARY,FHC NUC MED,Radiology,HOD,66441,20061000800.0
11822,1102 St Marys Rd,Junction City,GEARY,FHC INFECTION CONTROL,*Unspecified,,66441,20061000800.0
11823,1102 St Marys Rd,Junction City,GEARY,FHC NURSERY,*Unspecified,,66441,20061000800.0
11824,1102 St Marys Rd,Junction City,GEARY,FHC PHYS THERAPY,Physical Therapy,HOD,66441,20061000800.0
11825,1102 St Marys Rd,Junction City,GEARY,FHC PRE REGISTRATION,*Unspecified,,66441,20061000800.0
11826,1102 St Marys Rd,Junction City,GEARY,FHC CASE MANAGEMENT,Case Management,,66441,20061000800.0
11827,1102 St Marys Rd,Junction City,GEARY,FHC PEDIATRICS,Pediatrics,,66441,20061000800.0
11828,1102 St Marys Rd,Junction City,GEARY,FHC ANESTHESIA,*Unspecified,,66441,20061000800.0
11829,1102 St Marys Rd,Junction City,GEARY,FHC INTENSIVE CARE,*Unspecified,ICU,66441,20061000800.0
11830,1102 St Marys Rd,Junction City,GEARY,FHC REGISTRATION,*Unspecified,,66441,20061000800.0
11831,1500 SW 10th Ave,Topeka,SHAWNEE,EMERGENCY DEPARTMENT,Emergency Medicine,ED,66604,20177003603.0
11832,1102 St Marys Rd,Junction City,GEARY,FHC SURGERY,*Unspecified,OR,66441,20061000800.0
11833,1102 St Marys Rd,Junction City,GEARY,FHC PRE-POST,*Unspecified,OR,66441,20061000800.0
11834,1102 St Marys Rd,Junction City,GEARY,FHC PEDIATRICS,Pediatrics,,66441,20061000800.0
11835,1102 St Marys Rd,Junction City,GEARY,FHC SURGERY,*Unspecified,OR,66441,20061000800.0
11836,1102 St Marys Rd,Junction City,GEARY,FHC SURGERY,*Unspecified,OR,66441,20061000800.0
11837,1102 St Marys Rd,Junction City,GEARY,FHC SURGERY,*Unspecified,OR,66441,20061000800.0
11838,1102 St Marys Rd,Junction City,GEARY,FHC SURGERY,*Unspecified,OR,66441,20061000800.0
11839,1102 St Marys Rd,Junction City,GEARY,FHC MEDICAL SURGICAL,*Unspecified,HOD,66441,20061000800.0
11840,1102 St Marys Rd,Junction City,GEARY,FHC PEDIATRICS,Pediatrics,,66441,20061000800.0
11841,1102 St Marys Rd,Junction City,GEARY,FHC SURGERY,*Unspecified,OR,66441,20061000800.0
11842,1102 St Marys Rd,Junction City,GEARY,FHC INTENSIVE CARE,*Unspecified,ICU,66441,20061000800.0
11843,1102 St Marys Rd,Junction City,GEARY,FHC BIRTHPLACE,Obstetrics,L&D,66441,20061000800.0
11844,1102 St Marys Rd,Junction City,GEARY,FHC INFUSION CENTER,Infusion Therapy,HOD,66441,20061000800.0
11845,1102 St Marys Rd,Junction City,GEARY,FHC EMERGENCY,Emergency Medicine,ED,66441,20061000800.0
11846,1102 St Marys Rd,Junction City,GEARY,FHC NURSERY,*Unspecified,,66441,20061000800.0
11847,1102 St Marys Rd,Junction City,GEARY,FHC INFUSION CENTER,Infusion Therapy,HOD,66441,20061000800.0
11848,1102 St Marys Rd,Junction City,GEARY,FHC PEDIATRICS,Pediatrics,,66441,20061000800.0
11849,1102 St Marys Rd,Junction City,GEARY,FHC SURGERY,*Unspecified,OR,66441,20061000800.0
11850,1102 St Marys Rd,Junction City,GEARY,FHC NURSERY,*Unspecified,,66441,20061000800.0
11851,1102 St Marys Rd,Junction City,GEARY,FHC EMERGENCY,Emergency Medicine,ED,66441,20061000800.0
11852,1102 St Marys Rd,Junction City,GEARY,FHC SURGERY,*Unspecified,OR,66441,20061000800.0
11853,1102 St Marys Rd,Junction City,GEARY,FHC SURGERY,*Unspecified,OR,66441,20061000800.0
11854,1102 St Marys Rd,Junction City,GEARY,FHC PACU,*Unspecified,OR,66441,20061000800.0
11855,1102 St Marys Rd,Junction City,GEARY,FHC INFUSION CENTER,Infusion Therapy,HOD,66441,20061000800.0
11856,1102 St Marys Rd,Junction City,GEARY,FHC SURGERY,*Unspecified,OR,66441,20061000800.0
11857,1102 St Marys Rd,Junction City,GEARY,FHC INFUSION CENTER,Infusion Therapy,HOD,66441,20061000800.0
11858,1102 St Marys Rd,Junction City,GEARY,FHC SURGERY,*Unspecified,OR,66441,20061000800.0
11859,1102 St Marys Rd,Junction City,GEARY,FHC EMERGENCY,Emergency Medicine,ED,66441,20061000800.0
11860,1102 St Marys Rd,Junction City,GEARY,FHC NURSERY,*Unspecified,,66441,20061000800.0
11861,1102 St Marys Rd,Junction City,GEARY,FHC SURGERY,*Unspecified,OR,66441,20061000800.0
11862,1102 St Marys Rd,Junction City,GEARY,FHC MEDICAL SURGICAL,*Unspecified,HOD,66441,20061000800.0
11863,1102 St Marys Rd,Junction City,GEARY,FHC PEDIATRICS,Pediatrics,,66441,20061000800.0
11864,1102 St Marys Rd,Junction City,GEARY,FHC MEDICAL SURGICAL,*Unspecified,HOD,66441,20061000800.0
11865,1102 St Marys Rd,Junction City,GEARY,FHC SURGERY,*Unspecified,OR,66441,20061000800.0
11866,1102 St Marys Rd,Junction City,GEARY,FHC SURGERY,*Unspecified,OR,66441,20061000800.0
11867,1110 St Marys Rd,JUNCTION CITY,GEARY,FHC CARDIOLOGY,Cardiology,,66441,20061000800.0
11868,1102 St Marys Rd,Junction City,GEARY,FHC SURGERY,*Unspecified,OR,66441,20061000800.0
11869,1102 St Marys Rd,Junction City,GEARY,FHC MEDICAL SURGICAL,*Unspecified,HOD,66441,20061000800.0
11870,1102 St Marys Rd,Junction City,GEARY,FHC SURGERY,*Unspecified,OR,66441,20061000800.0
11871,1102 St Marys Rd,Junction City,GEARY,FHC MEDICAL SURGICAL,*Unspecified,HOD,66441,20061000800.0
11872,1102 St Marys Rd,Junction City,GEARY,FHC MEDICAL SURGICAL,*Unspecified,HOD,66441,20061000800.0
11873,1102 St Marys Rd,Junction City,GEARY,FHC MEDICAL SURGICAL,*Unspecified,HOD,66441,20061000800.0
11874,1102 St Marys Rd,Junction City,GEARY,FHC PRE-POST,*Unspecified,OR,66441,20061000800.0
11875,1102 St Marys Rd,Junction City,GEARY,FHC PRE-POST,*Unspecified,OR,66441,20061000800.0
11876,1102 St Marys Rd,Junction City,GEARY,FHC SURGERY,*Unspecified,OR,66441,20061000800.0
11877,1102 St Marys Rd,Junction City,GEARY,FHC INTENSIVE CARE,*Unspecified,ICU,66441,20061000800.0
11878,1102 St Marys Rd,Junction City,GEARY,FHC SURGERY,*Unspecified,OR,66441,20061000800.0
11879,1102 St Marys Rd,Junction City,GEARY,FHC EMERGENCY,Emergency Medicine,ED,66441,20061000800.0
11880,1102 St Marys Rd,Junction City,GEARY,FHC SURGERY,*Unspecified,OR,66441,20061000800.0
11881,1102 St Marys Rd,Junction City,GEARY,FHC EMERGENCY,Emergency Medicine,ED,66441,20061000800.0
11882,1102 St Marys Rd,Junction City,GEARY,FHC INTENSIVE CARE,*Unspecified,ICU,66441,20061000800.0
11883,1102 St Marys Rd,Junction City,GEARY,FHC PRE-POST,*Unspecified,OR,66441,20061000800.0
11884,1102 St Marys Rd,Junction City,GEARY,FHC EMERGENCY,Emergency Medicine,ED,66441,20061000800.0
11885,1102 St Marys Rd,Junction City,GEARY,FHC SURGERY,*Unspecified,OR,66441,20061000800.0
11886,1102 St Marys Rd,Junction City,GEARY,FHC SURGERY,*Unspecified,OR,66441,20061000800.0
11887,1102 St Marys Rd,Junction City,GEARY,FHC BIRTHPLACE,Obstetrics,L&D,66441,20061000800.0
11888,1102 St Marys Rd,Junction City,GEARY,FHC PRE-POST,*Unspecified,OR,66441,20061000800.0
11889,1102 St Marys Rd,Junction City,GEARY,FHC SURGERY,*Unspecified,OR,66441,20061000800.0
11890,1102 St Marys Rd,Junction City,GEARY,FHC MEDICAL SURGICAL,*Unspecified,HOD,66441,20061000800.0
11891,1102 St Marys Rd,Junction City,GEARY,FHC BIRTHPLACE,Obstetrics,L&D,66441,20061000800.0
11892,1102 St Marys Rd,Junction City,GEARY,FHC SURGERY,*Unspecified,OR,66441,20061000800.0
11893,1102 St Marys Rd,Junction City,GEARY,FHC SURGERY,*Unspecified,OR,66441,20061000800.0
11894,1102 St Marys Rd,Junction City,GEARY,FHC EMERGENCY,Emergency Medicine,ED,66441,20061000800.0
11895,1102 St Marys Rd,Junction City,GEARY,FHC SURGERY,*Unspecified,OR,66441,20061000800.0
11896,1102 St Marys Rd,Junction City,GEARY,FHC BIRTHPLACE,Obstetrics,L&D,66441,20061000800.0
11897,1102 St Marys Rd,Junction City,GEARY,FHC PRE-POST,*Unspecified,OR,66441,20061000800.0
11898,1102 St Marys Rd,JUNCTION CITY,GEARY,FHC HOSPITALIST,*Unspecified,,66441,20061000800.0
11899,1102 St Marys Rd,Junction City,GEARY,FHC EMERGENCY,Emergency Medicine,ED,66441,20061000800.0
11900,1102 St Marys Rd,Junction City,GEARY,FHC SURGERY,*Unspecified,OR,66441,20061000800.0
11901,1102 St Marys Rd,Junction City,GEARY,FHC SURGERY,*Unspecified,OR,66441,20061000800.0
11902,1102 St Marys Rd,Junction City,GEARY,FHC SURGERY,*Unspecified,OR,66441,20061000800.0
11903,1102 St Marys Rd,Junction City,GEARY,FHC SURGERY,*Unspecified,OR,66441,20061000800.0
11904,1102 St Marys Rd,Junction City,GEARY,FHC MEDICAL SURGICAL,*Unspecified,HOD,66441,20061000800.0
11905,1102 St Marys Rd,Junction City,GEARY,FHC SURGERY,*Unspecified,OR,66441,20061000800.0
11906,1102 St Marys Rd,Junction City,GEARY,FHC NURSERY,*Unspecified,,66441,20061000800.0
11907,1102 St Marys Rd,Junction City,GEARY,FHC SURGERY,*Unspecified,OR,66441,20061000800.0
11908,1102 St Marys Rd,Junction City,GEARY,FHC BIRTHPLACE,Obstetrics,L&D,66441,20061000800.0
11909,1102 St Marys Rd,Junction City,GEARY,FHC SURGERY,*Unspecified,OR,66441,20061000800.0
11910,1102 St Marys Rd,Junction City,GEARY,FHC SURGERY,*Unspecified,OR,66441,20061000800.0
11911,1102 St Marys Rd,Junction City,GEARY,FHC EMERGENCY,Emergency Medicine,ED,66441,20061000800.0
11912,1102 St Marys Rd,Junction City,GEARY,FHC NURSERY,*Unspecified,,66441,20061000800.0
11913,1102 St Marys Rd,Junction City,GEARY,FHC SURGERY,*Unspecified,OR,66441,20061000800.0
11914,1102 St Marys Rd,Junction City,GEARY,FHC MEDICAL SURGICAL,*Unspecified,HOD,66441,20061000800.0
11915,1102 St Marys Rd,Junction City,GEARY,FHC SURGERY,*Unspecified,OR,66441,20061000800.0
11916,1102 St Marys Rd,Junction City,GEARY,FHC MEDICAL SURGICAL,*Unspecified,HOD,66441,20061000800.0
11917,1102 St Marys Rd,Junction City,GEARY,FHC EMERGENCY,Emergency Medicine,ED,66441,20061000800.0
11918,1102 St Marys Rd,Junction City,GEARY,FHC SURGERY,*Unspecified,OR,66441,20061000800.0
11919,1102 St Marys Rd,Junction City,GEARY,FHC SURGERY,*Unspecified,OR,66441,20061000800.0
11920,1102 St Marys Rd,Junction City,GEARY,FHC SURGERY,*Unspecified,OR,66441,20061000800.0
11921,1102 St Marys Rd,Junction City,GEARY,FHC MEDICAL SURGICAL,*Unspecified,HOD,66441,20061000800.0
11922,1102 St Marys Rd,Junction City,GEARY,FHC CT SCAN,Radiology,HOD,66441,20061000800.0
11923,1102 St Marys Rd,Junction City,GEARY,FHC INFUSION CENTER,Infusion Therapy,HOD,66441,20061000800.0
11924,1102 St Marys Rd,Junction City,GEARY,FHC INTENSIVE CARE,*Unspecified,ICU,66441,20061000800.0
11925,1102 St Marys Rd,Junction City,GEARY,FHC PRE-POST,*Unspecified,OR,66441,20061000800.0
11926,1102 St Marys Rd,Junction City,GEARY,FHC EMERGENCY,Emergency Medicine,ED,66441,20061000800.0
11927,1102 St Marys Rd,Junction City,GEARY,FHC SURGERY,*Unspecified,OR,66441,20061000800.0
11928,1102 St Marys Rd,Junction City,GEARY,FHC ANESTHESIA,*Unspecified,,66441,20061000800.0
11929,1102 St Marys Rd,Junction City,GEARY,FHC SURGERY,*Unspecified,OR,66441,20061000800.0
11930,1102 St Marys Rd,Junction City,GEARY,FHC INTENSIVE CARE,*Unspecified,ICU,66441,20061000800.0
11931,1102 St Marys Rd,Junction City,GEARY,FHC BIRTHPLACE,Obstetrics,L&D,66441,20061000800.0
11932,1102 St Marys Rd,Junction City,GEARY,FHC SURGERY,*Unspecified,OR,66441,20061000800.0
11933,1102 St Marys Rd,Junction City,GEARY,FHC EMERGENCY,Emergency Medicine,ED,66441,20061000800.0
11934,1102 St Marys Rd,Junction City,GEARY,FHC EMERGENCY,Emergency Medicine,ED,66441,20061000800.0
11935,1102 St Marys Rd,Junction City,GEARY,FHC SURGERY,*Unspecified,OR,66441,20061000800.0
11936,1102 St Marys Rd,Junction City,GEARY,FHC SURGERY,*Unspecified,OR,66441,20061000800.0
11937,1102 St Marys Rd,Junction City,GEARY,FHC EMERGENCY,Emergency Medicine,ED,66441,20061000800.0
11938,1102 St Marys Rd,Junction City,GEARY,FHC SURGERY,*Unspecified,OR,66441,20061000800.0
11939,1102 St Marys Rd,Junction City,GEARY,FHC MEDICAL SURGICAL,*Unspecified,HOD,66441,20061000800.0
11940,1102 St Marys Rd,Junction City,GEARY,FHC SURGERY,*Unspecified,OR,66441,20061000800.0
11941,1102 St Marys Rd,Junction City,GEARY,FHC MEDICAL SURGICAL,*Unspecified,HOD,66441,20061000800.0
11942,1102 St Marys Rd,Junction City,GEARY,FHC MEDICAL SURGICAL,*Unspecified,HOD,66441,20061000800.0
11943,1102 St Marys Rd,Junction City,GEARY,FHC SURGERY,*Unspecified,OR,66441,20061000800.0
11944,1102 St Marys Rd,Junction City,GEARY,FHC MRI,Radiology,HOD,66441,20061000800.0
11945,1102 St Marys Rd,Junction City,GEARY,FHC MEDICAL SURGICAL,*Unspecified,HOD,66441,20061000800.0
11946,1102 St Marys Rd,Junction City,GEARY,FHC INFUSION CENTER,Infusion Therapy,HOD,66441,20061000800.0
11947,,,*Unspecified,,,,,
11948,1102 St Marys Rd,Junction City,GEARY,FHC PRE-POST,*Unspecified,OR,66441,20061000800.0
11949,1102 St Marys Rd,Junction City,GEARY,FHC SURGERY,*Unspecified,OR,66441,20061000800.0
11950,1102 St Marys Rd,Junction City,GEARY,FHC NURSERY,*Unspecified,,66441,20061000800.0
11951,1102 St Marys Rd,Junction City,GEARY,FHC SURGERY,*Unspecified,OR,66441,20061000800.0
11952,1102 St Marys Rd,Junction City,GEARY,FHC INTENSIVE CARE,*Unspecified,ICU,66441,20061000800.0
11953,1102 St Marys Rd,Junction City,GEARY,FHC PACU,*Unspecified,OR,66441,20061000800.0
11954,1102 St Marys Rd,Junction City,GEARY,FHC MEDICAL SURGICAL,*Unspecified,HOD,66441,20061000800.0
11955,,,*Unspecified,FHC TELEMETRY,*Unspecified,,,
11956,1102 St Marys Rd,Junction City,GEARY,FHC SURGERY,*Unspecified,OR,66441,20061000800.0
11957,1102 St Marys Rd,Junction City,GEARY,FHC MEDICAL SURGICAL,*Unspecified,HOD,66441,20061000800.0
11958,1102 St Marys Rd,Junction City,GEARY,FHC SURGERY,*Unspecified,OR,66441,20061000800.0
11959,1102 St Marys Rd,Junction City,GEARY,FHC PRE-POST,*Unspecified,OR,66441,20061000800.0
11960,1102 St Marys Rd,Junction City,GEARY,FHC SURGERY,*Unspecified,OR,66441,20061000800.0
11961,1102 St Marys Rd,Junction City,GEARY,FHC MEDICAL SURGICAL,*Unspecified,HOD,66441,20061000800.0
11962,1102 St Marys Rd,Junction City,GEARY,FHC NURSERY,*Unspecified,,66441,20061000800.0
11963,1102 St Marys Rd,Junction City,GEARY,FHC MEDICAL SURGICAL,*Unspecified,HOD,66441,20061000800.0
11964,1102 St Marys Rd,Junction City,GEARY,FHC SURGERY,*Unspecified,OR,66441,20061000800.0
11965,1102 St Marys Rd,Junction City,GEARY,FHC SURGERY,*Unspecified,OR,66441,20061000800.0
11966,1102 St Marys Rd,Junction City,GEARY,FHC MEDICAL SURGICAL,*Unspecified,HOD,66441,20061000800.0
11967,1102 St Marys Rd,Junction City,GEARY,FHC PACU,*Unspecified,OR,66441,20061000800.0
11968,1102 St Marys Rd,Junction City,GEARY,FHC SURGERY,*Unspecified,OR,66441,20061000800.0
11969,1102 St Marys Rd,Junction City,GEARY,FHC MEDICAL SURGICAL,*Unspecified,HOD,66441,20061000800.0
11970,1102 St Marys Rd,Junction City,GEARY,FHC INTENSIVE CARE,*Unspecified,ICU,66441,20061000800.0
11971,1102 St Marys Rd,Junction City,GEARY,FHC MEDICAL SURGICAL,*Unspecified,HOD,66441,20061000800.0
11972,1102 St Marys Rd,Junction City,GEARY,FHC EMERGENCY,Emergency Medicine,ED,66441,20061000800.0
11973,1102 St Marys Rd,Junction City,GEARY,FHC SURGERY,*Unspecified,OR,66441,20061000800.0
11974,1102 St Marys Rd,Junction City,GEARY,FHC INTENSIVE CARE,*Unspecified,ICU,66441,20061000800.0
11975,1102 St Marys Rd,Junction City,GEARY,FHC SURGERY,*Unspecified,OR,66441,20061000800.0
11976,1102 St Marys Rd,Junction City,GEARY,FHC MEDICAL SURGICAL,*Unspecified,HOD,66441,20061000800.0
11977,1102 St Marys Rd,Junction City,GEARY,FHC MEDICAL SURGICAL,*Unspecified,HOD,66441,20061000800.0
11978,1102 St Marys Rd,Junction City,GEARY,FHC PACU,*Unspecified,OR,66441,20061000800.0
11979,1102 St Marys Rd,Junction City,GEARY,FHC SURGERY,*Unspecified,OR,66441,20061000800.0
11980,1110 St Marys Rd,JUNCTION CITY,GEARY,FHC MATERNAL FETAL,Maternal and Fetal Medicine,,66441,20061000800.0
11981,1102 St Marys Rd,Junction City,GEARY,FHC SURGERY,*Unspecified,OR,66441,20061000800.0
11982,1102 St Marys Rd,Junction City,GEARY,FHC NURSERY,*Unspecified,,66441,20061000800.0
11983,1102 St Marys Rd,Junction City,GEARY,FHC SURGERY,*Unspecified,OR,66441,20061000800.0
11984,1102 St Marys Rd,Junction City,GEARY,FHC SURGERY,*Unspecified,OR,66441,20061000800.0
11985,1102 St Marys Rd,Junction City,GEARY,FHC EMERGENCY,Emergency Medicine,ED,66441,20061000800.0
11986,1102 St Marys Rd,Junction City,GEARY,FHC SURGERY,*Unspecified,OR,66441,20061000800.0
11987,1102 St Marys Rd,Junction City,GEARY,FHC SURGERY,*Unspecified,OR,66441,20061000800.0
11988,1102 St Marys Rd,Junction City,GEARY,FHC EMERGENCY,Emergency Medicine,ED,66441,20061000800.0
11989,1102 St Marys Rd,Junction City,GEARY,FHC INTENSIVE CARE,*Unspecified,ICU,66441,20061000800.0
11990,1102 St Marys Rd,Junction City,GEARY,FHC EMERGENCY,Emergency Medicine,ED,66441,20061000800.0
11991,1102 St Marys Rd,Junction City,GEARY,FHC SURGERY,*Unspecified,OR,66441,20061000800.0
11992,1102 St Marys Rd,Junction City,GEARY,FHC SURGERY,*Unspecified,OR,66441,20061000800.0
11993,1102 St Marys Rd,Junction City,GEARY,FHC MEDICAL SURGICAL,*Unspecified,HOD,66441,20061000800.0
11994,1102 St Marys Rd,Junction City,GEARY,FHC MEDICAL SURGICAL,*Unspecified,HOD,66441,20061000800.0
11995,1102 St Marys Rd,Junction City,GEARY,FHC EMERGENCY,Emergency Medicine,ED,66441,20061000800.0
11996,1102 St Marys Rd,Junction City,GEARY,FHC BIRTHPLACE,Obstetrics,L&D,66441,20061000800.0
11997,1102 St Marys Rd,Junction City,GEARY,FHC CT SCAN,Radiology,HOD,66441,20061000800.0
11998,1102 St Marys Rd,Junction City,GEARY,FHC BIRTHPLACE,Obstetrics,L&D,66441,20061000800.0
11999,1102 St Marys Rd,Junction City,GEARY,FHC MEDICAL SURGICAL,*Unspecified,HOD,66441,20061000800.0
12000,1102 St Marys Rd,Junction City,GEARY,FHC INFUSION CENTER,Infusion Therapy,HOD,66441,20061000800.0
12001,1102 St Marys Rd,Junction City,GEARY,FHC SURGERY,*Unspecified,OR,66441,20061000800.0
12002,1102 St Marys Rd,Junction City,GEARY,FHC MEDICAL SURGICAL,*Unspecified,HOD,66441,20061000800.0
12003,1102 St Marys Rd,Junction City,GEARY,FHC MEDICAL SURGICAL,*Unspecified,HOD,66441,20061000800.0
12004,1102 St Marys Rd,Junction City,GEARY,FHC MEDICAL SURGICAL,*Unspecified,HOD,66441,20061000800.0
12005,1102 St Marys Rd,Junction City,GEARY,FHC MEDICAL SURGICAL,*Unspecified,HOD,66441,20061000800.0
12006,1102 St Marys Rd,Junction City,GEARY,FHC MEDICAL SURGICAL,*Unspecified,HOD,66441,20061000800.0
12007,1102 St Marys Rd,Junction City,GEARY,FHC SURGERY,*Unspecified,OR,66441,20061000800.0
12008,1102 St Marys Rd,Junction City,GEARY,FHC SURGERY,*Unspecified,OR,66441,20061000800.0
12009,1102 St Marys Rd,Junction City,GEARY,FHC NURSERY,*Unspecified,,66441,20061000800.0
12010,1102 St Marys Rd,Junction City,GEARY,FHC NURSERY,*Unspecified,,66441,20061000800.0
12011,1102 St Marys Rd,Junction City,GEARY,FHC NURSERY,*Unspecified,,66441,20061000800.0
12012,1102 St Marys Rd,Junction City,GEARY,FHC EMERGENCY,Emergency Medicine,ED,66441,20061000800.0
12013,1102 St Marys Rd,Junction City,GEARY,FHC SURGERY,*Unspecified,OR,66441,20061000800.0
12014,1102 St Marys Rd,Junction City,GEARY,FHC SURGERY,*Unspecified,OR,66441,20061000800.0
12015,1102 St Marys Rd,Junction City,GEARY,FHC SURGERY,*Unspecified,OR,66441,20061000800.0
12016,1102 St Marys Rd,Junction City,GEARY,FHC MEDICAL SURGICAL,*Unspecified,HOD,66441,20061000800.0
12017,1102 St Marys Rd,Junction City,GEARY,FHC MEDICAL SURGICAL,*Unspecified,HOD,66441,20061000800.0
12018,1102 St Marys Rd,Junction City,GEARY,FHC SURGERY,*Unspecified,OR,66441,20061000800.0
12019,1102 St Marys Rd,Junction City,GEARY,FHC MEDICAL SURGICAL,*Unspecified,HOD,66441,20061000800.0
12020,1102 St Marys Rd,Junction City,GEARY,FHC PACU,*Unspecified,OR,66441,20061000800.0
12021,1102 St Marys Rd,Junction City,GEARY,FHC SURGERY,*Unspecified,OR,66441,20061000800.0
12022,1102 St Marys Rd,Junction City,GEARY,FHC MEDICAL SURGICAL,*Unspecified,HOD,66441,20061000800.0
12023,1102 St Marys Rd,Junction City,GEARY,FHC SURGERY,*Unspecified,OR,66441,20061000800.0
12024,1102 St Marys Rd,Junction City,GEARY,FHC INTENSIVE CARE,*Unspecified,ICU,66441,20061000800.0
12025,1102 St Marys Rd,Junction City,GEARY,FHC SURGERY,*Unspecified,OR,66441,20061000800.0
12026,1102 St Marys Rd,Junction City,GEARY,FHC SURGERY,*Unspecified,OR,66441,20061000800.0
12027,1102 St Marys Rd,Junction City,GEARY,FHC SURGERY,*Unspecified,OR,66441,20061000800.0
12028,1102 St Marys Rd,Junction City,GEARY,FHC SURGERY,*Unspecified,OR,66441,20061000800.0
12029,1102 St Marys Rd,Junction City,GEARY,FHC PEDIATRICS,Pediatrics,,66441,20061000800.0
12030,1102 St Marys Rd,Junction City,GEARY,FHC BIRTHPLACE,Obstetrics,L&D,66441,20061000800.0
12031,1102 St Marys Rd,Junction City,GEARY,FHC MEDICAL SURGICAL,*Unspecified,HOD,66441,20061000800.0
12032,1102 St Marys Rd,Junction City,GEARY,FHC SURGERY,*Unspecified,OR,66441,20061000800.0
12033,1102 St Marys Rd,Junction City,GEARY,FHC SURGERY,*Unspecified,OR,66441,20061000800.0
12034,1102 St Marys Rd,Junction City,GEARY,FHC SURGERY,*Unspecified,OR,66441,20061000800.0
12035,1102 St Marys Rd,Junction City,GEARY,FHC PACU,*Unspecified,OR,66441,20061000800.0
12036,1102 St Marys Rd,Junction City,GEARY,FHC INFUSION CENTER,Infusion Therapy,HOD,66441,20061000800.0
12037,1102 St Marys Rd,Junction City,GEARY,FHC SURGERY,*Unspecified,OR,66441,20061000800.0
12038,1102 St Marys Rd,Junction City,GEARY,FHC MEDICAL SURGICAL,*Unspecified,HOD,66441,20061000800.0
12039,1102 St Marys Rd,Junction City,GEARY,FHC EMERGENCY,Emergency Medicine,ED,66441,20061000800.0
12040,1102 St Marys Rd,Junction City,GEARY,FHC EMERGENCY,Emergency Medicine,ED,66441,20061000800.0
12041,1102 St Marys Rd,Junction City,GEARY,FHC MEDICAL SURGICAL,*Unspecified,HOD,66441,20061000800.0
12042,1102 St Marys Rd,Junction City,GEARY,FHC EMERGENCY,Emergency Medicine,ED,66441,20061000800.0
12043,1102 St Marys Rd,Junction City,GEARY,FHC EMERGENCY,Emergency Medicine,ED,66441,20061000800.0
12044,1102 St Marys Rd,Junction City,GEARY,FHC MEDICAL SURGICAL,*Unspecified,HOD,66441,20061000800.0
12045,1102 St Marys Rd,Junction City,GEARY,FHC EMERGENCY,Emergency Medicine,ED,66441,20061000800.0
12046,1102 St Marys Rd,Junction City,GEARY,FHC MEDICAL SURGICAL,*Unspecified,HOD,66441,20061000800.0
12047,1102 St Marys Rd,Junction City,GEARY,FHC BIRTHPLACE,Obstetrics,L&D,66441,20061000800.0
12048,1102 St Marys Rd,Junction City,GEARY,FHC SURGERY,*Unspecified,OR,66441,20061000800.0
12049,1102 St Marys Rd,Junction City,GEARY,FHC MEDICAL SURGICAL,*Unspecified,HOD,66441,20061000800.0
12050,1102 St Marys Rd,Junction City,GEARY,FHC SURGERY,*Unspecified,OR,66441,20061000800.0
12051,1102 St Marys Rd,Junction City,GEARY,FHC BIRTHPLACE,Obstetrics,L&D,66441,20061000800.0
12052,1102 St Marys Rd,Junction City,GEARY,FHC SURGERY,*Unspecified,OR,66441,20061000800.0
12053,1102 St Marys Rd,Junction City,GEARY,FHC NURSERY,*Unspecified,,66441,20061000800.0
12054,1102 St Marys Rd,Junction City,GEARY,FHC MEDICAL SURGICAL,*Unspecified,HOD,66441,20061000800.0
12055,1102 St Marys Rd,Junction City,GEARY,FHC SURGERY,*Unspecified,OR,66441,20061000800.0
12056,1102 St Marys Rd,Junction City,GEARY,FHC SURGERY,*Unspecified,OR,66441,20061000800.0
12057,1102 St Marys Rd,Junction City,GEARY,FHC BIRTHPLACE,Obstetrics,L&D,66441,20061000800.0
12058,1102 St Marys Rd,Junction City,GEARY,FHC PRE-POST,*Unspecified,OR,66441,20061000800.0
12059,1102 St Marys Rd,Junction City,GEARY,FHC MEDICAL SURGICAL,*Unspecified,HOD,66441,20061000800.0
12060,1102 St Marys Rd,Junction City,GEARY,FHC MEDICAL SURGICAL,*Unspecified,HOD,66441,20061000800.0
12061,1102 St Marys Rd,Junction City,GEARY,FHC SURGERY,*Unspecified,OR,66441,20061000800.0
12062,1102 St Marys Rd,Junction City,GEARY,FHC EMERGENCY,Emergency Medicine,ED,66441,20061000800.0
12063,1102 St Marys Rd,Junction City,GEARY,FHC SURGERY,*Unspecified,OR,66441,20061000800.0
12064,1102 St Marys Rd,Junction City,GEARY,FHC MRI,Radiology,HOD,66441,20061000800.0
12065,1102 St Marys Rd,Junction City,GEARY,FHC EMERGENCY,Emergency Medicine,ED,66441,20061000800.0
12066,1102 St Marys Rd,Junction City,GEARY,FHC EMERGENCY,Emergency Medicine,ED,66441,20061000800.0
12067,1102 St Marys Rd,Junction City,GEARY,FHC EMERGENCY,Emergency Medicine,ED,66441,20061000800.0
12068,1102 St Marys Rd,Junction City,GEARY,FHC BIRTHPLACE,Obstetrics,L&D,66441,20061000800.0
12069,1102 St Marys Rd,Junction City,GEARY,FHC BIRTHPLACE,Obstetrics,L&D,66441,20061000800.0
12070,1102 St Marys Rd,Junction City,GEARY,FHC MEDICAL SURGICAL,*Unspecified,HOD,66441,20061000800.0
12071,1102 St Marys Rd,Junction City,GEARY,FHC SURGERY,*Unspecified,OR,66441,20061000800.0
12072,1102 St Marys Rd,Junction City,GEARY,FHC EMERGENCY,Emergency Medicine,ED,66441,20061000800.0
12073,1102 St Marys Rd,Junction City,GEARY,FHC BIRTHPLACE,Obstetrics,L&D,66441,20061000800.0
12074,1102 St Marys Rd,Junction City,GEARY,FHC PACU,*Unspecified,OR,66441,20061000800.0
12075,1102 St Marys Rd,Junction City,GEARY,FHC PACU,*Unspecified,OR,66441,20061000800.0
12076,1102 St Marys Rd,Junction City,GEARY,FHC MEDICAL SURGICAL,*Unspecified,HOD,66441,20061000800.0
12077,1102 St Marys Rd,Junction City,GEARY,FHC PRE-POST,*Unspecified,OR,66441,20061000800.0
12078,1102 St Marys Rd,Junction City,GEARY,FHC MEDICAL SURGICAL,*Unspecified,HOD,66441,20061000800.0
12079,1102 St Marys Rd,Junction City,GEARY,FHC EMERGENCY,Emergency Medicine,ED,66441,20061000800.0
12080,1102 St Marys Rd,Junction City,GEARY,FHC SURGERY,*Unspecified,OR,66441,20061000800.0
12081,1102 St Marys Rd,Junction City,GEARY,FHC SURGERY,*Unspecified,OR,66441,20061000800.0
12082,1102 St Marys Rd,Junction City,GEARY,FHC BIRTHPLACE,Obstetrics,L&D,66441,20061000800.0
12083,1102 St Marys Rd,Junction City,GEARY,FHC PACU,*Unspecified,OR,66441,20061000800.0
12084,1102 St Marys Rd,Junction City,GEARY,FHC MEDICAL SURGICAL,*Unspecified,HOD,66441,20061000800.0
12085,1102 St Marys Rd,Junction City,GEARY,FHC SURGERY,*Unspecified,OR,66441,20061000800.0
12086,1102 St Marys Rd,Junction City,GEARY,FHC SURGERY,*Unspecified,OR,66441,20061000800.0
12087,1102 St Marys Rd,Junction City,GEARY,FHC EMERGENCY,Emergency Medicine,ED,66441,20061000800.0
12088,1102 St Marys Rd,Junction City,GEARY,FHC INTENSIVE CARE,*Unspecified,ICU,66441,20061000800.0
12089,1102 St Marys Rd,Junction City,GEARY,FHC SURGERY,*Unspecified,OR,66441,20061000800.0
12090,1102 St Marys Rd,Junction City,GEARY,FHC SURGERY,*Unspecified,OR,66441,20061000800.0
12091,1102 St Marys Rd,Junction City,GEARY,FHC MEDICAL SURGICAL,*Unspecified,HOD,66441,20061000800.0
12092,1102 St Marys Rd,Junction City,GEARY,FHC EMERGENCY,Emergency Medicine,ED,66441,20061000800.0
12093,1102 St Marys Rd,Junction City,GEARY,FHC BIRTHPLACE,Obstetrics,L&D,66441,20061000800.0
12094,1102 St Marys Rd,Junction City,GEARY,FHC SURGERY,*Unspecified,OR,66441,20061000800.0
12095,1102 St Marys Rd,Junction City,GEARY,FHC SURGERY,*Unspecified,OR,66441,20061000800.0
12096,1102 St Marys Rd,Junction City,GEARY,FHC EMERGENCY,Emergency Medicine,ED,66441,20061000800.0
12097,1102 St Marys Rd,Junction City,GEARY,FHC SURGERY,*Unspecified,OR,66441,20061000800.0
12098,1102 St Marys Rd,Junction City,GEARY,FHC EMERGENCY,Emergency Medicine,ED,66441,20061000800.0
12099,1102 St Marys Rd,JUNCTION CITY,GEARY,,,,66441-4196,
12100,1102 St Marys Rd,Junction City,GEARY,FHC PRE-POST,*Unspecified,OR,66441,20061000800.0
12101,1102 St Marys Rd,Junction City,GEARY,FHC SURGERY,*Unspecified,OR,66441,20061000800.0
12102,1102 St Marys Rd,Junction City,GEARY,FHC SURGERY,*Unspecified,OR,66441,20061000800.0
12103,1102 St Marys Rd,Junction City,GEARY,FHC SURGERY,*Unspecified,OR,66441,20061000800.0
12104,1102 St Marys Rd,Junction City,GEARY,FHC MEDICAL SURGICAL,*Unspecified,HOD,66441,20061000800.0
12105,1102 St Marys Rd,Junction City,GEARY,FHC SURGERY,*Unspecified,OR,66441,20061000800.0
12106,1102 St Marys Rd,Junction City,GEARY,FHC MEDICAL SURGICAL,*Unspecified,HOD,66441,20061000800.0
12107,1102 St Marys Rd,Junction City,GEARY,FHC MEDICAL SURGICAL,*Unspecified,HOD,66441,20061000800.0
12108,1102 St Marys Rd,Junction City,GEARY,FHC EMERGENCY,Emergency Medicine,ED,66441,20061000800.0
12109,1102 St Marys Rd,Junction City,GEARY,FHC SURGERY,*Unspecified,OR,66441,20061000800.0
12110,1102 St Marys Rd,Junction City,GEARY,FHC SURGERY,*Unspecified,OR,66441,20061000800.0
12111,1102 St Marys Rd,Junction City,GEARY,FHC SURGERY,*Unspecified,OR,66441,20061000800.0
12112,1102 St Marys Rd,Junction City,GEARY,FHC NURSERY,*Unspecified,,66441,20061000800.0
12113,1102 St Marys Rd,Junction City,GEARY,FHC MEDICAL SURGICAL,*Unspecified,HOD,66441,20061000800.0
12114,1102 St Marys Rd,Junction City,GEARY,FHC PEDIATRICS,Pediatrics,,66441,20061000800.0
12115,1102 St Marys Rd,Junction City,GEARY,FHC BIRTHPLACE,Obstetrics,L&D,66441,20061000800.0
12116,1102 St Marys Rd,Junction City,GEARY,FHC SURGERY,*Unspecified,OR,66441,20061000800.0
12117,1102 St Marys Rd,Junction City,GEARY,FHC NURSERY,*Unspecified,,66441,20061000800.0
12118,1102 St Marys Rd,Junction City,GEARY,FHC MEDICAL SURGICAL,*Unspecified,HOD,66441,20061000800.0
12119,1102 St Marys Rd,Junction City,GEARY,FHC NURSERY,*Unspecified,,66441,20061000800.0
12120,1102 St Marys Rd,Junction City,GEARY,FHC MEDICAL SURGICAL,*Unspecified,HOD,66441,20061000800.0
12121,1102 St Marys Rd,Junction City,GEARY,FHC SURGERY,*Unspecified,OR,66441,20061000800.0
12122,1102 St Marys Rd,Junction City,GEARY,FHC EMERGENCY,Emergency Medicine,ED,66441,20061000800.0
12123,1102 St Marys Rd,Junction City,GEARY,FHC MEDICAL SURGICAL,*Unspecified,HOD,66441,20061000800.0
12124,1102 St Marys Rd,Junction City,GEARY,FHC EMERGENCY,Emergency Medicine,ED,66441,20061000800.0
12125,1102 St Marys Rd,Junction City,GEARY,FHC INTENSIVE CARE,*Unspecified,ICU,66441,20061000800.0
12126,1102 St Marys Rd,Junction City,GEARY,FHC SURGERY,*Unspecified,OR,66441,20061000800.0
12127,1102 St Marys Rd,Junction City,GEARY,FHC NURSERY,*Unspecified,,66441,20061000800.0
12128,1102 St Marys Rd,Junction City,GEARY,FHC SURGERY,*Unspecified,OR,66441,20061000800.0
12129,1102 St Marys Rd,Junction City,GEARY,FHC EMERGENCY,Emergency Medicine,ED,66441,20061000800.0
12130,1102 St Marys Rd,Junction City,GEARY,FHC SURGERY,*Unspecified,OR,66441,20061000800.0
12131,1102 St Marys Rd,Junction City,GEARY,FHC MEDICAL SURGICAL,*Unspecified,HOD,66441,20061000800.0
12132,1102 St Marys Rd,Junction City,GEARY,FHC EMERGENCY,Emergency Medicine,ED,66441,20061000800.0
12133,1102 St Marys Rd,Junction City,GEARY,FHC SURGERY,*Unspecified,OR,66441,20061000800.0
12134,1102 St Marys Rd,Junction City,GEARY,FHC SURGERY,*Unspecified,OR,66441,20061000800.0
12135,1102 St Marys Rd,Junction City,GEARY,FHC PACU,*Unspecified,OR,66441,20061000800.0
12136,1102 St Marys Rd,Junction City,GEARY,FHC SURGERY,*Unspecified,OR,66441,20061000800.0
12137,1102 St Marys Rd,Junction City,GEARY,FHC EMERGENCY,Emergency Medicine,ED,66441,20061000800.0
12138,1102 St Marys Rd,Junction City,GEARY,FHC PACU,*Unspecified,OR,66441,20061000800.0
12139,1102 St Marys Rd,Junction City,GEARY,FHC SURGERY,*Unspecified,OR,66441,20061000800.0
12140,1102 St Marys Rd,Junction City,GEARY,FHC SURGERY,*Unspecified,OR,66441,20061000800.0
12141,1102 St Marys Rd,Junction City,GEARY,FHC MEDICAL SURGICAL,*Unspecified,HOD,66441,20061000800.0
12142,1102 St Marys Rd,Junction City,GEARY,FHC MEDICAL SURGICAL,*Unspecified,HOD,66441,20061000800.0
12143,1102 St Marys Rd,Junction City,GEARY,FHC BIRTHPLACE,Obstetrics,L&D,66441,20061000800.0
12144,1102 St Marys Rd,Junction City,GEARY,FHC SURGERY,*Unspecified,OR,66441,20061000800.0
12145,1102 St Marys Rd,Junction City,GEARY,FHC MEDICAL SURGICAL,*Unspecified,HOD,66441,20061000800.0
12146,1102 St Marys Rd,Junction City,GEARY,FHC BIRTHPLACE,Obstetrics,L&D,66441,20061000800.0
12147,1102 St Marys Rd,Junction City,GEARY,FHC EMERGENCY,Emergency Medicine,ED,66441,20061000800.0
12148,1102 St Marys Rd,Junction City,GEARY,FHC EMERGENCY,Emergency Medicine,ED,66441,20061000800.0
12149,1102 St Marys Rd,Junction City,GEARY,FHC MEDICAL SURGICAL,*Unspecified,HOD,66441,20061000800.0
12150,1102 St Marys Rd,Junction City,GEARY,FHC BIRTHPLACE,Obstetrics,L&D,66441,20061000800.0
12151,1102 St Marys Rd,Junction City,GEARY,FHC EMERGENCY,Emergency Medicine,ED,66441,20061000800.0
12152,1102 St Marys Rd,Junction City,GEARY,FHC MEDICAL SURGICAL,*Unspecified,HOD,66441,20061000800.0
12153,1102 St Marys Rd,Junction City,GEARY,FHC SURGERY,*Unspecified,OR,66441,20061000800.0
12154,1102 St Marys Rd,Junction City,GEARY,FHC EMERGENCY,Emergency Medicine,ED,66441,20061000800.0
12155,1102 St Marys Rd,Junction City,GEARY,FHC PACU,*Unspecified,OR,66441,20061000800.0
12156,1102 St Marys Rd,Junction City,GEARY,FHC BIRTHPLACE,Obstetrics,L&D,66441,20061000800.0
12157,1102 St Marys Rd,Junction City,GEARY,FHC BIRTHPLACE,Obstetrics,L&D,66441,20061000800.0
12158,1102 St Marys Rd,Junction City,GEARY,FHC BIRTHPLACE,Obstetrics,L&D,66441,20061000800.0
12159,1102 St Marys Rd,Junction City,GEARY,FHC BIRTHPLACE,Obstetrics,L&D,66441,20061000800.0
12160,1102 St Marys Rd,Junction City,GEARY,FHC BIRTHPLACE,Obstetrics,L&D,66441,20061000800.0
12161,,,*Unspecified,*Unspecified,*Unspecified,*Unspecified,,
12162,,,*Unspecified,*Unspecified,*Unspecified,*Unspecified,,
12163,1500 SW 10th Ave,Topeka,SHAWNEE,EMERGENCY DEPARTMENT,Emergency Medicine,ED,66604,20177003603.0
12164,,,*Unspecified,*Unspecified,*Unspecified,*Unspecified,,
12165,,,*Unspecified,*Unspecified,*Unspecified,*Unspecified,,
12166,,,*Unspecified,*Unspecified,*Unspecified,*Unspecified,,
12167,1102 St Marys Rd,Junction City,GEARY,FHC EMERGENCY,Emergency Medicine,ED,66441,20061000800.0
12168,,,*Unspecified,*Unspecified,*Unspecified,*Unspecified,,
12169,1102 St Marys Rd,Junction City,GEARY,FHC EMERGENCY,Emergency Medicine,ED,66441,20061000800.0
12170,,,*Unspecified,*Unspecified,*Unspecified,*Unspecified,,
12171,,,,,,,,
12172,,,*Unspecified,*Unspecified,*Unspecified,*Unspecified,,
12173,,,*Unspecified,*Unspecified,*Unspecified,*Unspecified,,
12174,,,*Unspecified,*Unspecified,*Unspecified,*Unspecified,,
12175,,,*Unspecified,*Unspecified,*Unspecified,*Unspecified,,
12176,,,*Unspecified,*Unspecified,*Unspecified,*Unspecified,,
12177,,,*Unspecified,*Unspecified,*Unspecified,*Unspecified,,
12178,,,,,,,,
12179,,,,,,,,
12180,1009 N Marshall Ave PO BOX 219,CHAPMAN,DICKINSON,CHAPMAN VALLEY MANOR,,,67431,20041984100.0
12181,1417 SW Ash St,JUNCTION CITY,GEARY,VALLEY VIEW SENIOR LIFE,,,66441,20061000800.0
12182,1022 Caroline Ave,JUNCTION CITY,GEARY,BROOKDALE JUNCTION CITY,,,66441,20061000800.0
12183,,,*Unspecified,*Unspecified,*Unspecified,*Unspecified,,
12184,,,*Unspecified,*Unspecified,*Unspecified,*Unspecified,,
12185,,,*Unspecified,*Unspecified,*Unspecified,*Unspecified,,
12186,,,*Unspecified,*Unspecified,*Unspecified,*Unspecified,,
12187,1102 St Marys Rd,Junction City,GEARY,FHC EMERGENCY,Emergency Medicine,ED,66441,20061000800.0
12188,,,*Unspecified,*Unspecified,*Unspecified,*Unspecified,,
12189,,,*Unspecified,*Unspecified,*Unspecified,*Unspecified,,
12190,,,*Unspecified,*Unspecified,*Unspecified,*Unspecified,,
12191,,,*Unspecified,*Unspecified,*Unspecified,*Unspecified,,
12192,,,*Unspecified,*Unspecified,*Unspecified,*Unspecified,,
12193,,,*Unspecified,*Unspecified,*Unspecified,*Unspecified,,
12194,,,*Unspecified,*Unspecified,*Unspecified,*Unspecified,,
12195,,,*Unspecified,*Unspecified,*Unspecified,*Unspecified,,
12196,1102 St Marys Rd,Junction City,GEARY,FHC EMERGENCY,Emergency Medicine,ED,66441,20061000800.0
12197,1102 St Marys Rd,Junction City,GEARY,FHC EMERGENCY,Emergency Medicine,ED,66441,20061000800.0
12198,1102 St Marys Rd,Junction City,GEARY,FHC EMERGENCY,Emergency Medicine,ED,66441,20061000800.0
12199,1110 St Mary's Rd,JUNCTION CITY,GEARY,FHC SPECIMEN DROP OFF,,,66441,20061000800.0
12200,1102 St Marys Rd,Junction City,GEARY,FHC EMERGENCY,Emergency Medicine,ED,66441,20061000800.0
12201,1102 St Marys Rd,Junction City,GEARY,FHC EMERGENCY,Emergency Medicine,ED,66441,20061000800.0
12202,1102 St Marys Rd,Junction City,GEARY,FHC EMERGENCY,Emergency Medicine,ED,66441,20061000800.0
12203,1102 St Marys Rd,Junction City,GEARY,FHC EMERGENCY,Emergency Medicine,ED,66441,20061000800.0
12204,1102 St Marys Rd,Junction City,GEARY,FHC EMERGENCY,Emergency Medicine,ED,66441,20061000800.0
12205,1102 St Marys Rd,Junction City,GEARY,FHC EMERGENCY,Emergency Medicine,ED,66441,20061000800.0
12206,,,,,,,,
12207,,,,,,,,
12208,,,,,,,,
12209,1102 St Marys Rd,Junction City,GEARY,FHC EMERGENCY,Emergency Medicine,ED,66441,20061000800.0
12210,,,,,,,,
12211,,,,,,,,
12212,,,,,,,,
12213,1102 St Marys Rd,Junction City,GEARY,FHC EMERGENCY,Emergency Medicine,ED,66441,20061000800.0
12214,,,,,,,,
12215,,,,,,,,
12216,1102 St Marys Rd,Junction City,GEARY,FHC EMERGENCY,Emergency Medicine,ED,66441,20061000800.0
12217,,,*Unspecified,MED REFILL CENTER,*Unspecified,,,
12218,1102 St Marys Rd,JUNCTION CITY,GEARY,FHC NUTRITION,Nutrition,,66441,20061000800.0
12219,1110 St Marys Rd,JUNCTION CITY,GEARY,FHC SURGERY GENERAL,General Surgery,,66441,20061000800.0
12220,,,,,,,,
12221,,,,,,,,
12222,1102 St Marys Rd,Junction City,GEARY,FHC EMERGENCY,Emergency Medicine,ED,66441,20061000800.0
12223,1102 St Marys Rd,Junction City,GEARY,FHC EMERGENCY,Emergency Medicine,ED,66441,20061000800.0
12224,1110 St Mary's Rd,JUNCTION CITY,GEARY,FHC WORKCARE,Occupational Medicine,,66441,20061000800.0
12225,1500 SW 10th Ave,Topeka,SHAWNEE,EMERGENCY DEPARTMENT,Emergency Medicine,ED,66604,20177003603.0
12226,1500 SW 10th Ave,Topeka,SHAWNEE,EMERGENCY DEPARTMENT,Emergency Medicine,ED,66604,20177003603.0
12227,1500 SW 10th Ave,Topeka,SHAWNEE,EMERGENCY DEPARTMENT,Emergency Medicine,ED,66604,20177003603.0
12228,1325 Research Park Drive,MANHATTAN,RILEY,,,,66502-5000,
12229,823 SW Mulvane,TOPEKA,SHAWNEE,823 BEHAVIOR MED,Psychiatry,,66606,20177000500.0
12230,1325 Research Park Drive,MANHATTAN,RILEY,MHK NEURO SUR,Neurosurgery,,66502,20161000900.0
12231,1325 Research Park Drive,MANHATTAN,RILEY,MHK BEHAVIORAL HEALTH,Psychiatry,,66502,20161000900.0
12232,1325 Research Park Drive,MANHATTAN,RILEY,MHK ENDOCRINE,Endocrinology,,66502,20161000900.0
12233,1325 Research Park Drive,MANHATTAN,RILEY,MHK CARE CLINIC,Internal Medicine,,66502,20161000900.0
12234,1325 Research Park Drive,MANHATTAN,RILEY,MHK CARDIOLOGY,Cardiology,,66502,20161000900.0
12235,1325 Research Park Drive,MANHATTAN,RILEY,MHK PLASTIC SURG,Plastic Surgery,,66502,20161000900.0
12236,1325 Research Park Drive,MANHATTAN,RILEY,MHK MAMMOGRAPHY,Radiology,,66502,20161000900.0
12237,1325 Research Park Drive,MANHATTAN,RILEY,MHK LAB,Lab,,66502,20161000900.0
12238,1325 Research Park Drive,MANHATTAN,RILEY,MHK NEPHROLOGY,Nephrology,,66502,20161000900.0
12239,1325 Research Park Drive,MANHATTAN,RILEY,MHK LONG TERM CARE,Internal Medicine,,66502,20161000900.0
12240,1325 Research Park Drive,MANHATTAN,RILEY,MHK ULTRASOUND,Radiology,,66502,20161000900.0
12241,1325 Research Park Drive,MANHATTAN,RILEY,MHK XRAY,Radiology,,66502,20161000900.0
12242,1325 Research Park Drive,MANHATTAN,RILEY,MHK DIGESTIVE HEALTH,Gastroenterology,,66502,20161000900.0
12243,1325 Research Park Drive,MANHATTAN,RILEY,MHK ALLERGY,Allergy,,66502,20161000900.0
12244,1325 Research Park Drive,MANHATTAN,RILEY,MHK CT,Radiology,,66502,20161000900.0
12245,1325 Research Park Drive,MANHATTAN,RILEY,MHK PRIMARY CARE,Primary Care,,66502,20161000900.0
12246,1325 Research Park Drive,MANHATTAN,RILEY,MHK INF DISEASE,Infectious Diseases,,66502,20161000900.0
12247,1325 Research Park Drive,MANHATTAN,RILEY,MHK NEUROLOGY,Neurology,,66502,20161000900.0
12248,1325 Research Park Drive,MANHATTAN,RILEY,MHK VEIN CLINIC,Cardiology,,66502,20161000900.0
12249,1325 Research Park Drive,MANHATTAN,RILEY,MHK NUCLEAR MEDICINE,Radiology,,66502,20161000900.0
12250,1325 Research Park Drive,MANHATTAN,RILEY,MHK MED WEIGHT MGMNT,Bariatrics,,66502,20161000900.0
12251,,,,,,,,
12252,920 SW Lane St,Topeka,*Unspecified,EXCELLENT SURGERY,*Unspecified,,66606,20177000500.0
12253,1603 W 4th St,HOLTON,JACKSON,CHCS - HOLTON CLINIC HEALTH FAIR,,,66436,20085982600.0
12254,206 Grand Ave,ST MARYS,POTTAWATOMIE,CHCS - ST. MARY'S CLINIC HEALTH FAIR,,,66536,20085082800.0
12255,1102 St Marys Rd,Junction City,GEARY,FHC EMERGENCY,Emergency Medicine,ED,66441,20061000800.0
12256,1102 St Marys Rd,Junction City,GEARY,FHC EMERGENCY,Emergency Medicine,ED,66441,20061000800.0
12257,1500 SW 10th Ave,Topeka,SHAWNEE,TRANSITIONAL CARE UNIT,*Unspecified,,66604,20177003603.0
12258,1102 St Marys Rd,Junction City,GEARY,FHC EMERGENCY,Emergency Medicine,ED,66441,20061000800.0
12259,2101 Claflin Rd,MANHATTAN,RILEY,RILEY COUNTY COMMUNITY HEALTH FAIR,,,66502,20161000900.0
12260,,,*Unspecified,*Unspecified,*Unspecified,*Unspecified,,
12261,,,*Unspecified,*Unspecified,*Unspecified,*Unspecified,,
12262,,,*Unspecified,*Unspecified,*Unspecified,*Unspecified,,
12263,,,*Unspecified,*Unspecified,*Unspecified,*Unspecified,,
12264,,,*Unspecified,*Unspecified,*Unspecified,*Unspecified,,
12265,,,*Unspecified,*Unspecified,*Unspecified,*Unspecified,,
12266,,,*Unspecified,*Unspecified,*Unspecified,*Unspecified,,
12267,,,*Unspecified,*Unspecified,*Unspecified,*Unspecified,,
12268,,,*Unspecified,*Unspecified,*Unspecified,*Unspecified,,
12269,,,*Unspecified,*Unspecified,*Unspecified,*Unspecified,,
12270,,,*Unspecified,*Unspecified,*Unspecified,*Unspecified,,
12271,,,*Unspecified,*Unspecified,*Unspecified,*Unspecified,,
12272,,,*Unspecified,*Unspecified,*Unspecified,*Unspecified,,
12273,,,*Unspecified,*Unspecified,*Unspecified,*Unspecified,,
12274,,,*Unspecified,*Unspecified,*Unspecified,*Unspecified,,
12275,,,*Unspecified,*Unspecified,*Unspecified,*Unspecified,,
12276,,,*Unspecified,*Unspecified,*Unspecified,*Unspecified,,
12277,,,*Unspecified,*Unspecified,*Unspecified,*Unspecified,,
12278,,,*Unspecified,*Unspecified,*Unspecified,*Unspecified,,
12279,,,*Unspecified,*Unspecified,*Unspecified,*Unspecified,,
12280,,,*Unspecified,*Unspecified,*Unspecified,*Unspecified,,
12281,,,*Unspecified,*Unspecified,*Unspecified,*Unspecified,,
12282,,,*Unspecified,*Unspecified,*Unspecified,*Unspecified,,
12283,,,*Unspecified,*Unspecified,*Unspecified,*Unspecified,,
12284,,,*Unspecified,*Unspecified,*Unspecified,*Unspecified,,
12285,,,*Unspecified,*Unspecified,*Unspecified,*Unspecified,,
12286,,,*Unspecified,*Unspecified,*Unspecified,*Unspecified,,
12287,,,*Unspecified,*Unspecified,*Unspecified,*Unspecified,,
12288,,,*Unspecified,*Unspecified,*Unspecified,*Unspecified,,
12289,,,*Unspecified,*Unspecified,*Unspecified,*Unspecified,,
12290,,,*Unspecified,*Unspecified,*Unspecified,*Unspecified,,
12291,,,,,,,,
12292,1500 SW 10th Ave,Topeka,SHAWNEE,EMERGENCY DEPARTMENT,Emergency Medicine,ED,66604,20177003603.0
12293,1102 St Marys Rd,Junction City,GEARY,FHC EMERGENCY,Emergency Medicine,ED,66441,20061000800.0
12294,,,,,,,,
12295,1500 SW 10th Ave,Topeka,SHAWNEE,TRANSITIONAL CARE UNIT,*Unspecified,,66604,20177003603.0
12296,1500 SW 10th Ave,Topeka,SHAWNEE,TRANSITIONAL CARE UNIT,*Unspecified,,66604,20177003603.0
12297,1500 SW 10th Ave,Topeka,SHAWNEE,TRANSITIONAL CARE UNIT,*Unspecified,,66604,20177003603.0
12298,1500 SW 10th Ave,Topeka,SHAWNEE,TRANSITIONAL CARE UNIT,*Unspecified,,66604,20177003603.0
12299,1500 SW 10th Ave,Topeka,SHAWNEE,TRANSITIONAL CARE UNIT,*Unspecified,,66604,20177003603.0
12300,1500 SW 10th Ave,Topeka,SHAWNEE,TRANSITIONAL CARE UNIT,*Unspecified,,66604,20177003603.0
12301,1500 SW 10th Ave,Topeka,SHAWNEE,TRANSITIONAL CARE UNIT,*Unspecified,,66604,20177003603.0
12302,1500 SW 10th Ave,Topeka,SHAWNEE,TRANSITIONAL CARE UNIT,*Unspecified,,66604,20177003603.0
12303,1500 SW 10th Ave,Topeka,SHAWNEE,TRANSITIONAL CARE UNIT,*Unspecified,,66604,20177003603.0
12304,1500 SW 10th Ave,Topeka,SHAWNEE,TRANSITIONAL CARE UNIT,*Unspecified,,66604,20177003603.0
12305,1500 SW 10th Ave,Topeka,SHAWNEE,TRANSITIONAL CARE UNIT,*Unspecified,,66604,20177003603.0
12306,1500 SW 10th Ave,Topeka,SHAWNEE,TRANSITIONAL CARE UNIT,*Unspecified,,66604,20177003603.0
12307,1500 SW 10th Ave,Topeka,SHAWNEE,TRANSITIONAL CARE UNIT,*Unspecified,,66604,20177003603.0
12308,1500 SW 10th Ave,Topeka,SHAWNEE,TRANSITIONAL CARE UNIT,*Unspecified,,66604,20177003603.0
12309,1500 SW 10th Ave,Topeka,SHAWNEE,TRANSITIONAL CARE UNIT,*Unspecified,,66604,20177003603.0
12310,1500 SW 10th Ave,Topeka,SHAWNEE,TRANSITIONAL CARE UNIT,*Unspecified,,66604,20177003603.0
12311,,,*Unspecified,*Unspecified,*Unspecified,*Unspecified,,
12312,1110 St Marys Rd,JUNCTION CITY,GEARY,FHC NEPHROLOGY,Nephrology,,66441,20061000800.0
12313,1102 St Marys Rd,JUNCTION CITY,GEARY,FHC INFECTIOUS DISEASE,Infectious Diseases,,66441,20061000800.0
12314,1500 SW 10th Ave,Topeka,SHAWNEE,PERIOP SERVICES,*Unspecified,OR,66604,20177003603.0
12315,,,*Unspecified,*Unspecified,*Unspecified,*Unspecified,,
12316,,,*Unspecified,*Unspecified,*Unspecified,*Unspecified,,
12317,,,*Unspecified,*Unspecified,*Unspecified,*Unspecified,,
12318,,,*Unspecified,*Unspecified,*Unspecified,*Unspecified,,
12319,,,*Unspecified,*Unspecified,*Unspecified,*Unspecified,,
12320,,,*Unspecified,*Unspecified,*Unspecified,*Unspecified,,
12321,,,*Unspecified,*Unspecified,*Unspecified,*Unspecified,,
12322,,,*Unspecified,*Unspecified,*Unspecified,*Unspecified,,
12323,,,*Unspecified,*Unspecified,*Unspecified,*Unspecified,,
12324,,,*Unspecified,*Unspecified,*Unspecified,*Unspecified,,
12325,,,*Unspecified,*Unspecified,*Unspecified,*Unspecified,,
12326,,,*Unspecified,*Unspecified,*Unspecified,*Unspecified,,
12327,,,*Unspecified,*Unspecified,*Unspecified,*Unspecified,,
12328,,,*Unspecified,*Unspecified,*Unspecified,*Unspecified,,
12329,,,*Unspecified,*Unspecified,*Unspecified,*Unspecified,,
12330,,,*Unspecified,*Unspecified,*Unspecified,*Unspecified,,
12331,,,*Unspecified,*Unspecified,*Unspecified,*Unspecified,,
12332,,,*Unspecified,*Unspecified,*Unspecified,*Unspecified,,
12333,,,*Unspecified,*Unspecified,*Unspecified,*Unspecified,,
12334,,,*Unspecified,*Unspecified,*Unspecified,*Unspecified,,
12335,,,*Unspecified,*Unspecified,*Unspecified,*Unspecified,,
12336,,,*Unspecified,*Unspecified,*Unspecified,*Unspecified,,
12337,,,*Unspecified,*Unspecified,*Unspecified,*Unspecified,,
12338,,,*Unspecified,*Unspecified,*Unspecified,*Unspecified,,
12339,,,*Unspecified,*Unspecified,*Unspecified,*Unspecified,,
12340,,,*Unspecified,*Unspecified,*Unspecified,*Unspecified,,
12341,,,*Unspecified,*Unspecified,*Unspecified,*Unspecified,,
12342,,,*Unspecified,*Unspecified,*Unspecified,*Unspecified,,
12343,,,*Unspecified,*Unspecified,*Unspecified,*Unspecified,,
12344,,,*Unspecified,*Unspecified,*Unspecified,*Unspecified,,
12345,,,*Unspecified,*Unspecified,*Unspecified,*Unspecified,,
12346,,,*Unspecified,*Unspecified,*Unspecified,*Unspecified,,
12347,,,*Unspecified,*Unspecified,*Unspecified,*Unspecified,,
12348,,,*Unspecified,*Unspecified,*Unspecified,*Unspecified,,
12349,,,*Unspecified,*Unspecified,*Unspecified,*Unspecified,,
12350,,,*Unspecified,*Unspecified,*Unspecified,*Unspecified,,
12351,,,*Unspecified,*Unspecified,*Unspecified,*Unspecified,,
12352,,,*Unspecified,*Unspecified,*Unspecified,*Unspecified,,
12353,,,*Unspecified,*Unspecified,*Unspecified,*Unspecified,,
12354,,,*Unspecified,*Unspecified,*Unspecified,*Unspecified,,
12355,,,*Unspecified,*Unspecified,*Unspecified,*Unspecified,,
12356,1102 St Marys Rd,JUNCTION CITY,GEARY,FHC PEDS HOSPITALIST,Pediatrics,,66441,20061000800.0
12357,1500 SW 10th Ave,TOPEKA,SHAWNEE,NEONATAL NP PROVIDERS,Neonatology,,66604,20177003603.0
12358,1102 St Marys Rd,Junction City,GEARY,FHC EMERGENCY,Emergency Medicine,ED,66441,20061000800.0
12359,1102 St Marys Rd,Junction City,GEARY,FHC EMERGENCY,Emergency Medicine,ED,66441,20061000800.0
12360,,,*Unspecified,*Unspecified,*Unspecified,*Unspecified,,
12361,,,*Unspecified,*Unspecified,*Unspecified,*Unspecified,,
12362,,,*Unspecified,*Unspecified,*Unspecified,*Unspecified,,
12363,,,*Unspecified,*Unspecified,*Unspecified,*Unspecified,,
12364,1610 SW 37th St,TOPEKA,SHAWNEE,MCCRITE PLAZA SOUTH,,,66611,20177002800.0
12365,,,*Unspecified,*Unspecified,*Unspecified,*Unspecified,,
12366,,,*Unspecified,*Unspecified,*Unspecified,*Unspecified,,
12367,,,*Unspecified,*Unspecified,*Unspecified,*Unspecified,,
12368,,,*Unspecified,*Unspecified,*Unspecified,*Unspecified,,
12369,,,*Unspecified,*Unspecified,*Unspecified,*Unspecified,,
12370,,,*Unspecified,*Unspecified,*Unspecified,*Unspecified,,
12371,,,*Unspecified,*Unspecified,*Unspecified,*Unspecified,,
12372,,,*Unspecified,*Unspecified,*Unspecified,*Unspecified,,
12373,,,*Unspecified,*Unspecified,*Unspecified,*Unspecified,,
12374,2025 Little Kitten Ave,MANHATTAN,RILEY,STONEYBROOK HEALTH & REHAB,,,66502,20161000900.0
12375,1610 SW 37th St,TOPEKA,SHAWNEE,MCCRITE PLAZA NORTH,,,66611,20177002800.0
12376,,,*Unspecified,*Unspecified,*Unspecified,*Unspecified,,
12377,,,*Unspecified,*Unspecified,*Unspecified,*Unspecified,,
12378,2910 W Hwy 50 Suite D,EMPORIA,LYON,ANGELS CARE HOSPICE - EMPORIA,,,66801,20111000300.0
12379,,,*Unspecified,*Unspecified,*Unspecified,*Unspecified,,
12380,,,*Unspecified,*Unspecified,*Unspecified,*Unspecified,,
12381,,,*Unspecified,*Unspecified,*Unspecified,*Unspecified,,
12382,,,*Unspecified,*Unspecified,*Unspecified,*Unspecified,,
12383,,,*Unspecified,*Unspecified,*Unspecified,*Unspecified,,
12384,,,*Unspecified,*Unspecified,*Unspecified,*Unspecified,,
12385,,,*Unspecified,*Unspecified,*Unspecified,*Unspecified,,
12386,,,*Unspecified,*Unspecified,*Unspecified,*Unspecified,,
12387,,,*Unspecified,*Unspecified,*Unspecified,*Unspecified,,
12388,,,*Unspecified,*Unspecified,*Unspecified,*Unspecified,,
12389,1610 SW 37th St,TOPEKA,SHAWNEE,MCCRITE ASSISTED/INDEPENDENT LIVING,,,66611,20177002800.0
12390,,,*Unspecified,*Unspecified,*Unspecified,*Unspecified,,
12391,,,*Unspecified,*Unspecified,*Unspecified,*Unspecified,,
12392,,,*Unspecified,*Unspecified,*Unspecified,*Unspecified,,
12393,,,*Unspecified,*Unspecified,*Unspecified,*Unspecified,,
12394,1500 SW 10th Ave,Topeka,SHAWNEE,EMERGENCY DEPARTMENT,Emergency Medicine,ED,66604,20177003603.0
12395,1500 SW 10th Ave,Topeka,SHAWNEE,EMERGENCY DEPARTMENT,Emergency Medicine,ED,66604,20177003603.0
12396,800 SW Lincoln St,TOPEKA,SHAWNEE,SV LINC CTR ULTRASOUND,Radiology,,66606-1515,
12397,800 SW Lincoln St,TOPEKA,SHAWNEE,,,,66606-1515,
12398,2830 SW Urish Rd,TOPEKA,SHAWNEE,SV LINCOLN CTR URISH,Obstetrics and Gynecology,,66614-5614,
12399,2830 SW Urish Rd,TOPEKA,SHAWNEE,,,,66614-5614,
12400,2830 SW Urish Rd,TOPEKA,SHAWNEE,SV LC URISH LAB,Lab,,66614-5614,
12401,2830 SW Urish Rd,TOPEKA,SHAWNEE,SV LC URISH ULTRASOUND,Radiology,,66614-5614,
12402,800 SW Lincoln St,TOPEKA,SHAWNEE,SV LINCOLN CENTER,Obstetrics and Gynecology,,66606-1515,
12403,800 SW Lincoln St,TOPEKA,SHAWNEE,SV LINCOLN CENTER LAB,Lab,,66606-1515,
12404,1500 SW 10th Ave,Topeka,SHAWNEE,EMERGENCY DEPARTMENT,Emergency Medicine,ED,66604,20177003603.0
12405,1102 St Marys Rd,Junction City,GEARY,FHC EMERGENCY,Emergency Medicine,ED,66441,20061000800.0
12406,1102 St Marys Rd,Junction City,GEARY,FHC EMERGENCY,Emergency Medicine,ED,66441,20061000800.0
12407,,,,,,,,
12408,,,,,,,,
12409,,,,,,,,
12410,1414 SW 8th Ave,Topeka,*Unspecified,CC HEMATOLOGY ONCOLOGY,Hematology and Oncology,,66606,20177000500.0
12411,,,*Unspecified,*Unspecified,*Unspecified,*Unspecified,,
12412,,,*Unspecified,*Unspecified,*Unspecified,*Unspecified,,
12413,,,*Unspecified,*Unspecified,*Unspecified,*Unspecified,,
12414,,,*Unspecified,*Unspecified,*Unspecified,*Unspecified,,
12415,,,*Unspecified,*Unspecified,*Unspecified,*Unspecified,,
12416,,,*Unspecified,*Unspecified,*Unspecified,*Unspecified,,
12417,,,*Unspecified,*Unspecified,*Unspecified,*Unspecified,,
12418,901 SW Garfield Ave,TOPEKA,SHAWNEE,CHRONIC CARE MNGMNT,Primary Care,,66606,20177000500.0
12419,830 SW Lane St,TOPEKA,SHAWNEE,STORMONT VAIL PHARMACY,Pharmacy,,66606-2487,
12420,,,,,,,,
12421,"830 SW Lane, Suite A",TOPEKA,SHAWNEE,MATERNAL FETAL LAB SV,Lab,,66606,20177000500.0
12422,,,*Unspecified,,,,,
12423,830 SW Lane St,TOPEKA,SHAWNEE,SV PHARMACY IMM CLINIC,Internal Medicine,,66606-2487,
12424,830 SW Lane St,TOPEKA,SHAWNEE,,,,66606-2487,
12425,"830 SW Lane St, Suite A",TOPEKA,SHAWNEE,MATERNAL FETAL MED SV,Maternal and Fetal Medicine,,66606,20177000500.0
12426,,,*Unspecified,*Unspecified,*Unspecified,*Unspecified,,
12427,,,,,,,,
12428,,,*Unspecified,*Unspecified,*Unspecified,*Unspecified,,
12429,,,*Unspecified,*Unspecified,*Unspecified,*Unspecified,,
12430,,,*Unspecified,*Unspecified,*Unspecified,*Unspecified,,
12431,,,*Unspecified,*Unspecified,*Unspecified,*Unspecified,,
12432,,,*Unspecified,*Unspecified,*Unspecified,*Unspecified,,
12433,,,*Unspecified,*Unspecified,*Unspecified,*Unspecified,,
12434,,,*Unspecified,*Unspecified,*Unspecified,*Unspecified,,
12435,,,*Unspecified,*Unspecified,*Unspecified,*Unspecified,,
12436,,,*Unspecified,*Unspecified,*Unspecified,*Unspecified,,
12437,,,*Unspecified,*Unspecified,*Unspecified,*Unspecified,,
12438,,,*Unspecified,*Unspecified,*Unspecified,*Unspecified,,
12439,,,*Unspecified,*Unspecified,*Unspecified,*Unspecified,,
12440,,,*Unspecified,*Unspecified,*Unspecified,*Unspecified,,
12441,,,*Unspecified,*Unspecified,*Unspecified,*Unspecified,,
12442,,,*Unspecified,*Unspecified,*Unspecified,*Unspecified,,
12443,,,*Unspecified,*Unspecified,*Unspecified,*Unspecified,,
12444,,,,,,,,
12445,1500 SW 10th Ave,Topeka,SHAWNEE,EMERGENCY DEPARTMENT,Emergency Medicine,ED,66604,20177003603.0
12446,,,*Unspecified,*Unspecified,*Unspecified,*Unspecified,,
12447,,,*Unspecified,*Unspecified,*Unspecified,*Unspecified,,
12448,,,*Unspecified,*Unspecified,*Unspecified,*Unspecified,,
12449,,,*Unspecified,*Unspecified,*Unspecified,*Unspecified,,
12450,,,,,,,,
12451,,,,,,,,
12452,1500 SW 10th Ave,Topeka,SHAWNEE,EMERGENCY DEPARTMENT,Emergency Medicine,ED,66604,20177003603.0
12453,,,,,,,,
12454,,,*Unspecified,*Unspecified,*Unspecified,*Unspecified,,
12455,,,*Unspecified,*Unspecified,*Unspecified,*Unspecified,,
12456,,,*Unspecified,*Unspecified,*Unspecified,*Unspecified,,
12457,,,*Unspecified,*Unspecified,*Unspecified,*Unspecified,,
12458,,,*Unspecified,*Unspecified,*Unspecified,*Unspecified,,
12459,,,*Unspecified,*Unspecified,*Unspecified,*Unspecified,,
12460,,,*Unspecified,*Unspecified,*Unspecified,*Unspecified,,
12461,,,*Unspecified,*Unspecified,*Unspecified,*Unspecified,,
12462,,,*Unspecified,*Unspecified,*Unspecified,*Unspecified,,
12463,,,*Unspecified,*Unspecified,*Unspecified,*Unspecified,,
12464,,,*Unspecified,*Unspecified,*Unspecified,*Unspecified,,
12465,,,*Unspecified,*Unspecified,*Unspecified,*Unspecified,,
12466,,,*Unspecified,*Unspecified,*Unspecified,*Unspecified,,
12467,,,*Unspecified,*Unspecified,*Unspecified,*Unspecified,,
12468,,,*Unspecified,*Unspecified,*Unspecified,*Unspecified,,
12469,,,*Unspecified,*Unspecified,*Unspecified,*Unspecified,,
12470,,,*Unspecified,*Unspecified,*Unspecified,*Unspecified,,
12471,,,,,,,,
12472,,,,,,,,
12473,1102 St Marys Rd,Junction City,GEARY,FHC PAIN CLINIC,Pain Medicine,HOD,66441,20061000800.0
12474,1102 St Marys Rd,Junction City,GEARY,FHC PAIN CLINIC,Pain Medicine,HOD,66441,20061000800.0
12475,1102 St Marys Rd,Junction City,GEARY,,,,66441,20061000800.0
12476,,,*Unspecified,*Unspecified,*Unspecified,*Unspecified,,
12477,,,,,,,,
12478,,,*Unspecified,*Unspecified,*Unspecified,*Unspecified,,
12479,,,,,,,,
12480,,,*Unspecified,*Unspecified,*Unspecified,*Unspecified,,
12481,,,*Unspecified,*Unspecified,*Unspecified,*Unspecified,,
12482,,,*Unspecified,*Unspecified,*Unspecified,*Unspecified,,
12483,,,*Unspecified,*Unspecified,*Unspecified,*Unspecified,,
12484,,,*Unspecified,*Unspecified,*Unspecified,*Unspecified,,
12485,,,*Unspecified,*Unspecified,*Unspecified,*Unspecified,,
12486,,,*Unspecified,*Unspecified,*Unspecified,*Unspecified,,
12487,,,*Unspecified,*Unspecified,*Unspecified,*Unspecified,,
12488,,,*Unspecified,*Unspecified,*Unspecified,*Unspecified,,
12489,,,*Unspecified,*Unspecified,*Unspecified,*Unspecified,,
12490,6732 SW 17th St,TOPEKA,SHAWNEE,CEDARHURST,,,66615,20177003601.0
12491,2 E Ash St,HERINGTON,DICKINSON,LEGACY AT HERINGTON,,,67449,20041984500.0
12492,,,,,,,,
12493,,,,,,,,
12494,1301 W 12th Ave,EMPORIA,LYON,EMPORIA WORKCARE,Occupational Medicine,,66801,20111000300.0
12495,1102 St Marys Rd,Junction City,GEARY,FHC EMERGENCY,Emergency Medicine,ED,66441,20061000800.0
12496,,,,,,,,
12497,1105 Sunset Ave,MANHATTAN,RILEY,LAFENE HEALTH CENTER,,,66502,20161000900.0
12498,1500SW 10th Ave,TOPEKA,SHAWNEE,SV DIABETES SUPPORT,Diabetes Services,,66604,20177003603.0
12500,1115 SW Harrison St,TOPEKA,SHAWNEE,KHEL- KANSAS HEALTH AND ENVIRONMENTAL LABORATORIES,,,66612,20177000500.0
12501,1110 St Marys RD,JUNCTION CITY,GEARY,FHC CLINIC LAB,*Unspecified,,66441,20061000800.0
12504,1102 St Marys Rd,Junction City,GEARY,FHC ED IMAGING DEPT,Radiology,HOD,66441,20061000800.0
12505,1500 SW 10th Ave,Topeka,SHAWNEE,CVOPC,*Unspecified,,66604,20177003603.0
12506,1500 SW 10th Ave,Topeka,SHAWNEE,CVOPC,*Unspecified,,66604,20177003603.0
12507,1500 SW 10th Ave,Topeka,SHAWNEE,CVOPC,*Unspecified,,66604,20177003603.0
12508,1500 SW 10th Ave,Topeka,SHAWNEE,CVOPC,*Unspecified,,66604,20177003603.0
12509,1500 SW 10th Ave,Topeka,SHAWNEE,CVOPC,*Unspecified,,66604,20177003603.0
12510,1500 SW 10th Ave,Topeka,SHAWNEE,CVOPC,*Unspecified,,66604,20177003603.0
12511,1500 SW 10th Ave,Topeka,SHAWNEE,CVOPC,*Unspecified,,66604,20177003603.0
12512,1500 SW 10th Ave,Topeka,SHAWNEE,CVOPC,*Unspecified,,66604,20177003603.0
12513,1500 SW 10th Ave,Topeka,SHAWNEE,CVOPC,*Unspecified,,66604,20177003603.0
12514,1500 SW 10th Ave,Topeka,SHAWNEE,CVOPC,*Unspecified,,66604,20177003603.0
12515,1500 SW 10th Ave,Topeka,SHAWNEE,CVOPC,*Unspecified,,66604,20177003603.0
12516,1500 SW 10th Ave,Topeka,SHAWNEE,CVOPC,*Unspecified,,66604,20177003603.0
12517,1500 SW 10th Ave,Topeka,SHAWNEE,CVOPC,*Unspecified,,66604,20177003603.0
12518,1500 SW 10th Ave,Topeka,SHAWNEE,CVOPC,*Unspecified,,66604,20177003603.0
12519,1500 SW 10th Ave,Topeka,SHAWNEE,CVOPC,*Unspecified,,66604,20177003603.0
12520,1500 SW 10th Ave,Topeka,SHAWNEE,CVOPC,*Unspecified,,66604,20177003603.0
12521,1500 SW 10th Ave,Topeka,SHAWNEE,CVOPC,*Unspecified,,66604,20177003603.0
12522,1500 SW 10th Ave,Topeka,SHAWNEE,CVOPC,*Unspecified,,66604,20177003603.0
12523,200 Maine St Ste B,LAWRENCE,DOUGLAS,LAWRENCE-DOUGLAS COUNTY PUBLIC HEALTH,,,66044,20045001500.0
12526,1102 St Marys Rd,Junction City,GEARY,FHC EMERGENCY,Emergency Medicine,ED,66441,20061000800.0
12527,1500 SW 10th Ave,Topeka,SHAWNEE,CVOPC,*Unspecified,,66604,20177003603.0
12534,2015 SE 10th Ave,TOPEKA,SHAWNEE,ADVENA LIVING ON TENTH,,,66607,20177003901.0
12536,505 N Main,ESKRIDGE,WABAUNSEE,ESKRIDGE CARE AND REHAB,,,66423,20197483200.0
12537,1017 Main St,OSAGE CITY,OSAGE,OSAGE NURSING AND REHABILITATION CENTER,,,66523,20139010400.0
12538,5015 SW 28th St,TOPEKA,SHAWNEE,TANGLEWOOD HEALTH AND REHAB,,,66614,20177003603.0
12539,700 W 7th St,OVERBROOK,OSAGE,BROOKSIDE HEALTH AND REHAB,,,66524,20045001400.0
12540,720 SW Lane St,Topeka,SHAWNEE,SV DHC ENDOSCOPY,Gastroenterology,HOD,66606,20177000500.0
12542,1110 St Marys Rd,JUNCTION CITY,GEARY,FHC DLC,Endocrinology,,66441,20061000800.0
12543,1110 St Marys Rd,JUNCTION CITY,GEARY,FHC ENDOCRINE,Endocrinology,,66441,20061000800.0
12546,1102 St Marys Rd,Junction City,GEARY,FHC EMERGENCY,Emergency Medicine,ED,66441,20061000800.0
12549,,,,,,,,
12550,1301 W 12th Ave,EMPORIA,LYON,EMPORIA HEART FAILURE CLINIC,Cardiology,,66801,20111000300.0
12551,1102 St Marys Rd,Junction City,GEARY,SV LAB NATERA LABORATORY,Lab,,66441,20061000800.0
12555,,,*Unspecified,EXTERNAL REFERRAL DEPARTMENT,*Unspecified,,,
12557,,,*Unspecified,*Unspecified,*Unspecified,*Unspecified,,
12558,,,*Unspecified,*Unspecified,*Unspecified,*Unspecified,,
12559,,,*Unspecified,*Unspecified,*Unspecified,*Unspecified,,
12560,,,*Unspecified,*Unspecified,*Unspecified,*Unspecified,,
12561,,,*Unspecified,*Unspecified,*Unspecified,*Unspecified,,
12562,,,*Unspecified,*Unspecified,*Unspecified,*Unspecified,,
12563,,,*Unspecified,*Unspecified,*Unspecified,*Unspecified,,
12564,,,*Unspecified,*Unspecified,*Unspecified,*Unspecified,,
12565,,,*Unspecified,*Unspecified,*Unspecified,*Unspecified,,
12566,,,*Unspecified,*Unspecified,*Unspecified,*Unspecified,,
12567,,,*Unspecified,*Unspecified,*Unspecified,*Unspecified,,
12568,,,*Unspecified,*Unspecified,*Unspecified,*Unspecified,,
12569,,,*Unspecified,*Unspecified,*Unspecified,*Unspecified,,
12570,,,*Unspecified,*Unspecified,*Unspecified,*Unspecified,,
12571,,,*Unspecified,*Unspecified,*Unspecified,*Unspecified,,
12572,,,*Unspecified,*Unspecified,*Unspecified,*Unspecified,,
12573,,,*Unspecified,*Unspecified,*Unspecified,*Unspecified,,
12574,,,*Unspecified,*Unspecified,*Unspecified,*Unspecified,,
12576,2515 SW Wanamaker Rd,TOPEKA,SHAWNEE,BROOKFIELD POST ACUTE,,,66614,20177003603.0
12578,,,*Unspecified,*Unspecified,*Unspecified,*Unspecified,,
12579,,,*Unspecified,*Unspecified,*Unspecified,*Unspecified,,
12580,,,*Unspecified,*Unspecified,*Unspecified,*Unspecified,,
12581,,,,,,,,
12582,2660 SW 3rd Street,TOPEKA,SHAWNEE,KANZA SPORTS MEDICINE,Orthopedic Surgery,,66606,20177000500.0
12585,1500 SW 10th Ave,Topeka,SHAWNEE,EMERGENCY DEPARTMENT,Emergency Medicine,ED,66604,20177003603.0
12587,1102 St Marys Rd,Junction City,GEARY,FHC EMERGENCY,Emergency Medicine,ED,66441,20061000800.0
12588,1102 St Marys Rd,Junction City,GEARY,FHC EMERGENCY,Emergency Medicine,ED,66441,20061000800.0
12593,1110 St Marys Rd,JUNCTION CITY,GEARY,FHC BEHAVIORAL HEALTH,Psychiatry,,66441,20061000800.0
12595,,,*Unspecified,*Unspecified,*Unspecified,*Unspecified,,
12596,,,*Unspecified,*Unspecified,*Unspecified,*Unspecified,,
12597,,,*Unspecified,*Unspecified,*Unspecified,*Unspecified,,
12598,1500 SW 10th Ave,Topeka,SHAWNEE,CVOPC,*Unspecified,,66604,20177003603.0
12599,1500 SW 10th Ave,Topeka,SHAWNEE,CVOPC,*Unspecified,,66604,20177003603.0
12600,1500 SW 10th Ave,Topeka,SHAWNEE,CVOPC,*Unspecified,,66604,20177003603.0
12601,1500 SW 10th Ave,Topeka,SHAWNEE,CVOPC,*Unspecified,,66604,20177003603.0
12602,1500 SW 10th Ave,Topeka,SHAWNEE,CVOPC,*Unspecified,,66604,20177003603.0
12603,1500 SW 10th Ave,Topeka,SHAWNEE,CVOPC,*Unspecified,,66604,20177003603.0
12604,1500 SW 10th Ave,Topeka,SHAWNEE,CVOPC,*Unspecified,,66604,20177003603.0
12605,1500 SW 10th Ave,Topeka,SHAWNEE,CVOPC,*Unspecified,,66604,20177003603.0
12606,1500 SW 10th Ave,Topeka,SHAWNEE,CVOPC,*Unspecified,,66604,20177003603.0
12607,1500 SW 10th Ave,Topeka,SHAWNEE,CVOPC,*Unspecified,,66604,20177003603.0
12608,1500 SW 10th Ave,Topeka,SHAWNEE,CVOPC,*Unspecified,,66604,20177003603.0
12609,1500 SW 10th Ave,Topeka,SHAWNEE,CVOPC,*Unspecified,,66604,20177003603.0
12610,1500 SW 10th Ave,Topeka,SHAWNEE,CVOPC,*Unspecified,,66604,20177003603.0
12611,1500 SW 10th Ave,Topeka,SHAWNEE,CVOPC,*Unspecified,,66604,20177003603.0
12612,1500 SW 10th Ave,Topeka,SHAWNEE,CVOPC,*Unspecified,,66604,20177003603.0
12613,1500 SW 10th Ave,Topeka,SHAWNEE,CVOPC,*Unspecified,,66604,20177003603.0
12614,1500 SW 10th Ave,Topeka,SHAWNEE,CVOPC,*Unspecified,,66604,20177003603.0
12615,1500 SW 10th Ave,Topeka,SHAWNEE,CVOPC,*Unspecified,,66604,20177003603.0
12616,1500 SW 10th Ave,Topeka,SHAWNEE,CVOPC,*Unspecified,,66604,20177003603.0
12617,1500 SW 10th Ave,Topeka,SHAWNEE,CVOPC,*Unspecified,,66604,20177003603.0
12618,1500 SW 10th Ave,Topeka,SHAWNEE,CVOPC,*Unspecified,,66604,20177003603.0
12619,1500 SW 10th Ave,Topeka,SHAWNEE,CVOPC,*Unspecified,,66604,20177003603.0
12620,1500 SW 10th Ave,Topeka,SHAWNEE,CVOPC,*Unspecified,,66604,20177003603.0
12621,1500 SW 10th Ave,Topeka,SHAWNEE,CVOPC,*Unspecified,,66604,20177003603.0
12622,1500 SW 10th Ave,Topeka,SHAWNEE,CVOPC,*Unspecified,,66604,20177003603.0
12623,1500 SW 10th Ave,Topeka,SHAWNEE,CVOPC,*Unspecified,,66604,20177003603.0
12624,1500 SW 10th Ave,Topeka,SHAWNEE,CVOPC,*Unspecified,,66604,20177003603.0
12625,1500 SW 10th Ave,Topeka,SHAWNEE,CVOPC,*Unspecified,,66604,20177003603.0
12626,1500 SW 10th Ave,Topeka,SHAWNEE,CVOPC,*Unspecified,,66604,20177003603.0
12627,1500 SW 10th Ave,Topeka,SHAWNEE,CVOPC,*Unspecified,,66604,20177003603.0
12628,1500 SW 10th Ave,Topeka,SHAWNEE,CVOPC,*Unspecified,,66604,20177003603.0
12629,1500 SW 10th Ave,Topeka,SHAWNEE,CVOPC,*Unspecified,,66604,20177003603.0
12630,1500 SW 10th Ave,Topeka,SHAWNEE,CVOPC,*Unspecified,,66604,20177003603.0
12631,1500 SW 10th Ave,Topeka,SHAWNEE,CVOPC,*Unspecified,,66604,20177003603.0
12632,1500 SW 10th Ave,Topeka,SHAWNEE,CVOPC,*Unspecified,,66604,20177003603.0
12633,1500 SW 10th Ave,Topeka,SHAWNEE,CVOPC,*Unspecified,,66604,20177003603.0
12634,1500 SW 10th Ave,Topeka,SHAWNEE,CVOPC,*Unspecified,,66604,20177003603.0
12635,1500 SW 10th Ave,Topeka,SHAWNEE,CVOPC,*Unspecified,,66604,20177003603.0
12636,1500 SW 10th Ave,Topeka,SHAWNEE,CVOPC,*Unspecified,,66604,20177003603.0
12637,1500 SW 10th Ave,Topeka,SHAWNEE,CVOPC,*Unspecified,,66604,20177003603.0
12638,1500 SW 10th Ave,Topeka,SHAWNEE,CVOPC,*Unspecified,,66604,20177003603.0
12639,1500 SW 10th Ave,Topeka,SHAWNEE,CVOPC,*Unspecified,,66604,20177003603.0
12640,1500 SW 10th Ave,Topeka,SHAWNEE,CVOPC,*Unspecified,,66604,20177003603.0
12641,1500 SW 10th Ave,Topeka,SHAWNEE,CVOPC,*Unspecified,,66604,20177003603.0
12642,1500 SW 10th Ave,Topeka,SHAWNEE,CVOPC,*Unspecified,,66604,20177003603.0
12643,1500 SW 10th Ave,Topeka,SHAWNEE,CVOPC,*Unspecified,,66604,20177003603.0
12644,1500 SW 10th Ave,Topeka,SHAWNEE,CVOPC,*Unspecified,,66604,20177003603.0
12645,1500 SW 10th Ave,Topeka,SHAWNEE,CVOPC,*Unspecified,,66604,20177003603.0
12646,1500 SW 10th Ave,Topeka,SHAWNEE,CVOPC,*Unspecified,,66604,20177003603.0
12647,1500 SW 10th Ave,Topeka,SHAWNEE,CVOPC,*Unspecified,,66604,20177003603.0
12648,1500 SW 10th Ave,Topeka,SHAWNEE,CVOPC,*Unspecified,,66604,20177003603.0
12649,1500 SW 10th Ave,Topeka,SHAWNEE,CVOPC,*Unspecified,,66604,20177003603.0
12652,1829 College Ave,MANHATTAN,RILEY,MANHATTAN SURGICAL HOSPITAL - EXPOSURE,,,66502,20161000900.0
12654,,,*Unspecified,*Unspecified,*Unspecified,*Unspecified,,
12655,,,*Unspecified,*Unspecified,*Unspecified,*Unspecified,,
12656,,,*Unspecified,*Unspecified,*Unspecified,*Unspecified,,
12657,,,*Unspecified,*Unspecified,*Unspecified,*Unspecified,,
12658,,,*Unspecified,*Unspecified,*Unspecified,*Unspecified,,
12659,,,*Unspecified,*Unspecified,*Unspecified,*Unspecified,,
12660,1500 SW 10th AVE,Topeka,*Unspecified,PERIOP SERVICES,*Unspecified,OR,66604-1301,
12664,1500 SW 10th Ave,Topeka,SHAWNEE,5 NORTH,*Unspecified,,66604,20177003603.0
12665,1414 SW 8th Ave,TOPEKA,SHAWNEE,CC INFUSION,Infusion Therapy,,66606,20177000500.0
12667,2860 SW Mission Woods Drive,TOPEKA,SHAWNEE,MISSION WOODS BEHAVIOR MED,Psychiatry,,66614,20177003603.0
12669,,,*Unspecified,*Unspecified,*Unspecified,*Unspecified,,
12670,1102 St Marys Rd,JUNCTION CITY,GEARY,FHC DME,Primary Care,,66441,20061000800.0
12674,1102 St Marys Rd,Junction City,GEARY,FHC EMERGENCY,Emergency Medicine,ED,66441,20061000800.0
12675,1500 SW 10th Ave,Topeka,SHAWNEE,EMERGENCY DEPARTMENT,Emergency Medicine,ED,66604,20177003603.0
12676,,,,,,,,
12677,,,,,,,,
12678,1500 SW 10th Ave,Topeka,SHAWNEE,EMERGENCY DEPARTMENT,Emergency Medicine,ED,66604,20177003603.0
12679,800 SW Lincoln St,TOPEKA,SHAWNEE,SV LINCOLN CENTER BEHAVIOR MED,Psychiatry,,66606-1515,
12681,1500 SW 10th Ave,TOPEKA,SHAWNEE,SV VIRTUAL NURSING,*Unspecified,,66604,20177003603.0
12682,,,*Unspecified,*Unspecified,*Unspecified,*Unspecified,,
12683,,,*Unspecified,*Unspecified,*Unspecified,*Unspecified,,
12684,,,*Unspecified,*Unspecified,*Unspecified,*Unspecified,,
12685,,,*Unspecified,*Unspecified,*Unspecified,*Unspecified,,
12686,,,*Unspecified,*Unspecified,*Unspecified,*Unspecified,,
12687,,,*Unspecified,*Unspecified,*Unspecified,*Unspecified,,
12688,,,*Unspecified,*Unspecified,*Unspecified,*Unspecified,,
12689,,,*Unspecified,*Unspecified,*Unspecified,*Unspecified,,
12690,1500 SW 10th Ave,Topeka,SHAWNEE,DIALYSIS,*Unspecified,HOD,66604,20177003603.0
12691,1500 SW 10th Ave,Topeka,SHAWNEE,DIALYSIS,*Unspecified,HOD,66604,20177003603.0
12692,,,*Unspecified,*Unspecified,*Unspecified,*Unspecified,,
12693,1500 SW 10th Ave,Topeka,SHAWNEE,DIALYSIS,*Unspecified,HOD,66604,20177003603.0
12694,1500 SW 10th Ave,Topeka,SHAWNEE,DIALYSIS,*Unspecified,HOD,66604,20177003603.0
12695,1500 SW 10th Ave,Topeka,SHAWNEE,DIALYSIS,*Unspecified,HOD,66604,20177003603.0
12696,1500 SW 10th Ave,Topeka,SHAWNEE,DIALYSIS,*Unspecified,HOD,66604,20177003603.0
12697,1500 SW 10th Ave,Topeka,SHAWNEE,DIALYSIS,*Unspecified,HOD,66604,20177003603.0
12698,1500 SW 10th Ave,Topeka,SHAWNEE,DIALYSIS,*Unspecified,HOD,66604,20177003603.0
12699,,,*Unspecified,*Unspecified,*Unspecified,*Unspecified,,
12700,1500 SW 10th Ave,Topeka,SHAWNEE,DIALYSIS,*Unspecified,HOD,66604,20177003603.0
12701,1102 St Marys Rd,Junction City,GEARY,FHC EMERGENCY,Emergency Medicine,ED,66441,20061000800.0
12702,920 SW Lane St. #200,TOPEKA,SHAWNEE,,,,66606-2550,
12703,920 SW Lane St #200,TOPEKA,SHAWNEE,TOPEKA EAR NOSE AND THROAT IMAGING,Radiology,,66606,20177000500.0
12704,920 SW Lane St. #200,TOPEKA,SHAWNEE,,,,66606-2550,
12705,920 SW Lane St. #200,TOPEKA,SHAWNEE,TENT BUSINESS OFFICE,*Unspecified,,66606-2550,
12706,920 SW Lane St #200,TOPEKA,SHAWNEE,TOPEKA EAR NOSE AND THROAT LAB,Lab,,66606,20177000500.0
12707,920 SW Lane St #200,TOPEKA,SHAWNEE,TOPEKA EAR NOSE AND THROAT,Otolaryngology,,66606,20177000500.0
12708,,,*Unspecified,*Unspecified,*Unspecified,*Unspecified,,
12709,,,*Unspecified,*Unspecified,*Unspecified,*Unspecified,,
12710,,,*Unspecified,*Unspecified,*Unspecified,*Unspecified,,
12711,,,*Unspecified,*Unspecified,*Unspecified,*Unspecified,,
12712,,,*Unspecified,*Unspecified,*Unspecified,*Unspecified,,
12713,,,*Unspecified,*Unspecified,*Unspecified,*Unspecified,,
12714,,,*Unspecified,*Unspecified,*Unspecified,*Unspecified,,
12715,1325 Research Park Dr,MANHATTAN,RILEY,MHK Community Health Fair,,,66502,20161000900.0
12716,,,*Unspecified,*Unspecified,*Unspecified,*Unspecified,,
12717,,,*Unspecified,*Unspecified,*Unspecified,*Unspecified,,
12718,,,*Unspecified,*Unspecified,*Unspecified,*Unspecified,,
12719,,,*Unspecified,*Unspecified,*Unspecified,*Unspecified,,
12720,,,*Unspecified,*Unspecified,*Unspecified,*Unspecified,,
12721,,,*Unspecified,*Unspecified,*Unspecified,*Unspecified,,
12722,,,*Unspecified,*Unspecified,*Unspecified,*Unspecified,,
12723,,,*Unspecified,*Unspecified,*Unspecified,*Unspecified,,
12724,,,*Unspecified,*Unspecified,*Unspecified,*Unspecified,,
12725,,,*Unspecified,*Unspecified,*Unspecified,*Unspecified,,
12726,,,*Unspecified,*Unspecified,*Unspecified,*Unspecified,,
12727,,,*Unspecified,*Unspecified,*Unspecified,*Unspecified,,
12728,,,*Unspecified,*Unspecified,*Unspecified,*Unspecified,,
12729,,,*Unspecified,*Unspecified,*Unspecified,*Unspecified,,
12730,,,*Unspecified,*Unspecified,*Unspecified,*Unspecified,,
12731,,,*Unspecified,*Unspecified,*Unspecified,*Unspecified,,
12732,,,*Unspecified,*Unspecified,*Unspecified,*Unspecified,,
12733,,,*Unspecified,*Unspecified,*Unspecified,*Unspecified,,
12734,,,*Unspecified,*Unspecified,*Unspecified,*Unspecified,,
12735,,,*Unspecified,*Unspecified,*Unspecified,*Unspecified,,
12736,,,*Unspecified,*Unspecified,*Unspecified,*Unspecified,,
12737,,,*Unspecified,*Unspecified,*Unspecified,*Unspecified,,
12738,,,*Unspecified,*Unspecified,*Unspecified,*Unspecified,,
12739,,,*Unspecified,*Unspecified,*Unspecified,*Unspecified,,
12740,,,*Unspecified,*Unspecified,*Unspecified,*Unspecified,,
12741,,,*Unspecified,*Unspecified,*Unspecified,*Unspecified,,
12742,,,*Unspecified,*Unspecified,*Unspecified,*Unspecified,,
12743,,,*Unspecified,*Unspecified,*Unspecified,*Unspecified,,
12744,,,*Unspecified,*Unspecified,*Unspecified,*Unspecified,,
12745,3715 SW 29th Ste 100,TOPEKA,SHAWNEE,ELARA CARING - HOME HEALTH,,,66614,20177003603.0
12746,519 McCall Rd Ste 100,MANHATTAN,RILEY,DAVITA MANHATTAN DIALYSIS,,,66502,20161000900.0
12747,,,*Unspecified,*Unspecified,*Unspecified,*Unspecified,,
12748,,,*Unspecified,*Unspecified,*Unspecified,*Unspecified,,
12749,,,*Unspecified,*Unspecified,*Unspecified,*Unspecified,,
12750,1102 St Marys Rd,JUNCTION CITY,FURNAS,FHC DRUG SCREEN LAB,*Unspecified,,66441,20061000800.0
12751,,,*Unspecified,*Unspecified,*Unspecified,*Unspecified,,
12752,,,*Unspecified,*Unspecified,*Unspecified,*Unspecified,,
12753,,,*Unspecified,*Unspecified,*Unspecified,*Unspecified,,
12754,,,*Unspecified,*Unspecified,*Unspecified,*Unspecified,,
12755,,,*Unspecified,*Unspecified,*Unspecified,*Unspecified,,
12756,,,*Unspecified,*Unspecified,*Unspecified,*Unspecified,,
12757,,,*Unspecified,*Unspecified,*Unspecified,*Unspecified,,
12758,,,*Unspecified,*Unspecified,*Unspecified,*Unspecified,,
12759,,,*Unspecified,*Unspecified,*Unspecified,*Unspecified,,
12760,,,*Unspecified,*Unspecified,*Unspecified,*Unspecified,,
12761,2134 SW Westport Dr.,TOPEKA,SHAWNEE,MIDLAND PACE,*Unspecified,,66614,20177003603.0
12762,830 SW Mulvane,TOPEKA,SHAWNEE,OUTPATIENT PALLIATIVE MEDICINE,Palliative Medicine,,66606,20177000500.0
12763,1500 SW 10th Ave,Topeka,SHAWNEE,EMERGENCY DEPARTMENT,Emergency Medicine,ED,66604,20177003603.0
12764,1130 W. 4th Street,LAWRENCE,DOUGLAS,LMH HEART CENTER,*Unspecified,,66044,20045001500.0
12765,6135 SW 17th St.,TOPEKA,SHAWNEE,TOPEKA ER & HOSPITAL,*Unspecified,,66615,20177003601.0
12766,2331 Tuttle Creek Blvd,MANHATTAN,RILEY,"CENTER POINTE PHYSICIANS, PA",*Unspecified,,66502,20161000900.0
12767,4101 Anderson Ave,MANHATTAN,RILEY,STONECREEK FAMILY PHYSICIANS,*Unspecified,,66503,20161000600.0
12768,830 Mulvane,TOPEKA,SHAWNEE,830 BEHAVIORAL MED,Psychiatry,,66606,20177000500.0
12769,,,*Unspecified,*Unspecified,*Unspecified,*Unspecified,,
12770,901 SW Garfield 2nd Floor,TOPEKA,SHAWNEE,901 NEUROLOGY 2ND,Neurology,,66606,20177000500.0
12771,2660 SW 3rd St,TOPEKA,SHAWNEE,KANZA FOOT AND ANKLE,Foot & Ankle,,66606,20177000500.0
12772,1102 St Marys Rd,Junction City,GEARY,FHC EMERGENCY,Emergency Medicine,ED,66441,20061000800.0
12773,1102 St Marys Rd,Junction City,GEARY,FHC EMERGENCY,Emergency Medicine,ED,66441,20061000800.0
12774,205 S Hanover St,HANOVER,WASHINGTON,HANOVER HOSPITAL,,,66945,20201978700.0
12775,1500 SW 10th Ave,TOPEKA,SHAWNEE,SV ADULT INTENSIVE CARE,Pulmonology,,66604,20177003603.0
12776,4019 SW 10th Ave,TOPEKA,SHAWNEE,OAK STREET HEALTH,*Unspecified,,66604,20177003603.0
12777,,,*Unspecified,*Unspecified,*Unspecified,*Unspecified,,
12778,,,*Unspecified,*Unspecified,*Unspecified,*Unspecified,,
12779,,,*Unspecified,*Unspecified,*Unspecified,*Unspecified,,
12780,,,*Unspecified,*Unspecified,*Unspecified,*Unspecified,,
12781,,,*Unspecified,*Unspecified,*Unspecified,*Unspecified,,
12782,,,*Unspecified,*Unspecified,*Unspecified,*Unspecified,,
12783,,,*Unspecified,*Unspecified,*Unspecified,*Unspecified,,
12784,,,*Unspecified,*Unspecified,*Unspecified,*Unspecified,,
12785,,,*Unspecified,*Unspecified,*Unspecified,*Unspecified,,
12786,,,*Unspecified,*Unspecified,*Unspecified,*Unspecified,,
12787,,,*Unspecified,*Unspecified,*Unspecified,*Unspecified,,
12788,,,*Unspecified,LEGAL COLLECTION,,,,
12789,"2835 SW Mission Woods Dr, Suite C",TOPEKA,SHAWNEE,ASCEND HEALTH & HOSPICE,,,66614,20177003603.0
12790,,,,,,,,
12791,1102 St Marys Rd,Junction City,GEARY,FHC EMERGENCY,Emergency Medicine,ED,66441,20061000800.0
12792,1112 SE Republican Ave,TOPEKA,SHAWNEE,PROVIDENCE LIVING CENTER,,,66607,20177003901.0
12793,,,*Unspecified,*Unspecified,*Unspecified,*Unspecified,,
12794,1414 SW 8th Ave,Topeka,*Unspecified,CC HEMATOLOGY ONCOLOGY,Hematology and Oncology,,66606,20177000500.0
12795,1414 SW 8th Ave,Topeka,*Unspecified,CC HEMATOLOGY ONCOLOGY,Hematology and Oncology,,66606,20177000500.0
12796,1417 SW Ash St,JUNCTION CITY,GEARY,TALLGRASS HEALTHCARE,,,66441,20061000800.0
12797,,,*Unspecified,,,,,
12798,2601 SW 3rd St Unit 1A,TOPEKA,SHAWNEE,,,,66606-2438,
12799,2601 SW 3rd St Unit 1A,TOPEKA,SHAWNEE,STORMONT VAIL OUTPATIENT BEHAVIORAL HEALTH CENTER,Psychiatry,,66606-2438,
12800,2601 SW 3rd St Unit 1A,TOPEKA,SHAWNEE,STORMONT VAIL OUTPATIENT BEHAVIORAL HEALTH CENTER LAB,Lab,,66606-2438,
12801,929 SW Mulvane,Topeka,SHAWNEE,SV HEART CENTER GENERAL VASCULAR ULTRASOUND,Radiology,HOD,66606,20177000500.0
12802,1500 SW 10th Ave,TOPEKA,SHAWNEE,BEHAVIORAL HEALTH IP CONSULT,Behavioral Health,,66604,20177003603.0
12803,1102 St Marys Rd,Junction City,GEARY,FHC SWING BED,*Unspecified,SNF/NF,66441,20061000800.0
12804,1102 St Marys Rd,Junction City,GEARY,FHC SWING BED,*Unspecified,SNF/NF,66441,20061000800.0
12805,1102 St Marys Rd,Junction City,GEARY,FHC SWING BED,*Unspecified,SNF/NF,66441,20061000800.0
12806,1102 St Marys Rd,Junction City,GEARY,FHC SWING BED,*Unspecified,SNF/NF,66441,20061000800.0
12807,1102 St Marys Rd,Junction City,GEARY,FHC SWING BED,*Unspecified,SNF/NF,66441,20061000800.0
12808,1102 St Marys Rd,Junction City,GEARY,FHC SWING BED,*Unspecified,SNF/NF,66441,20061000800.0
12809,1102 St Marys Rd,Junction City,GEARY,FHC SWING BED,*Unspecified,SNF/NF,66441,20061000800.0
12810,1102 St Marys Rd,Junction City,GEARY,FHC SWING BED,*Unspecified,SNF/NF,66441,20061000800.0
12811,1102 St Marys Rd,Junction City,GEARY,FHC SWING BED,*Unspecified,SNF/NF,66441,20061000800.0
12812,1102 St Marys Rd,Junction City,GEARY,FHC SWING BED,*Unspecified,SNF/NF,66441,20061000800.0
12813,1102 St Marys Rd,Junction City,GEARY,FHC SWING BED,*Unspecified,SNF/NF,66441,20061000800.0
12814,1102 St Marys Rd,Junction City,GEARY,FHC SWING BED,*Unspecified,SNF/NF,66441,20061000800.0
12815,1102 St Marys Rd,Junction City,GEARY,FHC SWING BED,*Unspecified,SNF/NF,66441,20061000800.0
12816,1102 St Marys Rd,Junction City,GEARY,FHC SWING BED,*Unspecified,SNF/NF,66441,20061000800.0
12817,1102 St Marys Rd,Junction City,GEARY,FHC PHARMACO THERAPY,Pharmacy,HOD,66441,20061000800.0
12818,1102 St Marys Rd,Junction City,GEARY,FHC SWING BED,*Unspecified,SNF/NF,66441,20061000800.0
12819,1102 St Marys Rd,Junction City,GEARY,FHC SWING BED,*Unspecified,SNF/NF,66441,20061000800.0
12820,1102 St Marys Rd,Junction City,GEARY,FHC SWING BED,*Unspecified,SNF/NF,66441,20061000800.0
12821,1102 St Marys Rd,Junction City,GEARY,FHC SWING BED,*Unspecified,SNF/NF,66441,20061000800.0
12822,1102 St Marys Rd,Junction City,GEARY,FHC SWING BED,*Unspecified,SNF/NF,66441,20061000800.0
12823,1102 St Marys Rd,Junction City,GEARY,FHC SWING BED,*Unspecified,SNF/NF,66441,20061000800.0
12824,1102 St Marys Rd,Junction City,GEARY,FHC SWING BED,*Unspecified,SNF/NF,66441,20061000800.0
12825,1102 St Marys Rd,Junction City,GEARY,FHC INFUSION CENTER,Infusion Therapy,HOD,66441,20061000800.0
12826,1102 St Marys Rd,Junction City,GEARY,FHC SWING BED,*Unspecified,SNF/NF,66441,20061000800.0
12827,1102 St Marys Rd,Junction City,GEARY,FHC SWING BED,*Unspecified,SNF/NF,66441,20061000800.0
12828,1102 St Marys Rd,Junction City,GEARY,FHC SWING BED,*Unspecified,SNF/NF,66441,20061000800.0
12829,,,*Unspecified,*Unspecified,*Unspecified,*Unspecified,,
12830,1102 St Marys Rd,Junction City,GEARY,FHC SWING BED,*Unspecified,SNF/NF,66441,20061000800.0
12831,1102 St Marys Rd,Junction City,GEARY,FHC SWING BED,*Unspecified,SNF/NF,66441,20061000800.0
12832,1102 St Marys Rd,Junction City,GEARY,FHC INFUSION CENTER,Infusion Therapy,HOD,66441,20061000800.0
12833,1102 St Marys Rd,Junction City,GEARY,FHC INFUSION CENTER,Infusion Therapy,HOD,66441,20061000800.0
12834,1102 St Marys Rd,Junction City,GEARY,FHC SWING BED,*Unspecified,SNF/NF,66441,20061000800.0
12835,1102 St Marys Rd,Junction City,GEARY,FHC SWING BED,*Unspecified,SNF/NF,66441,20061000800.0
12836,1102 St Marys Rd,Junction City,GEARY,FHC SWING BED,*Unspecified,SNF/NF,66441,20061000800.0
12837,1102 St Marys Rd,Junction City,GEARY,FHC SWING BED,*Unspecified,SNF/NF,66441,20061000800.0
12838,1102 St Marys Rd,Junction City,GEARY,FHC SWING BED,*Unspecified,SNF/NF,66441,20061000800.0
12839,1102 St Marys Rd,Junction City,GEARY,FHC SWING BED,*Unspecified,SNF/NF,66441,20061000800.0
12840,1102 St Marys Rd,Junction City,GEARY,FHC SWING BED,*Unspecified,SNF/NF,66441,20061000800.0
12841,1102 St Marys Rd,Junction City,GEARY,FHC SWING BED,*Unspecified,SNF/NF,66441,20061000800.0
12842,1102 St Marys Rd,Junction City,GEARY,FHC SWING BED,*Unspecified,SNF/NF,66441,20061000800.0
12843,1102 St Marys Rd,Junction City,GEARY,FHC SWING BED,*Unspecified,SNF/NF,66441,20061000800.0
12844,1102 St Marys Rd,Junction City,GEARY,FHC SWING BED,*Unspecified,SNF/NF,66441,20061000800.0
12845,1102 St Marys Rd,Junction City,GEARY,FHC INFUSION CENTER,Infusion Therapy,HOD,66441,20061000800.0
12846,1102 St Marys Rd,Junction City,GEARY,FHC INFUSION CENTER,Infusion Therapy,HOD,66441,20061000800.0
12847,1102 St Marys Rd,Junction City,GEARY,FHC SWING BED,*Unspecified,SNF/NF,66441,20061000800.0
12848,1102 St Marys Rd,Junction City,GEARY,FHC SWING BED,*Unspecified,SNF/NF,66441,20061000800.0
12849,1102 St Marys Rd,Junction City,GEARY,FHC SWING BED,*Unspecified,SNF/NF,66441,20061000800.0
12850,1102 St Marys Rd,Junction City,GEARY,FHC SWING BED,*Unspecified,SNF/NF,66441,20061000800.0
12851,1102 St Marys Rd,Junction City,GEARY,FHC SWING BED,*Unspecified,SNF/NF,66441,20061000800.0
12852,1102 St Marys Rd,Junction City,GEARY,FHC SWING BED,*Unspecified,SNF/NF,66441,20061000800.0
12853,1102 St Marys Rd,Junction City,GEARY,FHC SWING BED,*Unspecified,SNF/NF,66441,20061000800.0
12854,1102 St Marys Rd,Junction City,GEARY,FHC SWING BED,*Unspecified,SNF/NF,66441,20061000800.0
12855,1102 St Marys Rd,Junction City,GEARY,FHC SWING BED,*Unspecified,SNF/NF,66441,20061000800.0
12856,1102 St Marys Rd,Junction City,GEARY,FHC INFUSION CENTER,Infusion Therapy,HOD,66441,20061000800.0
12857,1102 St Marys Rd,Junction City,GEARY,FHC SWING BED,*Unspecified,SNF/NF,66441,20061000800.0
12858,1102 St Marys Rd,Junction City,GEARY,FHC SWING BED,*Unspecified,SNF/NF,66441,20061000800.0
12859,1102 St Marys Rd,Junction City,GEARY,FHC SWING BED,*Unspecified,SNF/NF,66441,20061000800.0
12860,1102 St Marys Rd,Junction City,GEARY,FHC SWING BED,*Unspecified,SNF/NF,66441,20061000800.0
12861,1102 St Marys Rd,Junction City,GEARY,FHC SWING BED,*Unspecified,SNF/NF,66441,20061000800.0
12862,1102 St Marys Rd,Junction City,GEARY,FHC SWING BED,*Unspecified,SNF/NF,66441,20061000800.0
12863,1102 St Marys Rd,Junction City,GEARY,FHC SWING BED,*Unspecified,SNF/NF,66441,20061000800.0
12864,,,*Unspecified,*Unspecified,*Unspecified,*Unspecified,,
12865,,,*Unspecified,*Unspecified,*Unspecified,*Unspecified,,
12866,,,*Unspecified,*Unspecified,*Unspecified,*Unspecified,,
12867,,,*Unspecified,*Unspecified,*Unspecified,*Unspecified,,
12868,,,*Unspecified,*Unspecified,*Unspecified,*Unspecified,,
12869,,,*Unspecified,*Unspecified,*Unspecified,*Unspecified,,
12870,,,*Unspecified,*Unspecified,*Unspecified,*Unspecified,,
12871,,,*Unspecified,*Unspecified,*Unspecified,*Unspecified,,
12872,,,*Unspecified,*Unspecified,*Unspecified,*Unspecified,,
12873,,,*Unspecified,*Unspecified,*Unspecified,*Unspecified,,
12874,,,*Unspecified,*Unspecified,*Unspecified,*Unspecified,,
12875,,,*Unspecified,*Unspecified,*Unspecified,*Unspecified,,
12876,1500 SW 10th AVE,Topeka,*Unspecified,*Unspecified,*Unspecified,*Unspecified,66604-1301,
12877,1500 SW 10th AVE,Topeka,*Unspecified,SPINE CENTER,*Unspecified,,66604-1301,
12878,400 SW Oakley Ave,TOPEKA,SHAWNEE,CENTER FOR CRISIS & HEALING,,,66606,20177000500.0
12879,1500 SW 10th AVE,Topeka,*Unspecified,JOINT CENTER,*Unspecified,,66604-1301,
12880,1500 SW 10th AVE,Topeka,*Unspecified,TRANSITIONAL CARE UNIT,*Unspecified,,66604-1301,
12881,,,*Unspecified,6 SOUTH MED SURG,*Unspecified,,,
12882,1500 SW 10th AVE,Topeka,*Unspecified,4 PAVILION,Hematology and Oncology,,66604-1301,
12883,,,*Unspecified,5 NORTH,*Unspecified,,,
12884,1500 SW 10th AVE,Topeka,*Unspecified,7 NORTH,*Unspecified,,66604-1301,
12885,1500 SW 10th AVE,Topeka,*Unspecified,POST-SURGICAL-7 SOUTH,*Unspecified,,66604-1301,
12886,1500 SW 10th AVE,Topeka,*Unspecified,6 NORTH,*Unspecified,,66604-1301,
12887,929 SW Mulvane St,TOPEKA,SHAWNEE,HEART CENTER BEHAVIORAL HEALTH,Psychiatry,,66606,20177000500.0
12888,1500 SW 10th AVE,Topeka,*Unspecified,INTERMEDIATE CARE,*Unspecified,,66604-1301,
12889,1500 SW 10th AVE,Topeka,*Unspecified,2 SOUTH SV,*Unspecified,,66604-1301,
12890,1500 SW 10th AVE,Topeka,*Unspecified,CRITICAL CARE-PAVILION,Critical Care Medicine,ICU,66604-1301,
12891,,,*Unspecified,*Unspecified,*Unspecified,*Unspecified,,
12892,,,*Unspecified,*Unspecified,*Unspecified,*Unspecified,,
12893,,,*Unspecified,*Unspecified,*Unspecified,*Unspecified,,
12894,,,*Unspecified,*Unspecified,*Unspecified,*Unspecified,,
12895,,,*Unspecified,*Unspecified,*Unspecified,*Unspecified,,
12896,,,*Unspecified,*Unspecified,*Unspecified,*Unspecified,,
12897,,,*Unspecified,*Unspecified,*Unspecified,*Unspecified,,
12898,,,*Unspecified,*Unspecified,*Unspecified,*Unspecified,,
12899,,,*Unspecified,*Unspecified,*Unspecified,*Unspecified,,
12900,,,*Unspecified,*Unspecified,*Unspecified,*Unspecified,,
12901,,,*Unspecified,*Unspecified,*Unspecified,*Unspecified,,
12902,,,*Unspecified,*Unspecified,*Unspecified,*Unspecified,,
12903,,,*Unspecified,*Unspecified,*Unspecified,*Unspecified,,
12904,,,*Unspecified,*Unspecified,*Unspecified,*Unspecified,,
12905,515 Rockledge Rd,LAWRENCE,DOUGLAS,LAWRENCE BIRTH & WELLNESS,,,66049,20045000702.0
12906,1102 St Marys Rd,Junction City,GEARY,FHC EMERGENCY,Emergency Medicine,ED,66441,20061000800.0
12907,1102 St Marys Rd,Junction City,GEARY,FHC EMERGENCY,Emergency Medicine,ED,66441,20061000800.0
12908,909 SW Mulvane St,TOPEKA,SHAWNEE,STORMONT VAIL ALLERGY CLINIC,Allergy,,66606,20177000500.0
12909,1414 SW 8th Ave,Topeka,*Unspecified,CC HEMATOLOGY ONCOLOGY,Hematology and Oncology,,66606,20177000500.0
12910,,,*Unspecified,*Unspecified,*Unspecified,*Unspecified,,
12911,1500 SW 10th Ave,Topeka,SHAWNEE,SV PHARMACOTHERAPY,Pharmacy,HOD,66606,20177000500.0
12912,330 SW Oakley,TOPEKA,SHAWNEE,ASTRA MENTAL HEALTH & RECOVERY,,,66606,20177000500.0
